time,position 0,position 1,position 2
1.0,"(639.0277350098113, 765.9583974852831)","(247.02287535216809, 719.9555397001451)","(334.96283529268766, 265.96655176341886)"
2.0,"(639.0554700196226, 765.9167949705661)","(247.07686254984392, 719.950220849792)","(334.96328162526265, 265.9001579705578)"
3.0,"(639.1109400392451, 765.8335899411323)","(247.16194582773494, 719.9840559749108)","(335.001346772983, 265.800827499858)"
4.0,"(639.2125099795579, 765.7697445943494)","(247.27810939940798, 720.0570576078957)","(335.07703851438504, 265.66856923773634)"
5.0,"(639.3601761027846, 765.7252678283295)","(247.42533744350143, 720.1692382984654)","(335.19036463490994, 265.50339208274096)"
6.0,"(639.5539346678672, 765.7001685441832)","(247.6036140898023, 720.3206106246347)","(335.34133293054606, 265.3053049497313)"
7.0,"(639.7937819297942, 765.6944556476112)","(247.79208542538422, 720.4848621258881)","(335.4930250475443, 265.1065852938323)"
8.0,"(640.043777772373, 765.6930138801778)","(247.98055676096612, 720.6491136271414)","(335.6447171645425, 264.90786563793336)"
9.0,"(640.2937736149518, 765.6915721127443)","(248.16902809654803, 720.8133651283948)","(335.7964092815407, 264.7091459820344)"
10.0,"(640.5437694575305, 765.6901303453109)","(248.35749943212994, 720.9776166296482)","(335.94810139853894, 264.5104263261354)"
11.0,"(640.7937653001093, 765.6886885778774)","(248.54597076771185, 721.1418681309016)","(336.09979351553716, 264.31170667023645)"
12.0,"(641.043761142688, 765.687246810444)","(248.73444210329376, 721.306119632155)","(336.2514856325354, 264.1129870143375)"
13.0,"(641.2937569852668, 765.6858050430105)","(248.92291343887567, 721.4703711334083)","(336.4031777495336, 263.9142673584385)"
14.0,"(641.5437528278455, 765.6843632755771)","(249.11138477445758, 721.6346226346617)","(336.5548698665318, 263.71554770253954)"
15.0,"(641.7937486704243, 765.6829215081436)","(249.29985611003949, 721.7988741359151)","(336.70656198353004, 263.51682804664057)"
16.0,"(642.043744513003, 765.6814797407102)","(249.4883274456214, 721.9631256371684)","(336.85825410052826, 263.3181083907416)"
17.0,"(642.2937403555818, 765.6800379732767)","(249.6767987812033, 722.1273771384218)","(337.0099462175265, 263.11938873484263)"
18.0,"(642.5437361981606, 765.6785962058433)","(249.8652701167852, 722.2916286396752)","(337.1616383345247, 262.92066907894366)"
19.0,"(642.7937320407393, 765.6771544384098)","(250.05374145236712, 722.4558801409286)","(337.3133304515229, 262.7219494230447)"
20.0,"(643.0437278833181, 765.6757126709764)","(250.24221278794903, 722.620131642182)","(337.46502256852114, 262.5232297671457)"
21.0,"(643.2937237258968, 765.674270903543)","(250.43068412353094, 722.7843831434353)","(337.61671468551936, 262.32451011124675)"
22.0,"(643.5437195684756, 765.6728291361095)","(250.61915545911285, 722.9486346446887)","(337.7684068025176, 262.1257904553478)"
23.0,"(643.7937154110543, 765.671387368676)","(250.80762679469476, 723.1128861459421)","(337.9200989195158, 261.9270707994488)"
24.0,"(644.0437112536331, 765.6699456012426)","(250.99609813027666, 723.2771376471954)","(338.071791036514, 261.72835114354984)"
25.0,"(644.2937070962118, 765.6685038338092)","(251.18456946585857, 723.4413891484488)","(338.22348315351223, 261.5296314876509)"
26.0,"(644.5437029387906, 765.6670620663757)","(251.37304080144048, 723.6056406497022)","(338.37517527051045, 261.3309118317519)"
27.0,"(644.7936987813694, 765.6656202989423)","(251.5615121370224, 723.7698921509556)","(338.5268673875087, 261.13219217585294)"
28.0,"(645.0436946239481, 765.6641785315088)","(251.7499834726043, 723.934143652209)","(338.6785595045069, 260.93347251995397)"
29.0,"(645.2936904665269, 765.6627367640754)","(251.9384548081862, 724.0983951534623)","(338.8302516215051, 260.734752864055)"
30.0,"(645.5436863091056, 765.6612949966419)","(252.12692614376812, 724.2626466547157)","(338.98194373850333, 260.536033208156)"
31.0,"(645.7936821516844, 765.6598532292085)","(252.31539747935003, 724.4268981559691)","(339.13363585550155, 260.33731355225706)"
32.0,"(646.0436779942631, 765.658411461775)","(252.50386881493193, 724.5911496572224)","(339.2853279724998, 260.1385938963581)"
33.0,"(646.2936738368419, 765.6569696943416)","(252.69234015051384, 724.7554011584758)","(339.437020089498, 259.9398742404591)"
34.0,"(646.5436696794206, 765.6555279269081)","(252.88081148609575, 724.9196526597292)","(339.5887122064962, 259.74115458456015)"
35.0,"(646.7936655219994, 765.6540861594747)","(253.06928282167766, 725.0839041609826)","(339.74040432349443, 259.5424349286612)"
36.0,"(647.0436613645782, 765.6526443920412)","(253.25775415725957, 725.248155662236)","(339.89209644049265, 259.3437152727622)"
37.0,"(647.2936572071569, 765.6512026246078)","(253.44622549284148, 725.4124071634893)","(340.04378855749087, 259.14499561686324)"
38.0,"(647.5436530497357, 765.6497608571743)","(253.6346968284234, 725.5766586647427)","(340.1954806744891, 258.9462759609643)"
39.0,"(647.7936488923144, 765.6483190897409)","(253.8231681640053, 725.7409101659961)","(340.3471727914873, 258.7475563050653)"
40.0,"(648.0436447348932, 765.6468773223074)","(254.0116394995872, 725.9051616672494)","(340.49886490848553, 258.54883664916633)"
41.0,"(648.2936405774719, 765.645435554874)","(254.2001108351691, 726.0694131685028)","(340.65055702548375, 258.35011699326736)"
42.0,"(648.5436364200507, 765.6439937874405)","(254.38858217075102, 726.2336646697562)","(340.80224914248197, 258.1513973373684)"
43.0,"(648.7936322626294, 765.6425520200071)","(254.57705350633293, 726.3979161710096)","(340.9539412594802, 257.9526776814694)"
44.0,"(649.0436281052082, 765.6411102525736)","(254.76552484191484, 726.562167672263)","(341.1056333764784, 257.75395802557045)"
45.0,"(649.293623947787, 765.6396684851402)","(254.95399617749675, 726.7264191735163)","(341.2573254934766, 257.5552383696715)"
46.0,"(649.5436197903657, 765.6382267177067)","(255.14246751307866, 726.8906706747697)","(341.40901761047485, 257.3565187137725)"
47.0,"(649.7936156329445, 765.6367849502733)","(255.33093884866057, 727.0549221760231)","(341.56070972747307, 257.15779905787355)"
48.0,"(650.0436114755232, 765.6353431828398)","(255.51941018424247, 727.2191736772764)","(341.7124018444713, 256.9590794019746)"
49.0,"(650.293607318102, 765.6339014154064)","(255.70788151982438, 727.3834251785298)","(341.8640939614695, 256.7603597460756)"
50.0,"(650.5436031606807, 765.632459647973)","(255.8963528554063, 727.5476766797832)","(342.0157860784677, 256.56164009017664)"
51.0,"(650.7935990032595, 765.6310178805395)","(256.0848241909882, 727.7119281810366)","(342.16747819546595, 256.36292043427767)"
52.0,"(651.0435948458382, 765.629576113106)","(256.27329552657005, 727.87617968229)","(342.31917031246417, 256.1642007783787)"
53.0,"(651.293590688417, 765.6281343456726)","(256.46176686215193, 728.0404311835433)","(342.4708624294624, 255.96548112247976)"
54.0,"(651.5435865309958, 765.6266925782392)","(256.6502381977338, 728.2046826847967)","(342.6225545464606, 255.76676146658082)"
55.0,"(651.7935823735745, 765.6252508108057)","(256.8387095333157, 728.3689341860501)","(342.7742466634588, 255.56804181068188)"
56.0,"(652.0435782161533, 765.6238090433723)","(257.0271808688976, 728.5331856873034)","(342.92593878045705, 255.36932215478294)"
57.0,"(652.293574058732, 765.6223672759388)","(257.21565220447945, 728.6974371885568)","(343.07763089745526, 255.170602498884)"
58.0,"(652.5435699013108, 765.6209255085054)","(257.40412354006133, 728.8616886898102)","(343.2293230144535, 254.97188284298505)"
59.0,"(652.7935657438895, 765.6194837410719)","(257.5925948756432, 729.0259401910636)","(343.3810151314517, 254.7731631870861)"
60.0,"(653.0435615864683, 765.6180419736385)","(257.7810662112251, 729.190191692317)","(343.5327072484499, 254.57444353118717)"
61.0,"(653.293557429047, 765.616600206205)","(257.969537546807, 729.3544431935703)","(343.68439936544814, 254.37572387528823)"
62.0,"(653.5435532716258, 765.6151584387716)","(258.15800888238886, 729.5186946948237)","(343.83609148244636, 254.1770042193893)"
63.0,"(653.7935491142046, 765.6137166713381)","(258.34648021797074, 729.6829461960771)","(343.9877835994446, 253.97828456349035)"
64.0,"(654.0435449567833, 765.6122749039047)","(258.5349515535526, 729.8471976973304)","(344.1394757164428, 253.7795649075914)"
65.0,"(654.2935407993621, 765.6108331364712)","(258.7234228891345, 730.0114491985838)","(344.291167833441, 253.58084525169247)"
66.0,"(654.5435366419408, 765.6093913690378)","(258.9118942247164, 730.1757006998372)","(344.44285995043924, 253.38212559579353)"
67.0,"(654.7935324845196, 765.6079496016043)","(259.10036556029826, 730.3399522010906)","(344.59455206743746, 253.18340593989458)"
68.0,"(655.0435283270983, 765.6065078341709)","(259.28883689588014, 730.504203702344)","(344.7462441844357, 252.98468628399564)"
69.0,"(655.2935241696771, 765.6050660667374)","(259.477308231462, 730.6684552035973)","(344.8979363014339, 252.7859666280967)"
70.0,"(655.5435200122558, 765.603624299304)","(259.6657795670439, 730.8327067048507)","(345.0496284184321, 252.58724697219776)"
71.0,"(655.7935158548346, 765.6021825318705)","(259.8542509026258, 730.9969582061041)","(345.20132053543034, 252.38852731629882)"
72.0,"(656.0435116974134, 765.6007407644371)","(260.04272223820766, 731.1612097073574)","(345.35301265242856, 252.18980766039988)"
73.0,"(656.2935075399921, 765.5992989970036)","(260.23119357378954, 731.3254612086108)","(345.5047047694268, 251.99108800450094)"
74.0,"(656.5435033825709, 765.5978572295702)","(260.4196649093714, 731.4897127098642)","(345.656396886425, 251.792368348602)"
75.0,"(656.7934992251496, 765.5964154621367)","(260.6081362449533, 731.6539642111176)","(345.8080890034232, 251.59364869270306)"
76.0,"(657.0434950677284, 765.5949736947033)","(260.7966075805352, 731.8182157123709)","(345.95978112042144, 251.39492903680411)"
77.0,"(657.2934909103071, 765.5935319272699)","(260.98507891611706, 731.9824672136243)","(346.11147323741966, 251.19620938090517)"
78.0,"(657.5434867528859, 765.5920901598364)","(261.17355025169894, 732.1467187148777)","(346.2631653544179, 250.99748972500623)"
79.0,"(657.7934825954646, 765.590648392403)","(261.3620215872808, 732.3109702161311)","(346.4148574714161, 250.7987700691073)"
80.0,"(658.0434784380434, 765.5892066249695)","(261.5504929228627, 732.4752217173844)","(346.5665495884143, 250.60005041320835)"
81.0,"(658.2934742806221, 765.5877648575361)","(261.7389642584446, 732.6394732186378)","(346.71824170541254, 250.4013307573094)"
82.0,"(658.5434701232009, 765.5863230901026)","(261.92743559402646, 732.8037247198912)","(346.86993382241076, 250.20261110141047)"
83.0,"(658.7934659657797, 765.5848813226692)","(262.11590692960834, 732.9679762211446)","(347.021625939409, 250.00389144551153)"
84.0,"(659.0434618083584, 765.5834395552357)","(262.3043782651902, 733.1322277223979)","(347.1733180564072, 249.8051717896126)"
85.0,"(659.2934576509372, 765.5819977878023)","(262.4928496007721, 733.2964792236513)","(347.3250101734054, 249.60645213371365)"
86.0,"(659.5434534935159, 765.5805560203688)","(262.681320936354, 733.4607307249047)","(347.47670229040364, 249.4077324778147)"
87.0,"(659.7934493360947, 765.5791142529354)","(262.86979227193586, 733.6249822261581)","(347.62839440740186, 249.20901282191576)"
88.0,"(660.0434451786734, 765.5776724855019)","(263.05826360751774, 733.7892337274114)","(347.7800865244001, 249.01029316601682)"
89.0,"(660.2934410212522, 765.5762307180685)","(263.2467349430996, 733.9534852286648)","(347.9317786413983, 248.81157351011788)"
90.0,"(660.543436863831, 765.574788950635)","(263.4352062786815, 734.1177367299182)","(348.0834707583965, 248.61285385421894)"
91.0,"(660.7934327064097, 765.5733471832016)","(263.62367761426344, 734.2819882311716)","(348.23516287539474, 248.41413419832)"
92.0,"(661.0434285489885, 765.5719054157681)","(263.8121489498454, 734.4462397324249)","(348.38685499239295, 248.21541454242106)"
93.0,"(661.2934243915672, 765.5704636483347)","(264.0006202854273, 734.6104912336783)","(348.5385471093912, 248.01669488652212)"
94.0,"(661.543420234146, 765.5690218809012)","(264.18909162100925, 734.7747427349317)","(348.6902392263894, 247.81797523062318)"
95.0,"(661.7934160767247, 765.5675801134678)","(264.3775629565912, 734.9389942361851)","(348.8419313433876, 247.61925557472424)"
96.0,"(662.0434119193035, 765.5661383460343)","(264.56603429217313, 735.1032457374384)","(348.99362346038583, 247.4205359188253)"
97.0,"(662.2934077618822, 765.5646965786009)","(264.75450562775507, 735.2674972386918)","(349.14531557738405, 247.22181626292635)"
98.0,"(662.543403604461, 765.5632548111674)","(264.942976963337, 735.4317487399452)","(349.2970076943823, 247.0230966070274)"
99.0,"(662.7933994470397, 765.561813043734)","(265.13144829891894, 735.5960002411986)","(349.4486998113805, 246.82437695112847)"
100.0,"(663.0433952896185, 765.5603712763005)","(265.3199196345009, 735.7602517424519)","(349.6003919283787, 246.62565729522953)"
101.0,"(663.2933911321973, 765.5589295088671)","(265.5083909700828, 735.9245032437053)","(349.75208404537693, 246.4269376393306)"
102.0,"(663.543386974776, 765.5574877414336)","(265.69686230566475, 736.0887547449587)","(349.90377616237515, 246.22821798343165)"
103.0,"(663.7933828173548, 765.5560459740002)","(265.8853336412467, 736.2530062462121)","(350.0554682793734, 246.0294983275327)"
104.0,"(664.0433786599335, 765.5546042065668)","(266.0738049768286, 736.4172577474654)","(350.2071603963716, 245.83077867163377)"
105.0,"(664.2933745025123, 765.5531624391333)","(266.26227631241056, 736.5815092487188)","(350.3588525133698, 245.63205901573482)"
106.0,"(664.543370345091, 765.5517206716999)","(266.4507476479925, 736.7457607499722)","(350.51054463036803, 245.43333935983588)"
107.0,"(664.7933661876698, 765.5502789042664)","(266.63921898357444, 736.9100122512256)","(350.66223674736625, 245.23461970393694)"
108.0,"(665.0433620302485, 765.548837136833)","(266.8276903191564, 737.0742637524789)","(350.81392886436447, 245.035900048038)"
109.0,"(665.2933578728273, 765.5473953693995)","(267.0161616547383, 737.2385152537323)","(350.9656209813627, 244.83718039213906)"
110.0,"(665.543353715406, 765.5459536019661)","(267.20463299032025, 737.4027667549857)","(351.1173130983609, 244.63846073624012)"
111.0,"(665.7933495579848, 765.5445118345326)","(267.3931043259022, 737.5670182562391)","(351.26900521535913, 244.43974108034118)"
112.0,"(666.0433454005636, 765.5430700670992)","(267.5815756614841, 737.7312697574924)","(351.42069733235735, 244.24102142444224)"
113.0,"(666.2933412431423, 765.5416282996657)","(267.77004699706606, 737.8955212587458)","(351.57238944935557, 244.0423017685433)"
114.0,"(666.5433370857211, 765.5401865322323)","(267.958518332648, 738.0597727599992)","(351.7240815663538, 243.84358211264436)"
115.0,"(666.7933329282998, 765.5387447647988)","(268.14698966822993, 738.2240242612526)","(351.875773683352, 243.64486245674541)"
116.0,"(667.0433287708786, 765.5373029973654)","(268.3354610038119, 738.3882757625059)","(352.0274658003502, 243.44614280084647)"
117.0,"(667.2933246134573, 765.5358612299319)","(268.5239323393938, 738.5525272637593)","(352.17915791734845, 243.24742314494753)"
118.0,"(667.5433204560361, 765.5344194624985)","(268.71240367497575, 738.7167787650127)","(352.33085003434667, 243.0487034890486)"
119.0,"(667.7933162986149, 765.532977695065)","(268.9008750105577, 738.8810302662661)","(352.4825421513449, 242.84998383314965)"
120.0,"(668.0433121411936, 765.5315359276316)","(269.0893463461396, 739.0452817675194)","(352.6342342683431, 242.6512641772507)"
121.0,"(668.2933079837724, 765.5300941601981)","(269.27781768172156, 739.2095332687728)","(352.7859263853413, 242.45254452135177)"
122.0,"(668.5433038263511, 765.5286523927647)","(269.4662890173035, 739.3737847700262)","(352.93761850233955, 242.25382486545283)"
123.0,"(668.7932996689299, 765.5272106253312)","(269.65476035288543, 739.5380362712796)","(353.08931061933777, 242.0551052095539)"
124.0,"(669.0432955115086, 765.5257688578978)","(269.84323168846737, 739.7022877725329)","(353.241002736336, 241.85638555365495)"
125.0,"(669.2932913540874, 765.5243270904643)","(270.0317030240493, 739.8665392737863)","(353.3926948533342, 241.657665897756)"
126.0,"(669.5432871966661, 765.5228853230309)","(270.22017435963124, 740.0307907750397)","(353.5443869703324, 241.45894624185706)"
127.0,"(669.7932830392449, 765.5214435555974)","(270.4086456952132, 740.1950422762931)","(353.69607908733065, 241.26022658595812)"
128.0,"(670.0432788818237, 765.520001788164)","(270.5971170307951, 740.3592937775464)","(353.84777120432886, 241.06150693005918)"
129.0,"(670.2932747244024, 765.5185600207305)","(270.78558836637706, 740.5235452787998)","(353.9994633213271, 240.8627872741602)"
130.0,"(670.5432705669812, 765.5171182532971)","(270.974059701959, 740.6877967800532)","(354.1511554383253, 240.66406761826127)"
131.0,"(670.7932664095599, 765.5156764858637)","(271.16253103754093, 740.8520482813066)","(354.3028475553235, 240.46534796236233)"
132.0,"(671.0432622521387, 765.5142347184302)","(271.35100237312287, 741.0162997825599)","(354.45453967232174, 240.26662830646336)"
133.0,"(671.2932580947174, 765.5127929509968)","(271.5394737087048, 741.1805512838133)","(354.60623178931996, 240.0679086505644)"
134.0,"(671.5432539372962, 765.5113511835633)","(271.72794504428674, 741.3448027850667)","(354.7579239063182, 239.86918899466545)"
135.0,"(671.7932497798749, 765.5099094161299)","(271.9164163798687, 741.5090542863201)","(354.9096160233164, 239.6704693387665)"
136.0,"(672.0432456224537, 765.5084676486964)","(272.1048877154506, 741.6733057875734)","(355.0613081403146, 239.47174968286754)"
137.0,"(672.2932414650325, 765.507025881263)","(272.29335905103255, 741.8375572888268)","(355.21300025731284, 239.27303002696857)"
138.0,"(672.5432373076112, 765.5055841138295)","(272.4818303866145, 742.0018087900802)","(355.36469237431106, 239.0743103710696)"
139.0,"(672.79323315019, 765.5041423463961)","(272.6703017221964, 742.1660602913336)","(355.5163844913093, 238.87559071517063)"
140.0,"(673.0432289927687, 765.5027005789626)","(272.85877305777836, 742.3303117925869)","(355.6680766083075, 238.67687105927166)"
141.0,"(673.2932248353475, 765.5012588115292)","(273.0472443933603, 742.4945632938403)","(355.8197687253057, 238.47815140337272)"
142.0,"(673.5432206779262, 765.4998170440957)","(273.23571572894224, 742.6588147950937)","(355.97146084230394, 238.27943174747378)"
143.0,"(673.793216520505, 765.4983752766623)","(273.4241870645242, 742.8230662963471)","(356.12315295930216, 238.0807120915748)"
144.0,"(674.0432123630837, 765.4969335092288)","(273.6126584001061, 742.9873177976004)","(356.2748450763004, 237.88199243567584)"
145.0,"(674.2932082056625, 765.4954917417954)","(273.80112973568805, 743.1515692988538)","(356.4265371932986, 237.6832727797769)"
146.0,"(674.5432040482413, 765.4940499743619)","(273.98960107127, 743.3158208001072)","(356.5782293102968, 237.48455312387796)"
147.0,"(674.79319989082, 765.4926082069285)","(274.1780724068519, 743.4800723013606)","(356.72992142729504, 237.285833467979)"
148.0,"(675.0431957333988, 765.491166439495)","(274.36654374243386, 743.6443238026139)","(356.88161354429326, 237.08711381208002)"
149.0,"(675.2931915759775, 765.4897246720616)","(274.5550150780158, 743.8085753038673)","(357.0333056612915, 236.88839415618105)"
150.0,"(675.5431874185563, 765.4882829046281)","(274.74348641359774, 743.9728268051207)","(357.1849977782897, 236.68967450028208)"
151.0,"(675.793183261135, 765.4868411371947)","(274.9319577491797, 744.1370783063741)","(357.3366898952879, 236.49095484438314)"
152.0,"(676.0431791037138, 765.4853993697612)","(275.1204290847616, 744.3013298076274)","(357.48838201228614, 236.2922351884842)"
153.0,"(676.2931749462925, 765.4839576023278)","(275.30890042034355, 744.4655813088808)","(357.64007412928436, 236.09351553258523)"
154.0,"(676.5431707888713, 765.4825158348943)","(275.4973717559255, 744.6298328101342)","(357.7917662462826, 235.89479587668626)"
155.0,"(676.79316663145, 765.4810740674609)","(275.6858430915074, 744.7940843113876)","(357.9434583632808, 235.6960762207873)"
156.0,"(677.0431624740288, 765.4796323000274)","(275.87431442708936, 744.9583358126409)","(358.095150480279, 235.49735656488835)"
157.0,"(677.2931583166076, 765.478190532594)","(276.0627857626713, 745.1225873138943)","(358.24684259727724, 235.2986369089894)"
158.0,"(677.5431541591863, 765.4767487651606)","(276.25125709825323, 745.2868388151477)","(358.39853471427546, 235.09991725309044)"
159.0,"(677.7931500017651, 765.4753069977271)","(276.43972843383517, 745.4510903164011)","(358.5502268312737, 234.90119759719147)"
160.0,"(678.0431458443438, 765.4738652302937)","(276.6281997694171, 745.6153418176544)","(358.7019189482719, 234.70247794129253)"
161.0,"(678.2931416869226, 765.4724234628602)","(276.81667110499905, 745.7795933189078)","(358.8536110652701, 234.5037582853936)"
162.0,"(678.5431375295013, 765.4709816954268)","(277.005142440581, 745.9438448201612)","(359.00530318226834, 234.30503862949462)"
163.0,"(678.7931333720801, 765.4695399279933)","(277.1936137761629, 746.1080963214146)","(359.15699529926655, 234.10631897359565)"
164.0,"(679.0431292146588, 765.4680981605599)","(277.38208511174486, 746.2723478226679)","(359.3086874162648, 233.9075993176967)"
165.0,"(679.2931250572376, 765.4666563931264)","(277.5705564473268, 746.4365993239213)","(359.460379533263, 233.70887966179777)"
166.0,"(679.5431208998164, 765.465214625693)","(277.75902778290873, 746.6008508251747)","(359.6120716502612, 233.5101600058988)"
167.0,"(679.7931167423951, 765.4637728582595)","(277.94749911849067, 746.7651023264281)","(359.76376376725943, 233.31144034999983)"
168.0,"(680.0431125849739, 765.4623310908261)","(278.1359704540726, 746.9293538276814)","(359.91545588425765, 233.11272069410086)"
169.0,"(680.2931084275526, 765.4608893233926)","(278.32444178965454, 747.0936053289348)","(360.0671480012559, 232.9140010382019)"
170.0,"(680.5431042701314, 765.4594475559592)","(278.5129131252365, 747.2578568301882)","(360.2188401182541, 232.71528138230292)"
171.0,"(680.7931001127101, 765.4580057885257)","(278.7013844608184, 747.4221083314416)","(360.3705322352523, 232.51656172640395)"
172.0,"(681.0430959552889, 765.4565640210923)","(278.88985579640035, 747.5863598326949)","(360.52222435225053, 232.31784207050498)"
173.0,"(681.2930917978676, 765.4551222536588)","(279.0783271319823, 747.7506113339483)","(360.67391646924875, 232.11912241460604)"
174.0,"(681.5430876404464, 765.4536804862254)","(279.26679846756423, 747.9148628352017)","(360.825608586247, 231.9204027587071)"
175.0,"(681.7930834830252, 765.4522387187919)","(279.45526980314617, 748.0791143364551)","(360.9773007032452, 231.72168310280813)"
176.0,"(682.0430793256039, 765.4507969513585)","(279.6437411387281, 748.2433658377084)","(361.1289928202434, 231.52296344690916)"
177.0,"(682.2930751681827, 765.449355183925)","(279.83221247431004, 748.4076173389618)","(361.28068493724163, 231.32424379101022)"
178.0,"(682.5430710107614, 765.4479134164916)","(280.020683809892, 748.5718688402152)","(361.43237705423985, 231.12552413511128)"
179.0,"(682.7930668533402, 765.4464716490581)","(280.2091551454739, 748.7361203414686)","(361.58406917123807, 230.9268044792123)"
180.0,"(683.0430626959189, 765.4450298816247)","(280.39762648105585, 748.9003718427219)","(361.7357612882363, 230.72808482331334)"
181.0,"(683.2930585384977, 765.4435881141912)","(280.5860978166378, 749.0646233439753)","(361.8874534052345, 230.5293651674144)"
182.0,"(683.5430543810764, 765.4421463467578)","(280.7745691522197, 749.2288748452287)","(362.03914552223273, 230.33064551151546)"
183.0,"(683.7930502236552, 765.4407045793243)","(280.96304048780166, 749.3931263464821)","(362.19083763923095, 230.1319258556165)"
184.0,"(684.043046066234, 765.4392628118909)","(281.1515118233836, 749.5573778477354)","(362.34252975622917, 229.93320619971752)"
185.0,"(684.2930419088127, 765.4378210444575)","(281.33998315896554, 749.7216293489888)","(362.4942218732274, 229.73448654381855)"
186.0,"(684.5430377513915, 765.436379277024)","(281.5284544945475, 749.8858808502422)","(362.6459139902256, 229.53576688791958)"
187.0,"(684.7930335939702, 765.4349375095906)","(281.7169258301294, 750.0501323514956)","(362.7976061072238, 229.3370472320206)"
188.0,"(685.043029436549, 765.4334957421571)","(281.90539716571135, 750.2143838527489)","(362.94929822422205, 229.13832757612167)"
189.0,"(685.2930252791277, 765.4320539747237)","(282.0938685012933, 750.3786353540023)","(363.10099034122027, 228.93960792022273)"
190.0,"(685.5430211217065, 765.4306122072902)","(282.2823398368752, 750.5428868552557)","(363.2526824582185, 228.74088826432376)"
191.0,"(685.7930169642852, 765.4291704398568)","(282.47081117245716, 750.7071383565091)","(363.4043745752167, 228.5421686084248)"
192.0,"(686.043012806864, 765.4277286724233)","(282.6592825080391, 750.8713898577624)","(363.5560666922149, 228.34344895252585)"
193.0,"(686.2930086494428, 765.4262869049899)","(282.84775384362104, 751.0356413590158)","(363.70775880921315, 228.1447292966269)"
194.0,"(686.5430044920215, 765.4248451375564)","(283.036225179203, 751.1998928602692)","(363.85945092621137, 227.94600964072794)"
195.0,"(686.7930003346003, 765.423403370123)","(283.2246965147849, 751.3641443615226)","(364.0111430432096, 227.74728998482897)"
196.0,"(687.042996177179, 765.4219616026895)","(283.41316785036685, 751.5283958627759)","(364.1628351602078, 227.54857032893003)"
197.0,"(687.2929920197578, 765.4205198352561)","(283.6016391859488, 751.6926473640293)","(364.314527277206, 227.34985067303109)"
198.0,"(687.5429878623365, 765.4190780678226)","(283.7901105215307, 751.8568988652827)","(364.46621939420424, 227.15113101713212)"
199.0,"(687.7929837049153, 765.4176363003892)","(283.97858185711266, 752.0211503665361)","(364.61791151120246, 226.95241136123315)"
200.0,"(688.042979547494, 765.4161945329557)","(284.1670531926946, 752.1854018677894)","(364.7696036282007, 226.7536917053342)"
201.0,"(688.2929753900728, 765.4147527655223)","(284.35552452827653, 752.3496533690428)","(364.9212957451989, 226.55497204943526)"
202.0,"(688.5429712326516, 765.4133109980888)","(284.54399586385847, 752.5139048702962)","(365.0729878621971, 226.3562523935363)"
203.0,"(688.7929670752303, 765.4118692306554)","(284.7324671994404, 752.6781563715496)","(365.22467997919534, 226.15753273763733)"
204.0,"(689.0429629178091, 765.4104274632219)","(284.92093853502234, 752.8424078728029)","(365.37637209619356, 225.95881308173836)"
205.0,"(689.2929587603878, 765.4089856957885)","(285.1094098706043, 753.0066593740563)","(365.5280642131918, 225.7600934258394)"
206.0,"(689.5429546029666, 765.407543928355)","(285.2978812061862, 753.1709108753097)","(365.67975633019, 225.56137376994042)"
207.0,"(689.7929504455453, 765.4061021609216)","(285.48635254176816, 753.3351623765631)","(365.8314484471882, 225.36265411404145)"
208.0,"(690.0429462881241, 765.4046603934881)","(285.6748238773501, 753.4994138778164)","(365.98314056418644, 225.16393445814248)"
209.0,"(690.2929421307028, 765.4032186260547)","(285.86329521293203, 753.6636653790698)","(366.13483268118466, 224.96521480224354)"
210.0,"(690.5429379732816, 765.4017768586212)","(286.05176654851397, 753.8279168803232)","(366.2865247981829, 224.7664951463446)"
211.0,"(690.7929338158604, 765.4003350911878)","(286.2402378840959, 753.9921683815766)","(366.4382169151811, 224.56777549044563)"
212.0,"(691.0429296584391, 765.3988933237544)","(286.42870921967784, 754.1564198828299)","(366.5899090321793, 224.36905583454666)"
213.0,"(691.2929255010179, 765.3974515563209)","(286.6171805552598, 754.3206713840833)","(366.74160114917754, 224.17033617864772)"
214.0,"(691.5429213435966, 765.3960097888875)","(286.8056518908417, 754.4849228853367)","(366.89329326617576, 223.97161652274877)"
215.0,"(691.7929171861754, 765.394568021454)","(286.99412322642365, 754.6491743865901)","(367.044985383174, 223.7728968668498)"
216.0,"(692.0429130287541, 765.3931262540206)","(287.1825945620056, 754.8134258878434)","(367.1966775001722, 223.57417721095084)"
217.0,"(692.2929088713329, 765.3916844865871)","(287.3710658975875, 754.9776773890968)","(367.3483696171704, 223.3754575550519)"
218.0,"(692.5429047139116, 765.3902427191537)","(287.55953723316946, 755.1419288903502)","(367.50006173416864, 223.17673789915295)"
219.0,"(692.7929005564904, 765.3888009517202)","(287.7480085687514, 755.3061803916036)","(367.65175385116686, 222.97801824325398)"
220.0,"(693.0428963990691, 765.3873591842868)","(287.93647990433334, 755.4704318928569)","(367.8034459681651, 222.77929858735502)"
221.0,"(693.2928922416479, 765.3859174168533)","(288.1249512399153, 755.6346833941103)","(367.9551380851633, 222.58057893145607)"
222.0,"(693.5428880842267, 765.3844756494199)","(288.3134225754972, 755.7989348953637)","(368.1068302021615, 222.38185927555713)"
223.0,"(693.7928839268054, 765.3830338819864)","(288.50189391107915, 755.9631863966171)","(368.25852231915974, 222.18313961965816)"
224.0,"(694.0428797693842, 765.381592114553)","(288.6903652466611, 756.1274378978704)","(368.41021443615796, 221.9844199637592)"
225.0,"(694.2928756119629, 765.3801503471195)","(288.878836582243, 756.2916893991238)","(368.5619065531562, 221.78570030786022)"
226.0,"(694.5428714545417, 765.3787085796861)","(289.06730791782496, 756.4559409003772)","(368.7135986701544, 221.58698065196126)"
227.0,"(694.7928672971204, 765.3772668122526)","(289.2557792534069, 756.6201924016306)","(368.8652907871526, 221.3882609960623)"
228.0,"(695.0428631396992, 765.3758250448192)","(289.44425058898884, 756.7844439028839)","(369.01698290415084, 221.18954134016334)"
229.0,"(695.292858982278, 765.3743832773857)","(289.6327219245708, 756.9486954041372)","(369.16867502114906, 220.9908216842644)"
230.0,"(695.5428548248567, 765.3729415099523)","(289.8211932601527, 757.1129469053906)","(369.3203671381473, 220.79210202836543)"
231.0,"(695.7928506674355, 765.3714997425188)","(290.00966459573465, 757.277198406644)","(369.4720592551455, 220.59338237246646)"
232.0,"(696.0428465100142, 765.3700579750854)","(290.1981359313166, 757.4414499078972)","(369.6237513721437, 220.39466271656752)"
233.0,"(696.292842352593, 765.3686162076519)","(290.3866072668985, 757.6057014091506)","(369.77544348914194, 220.19594306066858)"
234.0,"(696.5428381951717, 765.3671744402185)","(290.57507860248046, 757.769952910404)","(369.92713560614015, 219.9972234047696)"
235.0,"(696.7928340377505, 765.365732672785)","(290.7635499380624, 757.9342044116572)","(370.0788277231384, 219.79850374887064)"
236.0,"(697.0428298803292, 765.3642909053516)","(290.95202127364433, 758.0984559129106)","(370.2305198401366, 219.59978409297167)"
237.0,"(697.292825722908, 765.3628491379181)","(291.14049260922627, 758.262707414164)","(370.3822119571348, 219.4010644370727)"
238.0,"(697.5428215654867, 765.3614073704847)","(291.3289639448082, 758.4269589154172)","(370.53390407413303, 219.20234478117376)"
239.0,"(697.7928174080655, 765.3599656030513)","(291.51743528039015, 758.5912104166706)","(370.68559619113125, 219.00362512527482)"
240.0,"(698.0428132506443, 765.3585238356178)","(291.7059066159721, 758.755461917924)","(370.8372883081295, 218.80490546937585)"
241.0,"(698.292809093223, 765.3570820681844)","(291.894377951554, 758.9197134191772)","(370.9889804251277, 218.60618581347688)"
242.0,"(698.5428049358018, 765.3556403007509)","(292.08284928713596, 759.0839649204306)","(371.1406725421259, 218.40746615757791)"
243.0,"(698.7928007783805, 765.3541985333175)","(292.2713206227179, 759.248216421684)","(371.29236465912413, 218.20874650167897)"
244.0,"(699.0427966209593, 765.352756765884)","(292.45979195829983, 759.4124679229373)","(371.44405677612235, 218.01002684578003)"
245.0,"(699.292792463538, 765.3513149984506)","(292.64826329388177, 759.5767194241906)","(371.5957488931206, 217.81130718988106)"
246.0,"(699.5427883061168, 765.3498732310171)","(292.8367346294637, 759.740970925444)","(371.7474410101188, 217.6125875339821)"
247.0,"(699.7927841486955, 765.3484314635837)","(293.02520596504564, 759.9052224266973)","(371.899133127117, 217.41386787808315)"
248.0,"(700.0427799912743, 765.3469896961502)","(293.2136773006276, 760.0694739279506)","(372.05082524411523, 217.2151482221842)"
249.0,"(700.292775833853, 765.3455479287168)","(293.4021486362095, 760.233725429204)","(372.20251736111345, 217.01642856628524)"
250.0,"(700.5427716764318, 765.3441061612833)","(293.5901378930285, 760.397556802058)","(372.35420947811167, 216.81770891038627)"
251.0,"(700.7927675190106, 765.3426643938499)","(293.77718720356336, 760.5605690180478)","(372.5059015951099, 216.61898925448733)"
252.0,"(701.0427633615893, 765.3412226264164)","(293.96330126754555, 760.7227661729576)","(372.6575937121081, 216.4202695985884)"
253.0,"(701.2927592041681, 765.339780858983)","(294.14848476120784, 760.8841523420928)","(372.80928582910633, 216.22154994268942)"
254.0,"(701.5427550467468, 765.3383390915495)","(294.3327423374018, 761.0447315803823)","(372.96097794610455, 216.02283028679045)"
255.0,"(701.7927508893256, 765.3368973241161)","(294.5160786257148, 761.2045079224804)","(373.11267006310277, 215.82411063089148)"
256.0,"(702.0427467319043, 765.3354555566826)","(294.6984982325862, 761.363485382868)","(373.264362180101, 215.6253909749925)"
257.0,"(702.2927425744831, 765.3340137892492)","(294.88000574142325, 761.5216679559537)","(373.4160542970992, 215.42667131909354)"
258.0,"(702.5427384170619, 765.3325720218157)","(295.06060571271615, 761.679059616174)","(373.5677464140974, 215.22795166319457)"
259.0,"(702.7927342596406, 765.3311302543823)","(295.2403026841526, 761.8356643180931)","(373.71943853109565, 215.0292320072956)"
260.0,"(703.0427301022194, 765.3296884869488)","(295.41910117073184, 761.9914859965027)","(373.87113064809387, 214.83051235139666)"
261.0,"(703.2927259447981, 765.3282467195154)","(295.59700566487817, 762.1465285665201)","(374.0228227650921, 214.63179269549772)"
262.0,"(703.5427217873769, 765.3268049520819)","(295.77402063655376, 762.3007959236876)","(374.1745148820903, 214.43307303959875)"
263.0,"(703.7927176299556, 765.3253631846485)","(295.950150533371, 762.4542919440692)","(374.3262069990885, 214.23435338369978)"
264.0,"(704.0427134725344, 765.323921417215)","(296.1253997807042, 762.6070204843488)","(374.47789911608675, 214.03563372780084)"
265.0,"(704.2927093151131, 765.3224796497816)","(296.29977278180064, 762.7589853819271)","(374.62959123308497, 213.8369140719019)"
266.0,"(704.5427051576919, 765.3210378823482)","(296.4732739178916, 762.9101904550175)","(374.7812833500832, 213.63819441600293)"
267.0,"(704.7927010002707, 765.3195961149147)","(296.64590754830215, 763.0606395027424)","(374.9329754670814, 213.43947476010396)"
268.0,"(705.0426968428494, 765.3181543474813)","(296.81767801056066, 763.2103363052287)","(375.0846675840796, 213.24075510420502)"
269.0,"(705.2926926854282, 765.3167125800478)","(296.98858962050787, 763.3592846237026)","(375.23635970107784, 213.04203544830608)"
270.0,"(705.5426885280069, 765.3152708126144)","(297.1586466724053, 763.5074882005841)","(375.38805181807606, 212.8433157924071)"
271.0,"(705.7926843705857, 765.3138290451809)","(297.3278534390433, 763.6549507595812)","(375.5397439350743, 212.64459613650814)"
272.0,"(706.0426802131644, 765.3123872777475)","(297.49621417184807, 763.8016760057833)","(375.6914360520725, 212.4458764806092)"
273.0,"(706.2926760557432, 765.310945510314)","(297.66373310098885, 763.9476676257543)","(375.8431281690707, 212.24715682471026)"
274.0,"(706.5426718983219, 765.3095037428806)","(297.83041443548393, 764.0929292876256)","(375.99482028606894, 212.0484371688113)"
275.0,"(706.7926677409007, 765.3080619754471)","(297.9962623633065, 764.2374646411874)","(376.14651240306716, 211.84971751291232)"
276.0,"(707.0426635834795, 765.3066202080137)","(298.16128105149, 764.3812773179815)","(376.2982045200654, 211.65099785701335)"
277.0,"(707.2926594260582, 765.3051784405802)","(298.3254746462325, 764.5243709313916)","(376.4498966370636, 211.45227820111438)"
278.0,"(707.542655268637, 765.3037366731468)","(298.48884727300134, 764.6667490767346)","(376.6015887540618, 211.2535585452154)"
279.0,"(707.7926511112157, 765.3022949057133)","(298.65140303663634, 764.808415331351)","(376.75328087106004, 211.05483888931647)"
280.0,"(708.0426469537945, 765.3008531382799)","(298.8131460214532, 764.9493732546941)","(376.90497298805826, 210.85611923341753)"
281.0,"(708.2926427963732, 765.2994113708464)","(298.9740802913459, 765.0896263884207)","(377.0566651050565, 210.65739957751856)"
282.0,"(708.542638638952, 765.297969603413)","(299.1342098898892, 765.2291782564786)","(377.2083572220547, 210.4586799216196)"
283.0,"(708.7926344815307, 765.2965278359795)","(299.29353884043974, 765.3680323651962)","(377.3600493390529, 210.25996026572062)"
284.0,"(709.0426303241095, 765.2950860685461)","(299.45207114623753, 765.5061922033702)","(377.51174145605114, 210.06124060982165)"
285.0,"(709.2926261666883, 765.2936443011126)","(299.60981079050634, 765.6436612423533)","(377.66343357304936, 209.8625209539227)"
286.0,"(709.542622009267, 765.2922025336792)","(299.7667617365538, 765.7804429361415)","(377.8151256900476, 209.66380129802377)"
287.0,"(709.7926178518458, 765.2907607662457)","(299.92292792787106, 765.9165407214608)","(377.9668178070458, 209.4650816421248)"
288.0,"(710.0426136944245, 765.2893189988123)","(300.0783132882317, 766.0519580178535)","(378.118509924044, 209.26636198622583)"
289.0,"(710.2926095370033, 765.2878772313788)","(300.23292172179055, 766.1866982277643)","(378.27020204104224, 209.06764233032686)"
290.0,"(710.542605379582, 765.2864354639454)","(300.3867571131816, 766.3207647366255)","(378.42189415804046, 208.8689226744279)"
291.0,"(710.7926012221608, 765.284993696512)","(300.5398233276157, 766.4541609129424)","(378.5735862750387, 208.67020301852895)"
292.0,"(711.0425970647395, 765.2835519290785)","(300.6921242109776, 766.5868901083777)","(378.7252783920369, 208.47148336263)"
293.0,"(711.2925929073183, 765.282110161645)","(300.84366358992276, 766.7189556578359)","(378.8769705090351, 208.27276370673104)"
294.0,"(711.542588749897, 765.2806683942116)","(300.9944452719731, 766.8503608795467)","(379.02866262603334, 208.07404405083207)"
295.0,"(711.7925845924758, 765.2792266267782)","(301.14447304561327, 766.9811090751489)","(379.18035474303156, 207.8753243949331)"
296.0,"(712.0425804350546, 765.2777848593447)","(301.2937506803852, 767.1112035297731)","(379.3320468600298, 207.67660473903416)"
297.0,"(712.2925762776333, 765.2763430919113)","(301.44228192698324, 767.2406475121243)","(379.483738977028, 207.47788508313522)"
298.0,"(712.5425721202121, 765.2749013244778)","(301.59007051734835, 767.3694442745636)","(379.6354310940262, 207.27916542723625)"
299.0,"(712.7925679627908, 765.2734595570444)","(301.7371201647616, 767.4975970531908)","(379.78712321102444, 207.08044577133728)"
300.0,"(713.0425638053696, 765.2720177896109)","(301.88343456393784, 767.6251090679249)","(379.93881532802266, 206.88172611543834)"
301.0,"(713.2925596479483, 765.2705760221775)","(302.02901739111815, 767.7519835225853)","(380.0905074450209, 206.6830064595394)"
302.0,"(713.5425554905271, 765.269134254744)","(302.17387230416256, 767.8782236049724)","(380.2421995620191, 206.48428680364043)"
303.0,"(713.7925513331058, 765.2676924873106)","(302.3180029426417, 768.0038324869475)","(380.3938916790173, 206.28556714774146)"
304.0,"(714.0425471756846, 765.2662507198771)","(302.4614129279285, 768.1288133245129)","(380.54558379601553, 206.0868474918425)"
305.0,"(714.2925430182634, 765.2648089524437)","(302.60410586328885, 768.2531692578902)","(380.69727591301375, 205.88812783594352)"
306.0,"(714.5425388608421, 765.2633671850102)","(302.7460853339724, 768.3769034116008)","(380.848968030012, 205.68940818004455)"
307.0,"(714.7925347034209, 765.2619254175768)","(302.88735490730255, 768.5000188945428)","(381.0006601470102, 205.4906885241456)"
308.0,"(715.0425305459996, 765.2604836501433)","(303.02791813276605, 768.6225188000701)","(381.1523522640084, 205.29196886824667)"
309.0,"(715.2925263885784, 765.2590418827099)","(303.1677785421022, 768.7444062060698)","(381.30404438100663, 205.0932492123477)"
310.0,"(715.5425222311571, 765.2576001152764)","(303.3069396493917, 768.8656841750395)","(381.45573649800485, 204.89452955644873)"
311.0,"(715.7925180737359, 765.256158347843)","(303.4454049511448, 768.9863557541643)","(381.6074286150031, 204.6958099005498)"
312.0,"(716.0425139163146, 765.2547165804095)","(303.58317792638906, 769.1064239753935)","(381.7591207320013, 204.49709024465085)"
313.0,"(716.2925097588934, 765.2532748129761)","(303.7202620367571, 769.2258918555165)","(381.9108128489995, 204.29837058875188)"
314.0,"(716.5425056014722, 765.2518330455426)","(303.8566607265733, 769.3447623962389)","(382.06250496599773, 204.0996509328529)"
315.0,"(716.7925014440509, 765.2503912781092)","(303.9923774229404, 769.4630385842578)","(382.21419708299595, 203.90093127695397)"
316.0,"(717.0424972866297, 765.2489495106757)","(304.1274155358257, 769.5807233913365)","(382.36588919999417, 203.70221162105503)"
317.0,"(717.2924931292084, 765.2475077432423)","(304.2617784581466, 769.6978197743798)","(382.5175813169924, 203.50349196515606)"
318.0,"(717.5424889717872, 765.2460659758088)","(304.3954695658558, 769.8143306755079)","(382.6692734339906, 203.3047723092571)"
319.0,"(717.7924848143659, 765.2446242083754)","(304.52849221802654, 769.9302590221304)","(382.82096555098883, 203.10605265335812)"
320.0,"(718.0424806569447, 765.243182440942)","(304.6608497569364, 770.0456077270197)","(382.97265766798705, 202.90733299745915)"
321.0,"(718.2924764995234, 765.2417406735085)","(304.7925455081517, 770.1603796883846)","(383.12434978498527, 202.70861334156018)"
322.0,"(718.5424723421022, 765.240298906075)","(304.92358278061096, 770.2745777899427)","(383.2760419019835, 202.50989368566124)"
323.0,"(718.792468184681, 765.2388571386416)","(305.05396486670793, 770.388204900993)","(383.4277340189817, 202.3111740297623)"
324.0,"(719.0424640272597, 765.2374153712082)","(305.1836950423744, 770.501263876488)","(383.57942613597993, 202.11245437386333)"
325.0,"(719.2924598698385, 765.2359736037747)","(305.31277656716253, 770.6137575571056)","(383.73111825297815, 201.91373471796436)"
326.0,"(719.5424557124172, 765.2345318363413)","(305.44121268432673, 770.7256887693201)","(383.88281036997637, 201.71501506206542)"
327.0,"(719.792451554996, 765.2330900689078)","(305.5690066209051, 770.8370603254734)","(384.0345024869746, 201.51629540616648)"
328.0,"(720.0424473975747, 765.2316483014744)","(305.6961615878006, 770.9478750238461)","(384.1861946039728, 201.3175757502675)"
329.0,"(720.2924432401535, 765.2302065340409)","(305.82268077986157, 771.0581356487269)","(384.337886720971, 201.11885609436854)"
330.0,"(720.5424390827322, 765.2287647666075)","(305.9485673759623, 771.1678449704832)","(384.48957883796925, 200.9201364384696)"
331.0,"(720.792434925311, 765.227322999174)","(306.07382453908247, 771.2770057456307)","(384.64127095496747, 200.72141678257066)"
332.0,"(721.0424307678898, 765.2258812317406)","(306.19845541638705, 771.3856207169026)","(384.7929630719657, 200.5226971266717)"
333.0,"(721.2924266104685, 765.2244394643071)","(306.3224631393051, 771.4936926133181)","(384.9446551889639, 200.32397747077272)"
334.0,"(721.5424224530473, 765.2229976968737)","(306.44585082360857, 771.6012241502515)","(385.0963473059621, 200.12525781487375)"
335.0,"(721.792418295626, 765.2215559294402)","(306.5686215694905, 771.7082180295002)","(385.24803942296035, 199.92653815897478)"
336.0,"(722.0424141382048, 765.2201141620068)","(306.69077846164305, 771.8146769393527)","(385.39973153995857, 199.7278185030758)"
337.0,"(722.2924099807835, 765.2186723945733)","(306.8123245693348, 771.9206035546559)","(385.5514236569568, 199.52909884717684)"
338.0,"(722.5424058233623, 765.2172306271399)","(306.9332629464881, 772.0260005368826)","(385.703115773955, 199.3303791912779)"
339.0,"(722.792401665941, 765.2157888597064)","(307.0535966317557, 772.1308705341983)","(385.8548078909532, 199.13165953537896)"
340.0,"(723.0423975085198, 765.214347092273)","(307.1733286485969, 772.2352161815272)","(386.00650000795144, 198.93293987948)"
341.0,"(723.2923933510986, 765.2129053248395)","(307.2924620053539, 772.3390401006196)","(386.15819212494966, 198.73422022358102)"
342.0,"(723.5423891936773, 765.2114635574061)","(307.4109996953271, 772.4423449001165)","(386.3098842419479, 198.53550056768208)"
343.0,"(723.7923850362561, 765.2100217899726)","(307.5289446968505, 772.5451331756159)","(386.4615763589461, 198.33678091178314)"
344.0,"(724.0423808788348, 765.2085800225392)","(307.64629997336624, 772.6474075097378)","(386.6132684759443, 198.13806125588417)"
345.0,"(724.2923767214136, 765.2071382551057)","(307.7630684734994, 772.7491704721891)","(386.76496059294254, 197.9393415999852)"
346.0,"(724.5423725639923, 765.2056964876723)","(307.8792531311319, 772.8504246198282)","(386.91665270994076, 197.74062194408623)"
347.0,"(724.7923684065711, 765.2042547202389)","(307.99485686547627, 772.9511724967291)","(387.068344826939, 197.5419022881873)"
348.0,"(725.0423642491498, 765.2028129528054)","(308.1098825811489, 773.0514166342455)","(387.2200369439372, 197.34318263228835)"
349.0,"(725.2923600917286, 765.201371185372)","(308.22433316824316, 773.1511595510742)","(387.3717290609354, 197.14446297638938)"
350.0,"(725.5423559343074, 765.1999294179385)","(308.338211502402, 773.2504037533189)","(387.52342117793364, 196.9457433204904)"
351.0,"(725.7923517768861, 765.1984876505051)","(308.45152044489, 773.3491517345523)","(387.67511329493186, 196.74702366459144)"
352.0,"(726.0423476194649, 765.1970458830716)","(308.5642628426655, 773.4474059758795)","(387.8268054119301, 196.54830400869247)"
353.0,"(726.2923434620436, 765.1956041156382)","(308.6764415284522, 773.5451689460001)","(387.9784975289283, 196.3495843527935)"
354.0,"(726.5423393046224, 765.1941623482047)","(308.7880593208099, 773.6424431012701)","(388.1301896459265, 196.15086469689456)"
355.0,"(726.7923351472011, 765.1927205807713)","(308.89911902420585, 773.7392308857638)","(388.28188176292474, 195.95214504099562)"
356.0,"(727.0423309897799, 765.1912788133378)","(309.0096234290848, 773.835534731335)","(388.43357387992296, 195.75342538509665)"
357.0,"(727.2923268323586, 765.1898370459044)","(309.1195753119394, 773.9313570576783)","(388.5852659969212, 195.55470572919768)"
358.0,"(727.5423226749374, 765.1883952784709)","(309.2289774353797, 774.0267002723899)","(388.7369581139194, 195.35598607329874)"
359.0,"(727.7923185175162, 765.1869535110375)","(309.3378325482028, 774.1215667710279)","(388.8886502309176, 195.1572664173998)"
360.0,"(728.0423143600949, 765.185511743604)","(309.4461433854618, 774.2159589371728)","(389.04034234791584, 194.95854676150083)"
361.0,"(728.2923102026737, 765.1840699761706)","(309.5539126685345, 774.3098791424869)","(389.19203446491406, 194.75982710560186)"
362.0,"(728.5423060452524, 765.1826282087371)","(309.66114310519185, 774.4033297467745)","(389.3437265819123, 194.56110744970292)"
363.0,"(728.7923018878312, 765.1811864413037)","(309.7678373896659, 774.4963130980407)","(389.4954186989105, 194.36238779380398)"
364.0,"(729.0422977304099, 765.1797446738702)","(309.87399820271753, 774.5888315325504)","(389.6471108159087, 194.163668137905)"
365.0,"(729.2922935729887, 765.1783029064368)","(309.9796282117039, 774.6808873748877)","(389.79880293290694, 193.96494848200604)"
366.0,"(729.5422894155674, 765.1768611390033)","(310.0847300706454, 774.7724829380132)","(389.95049504990516, 193.76622882610707)"
367.0,"(729.7922852581462, 765.1754193715699)","(310.18930642029216, 774.8636205233232)","(390.1021871669034, 193.5675091702081)"
368.0,"(730.042281100725, 765.1739776041364)","(310.2933598881907, 774.9543024207067)","(390.2538792839016, 193.36878951430913)"
369.0,"(730.2922769433037, 765.172535836703)","(310.3968930887498, 775.0445309086031)","(390.4055714008998, 193.17006985841016)"
370.0,"(730.5422727858825, 765.1710940692695)","(310.49990862330606, 775.1343082540601)","(390.55726351789804, 192.97135020251122)"
371.0,"(730.7922686284612, 765.1696523018361)","(310.60240908018955, 775.2236367127898)","(390.70895563489626, 192.77263054661228)"
372.0,"(731.04226447104, 765.1682105344026)","(310.7043970347886, 775.3125185292258)","(390.8606477518945, 192.5739108907133)"
373.0,"(731.2922603136187, 765.1667687669692)","(310.80587504961466, 775.4009559365797)","(391.0123398688927, 192.37519123481434)"
374.0,"(731.5422561561975, 765.1653269995358)","(310.9068456743666, 775.4889511568969)","(391.1640319858909, 192.1764715789154)"
375.0,"(731.7922519987762, 765.1638852321023)","(311.0073114459948, 775.5765064011124)","(391.31572410288913, 191.97775192301646)"
376.0,"(732.042247841355, 765.1624434646689)","(311.10727488876483, 775.6636238691068)","(391.46741621988735, 191.7790322671175)"
377.0,"(732.2922436839337, 765.1610016972354)","(311.206738514321, 775.7503057497613)","(391.6191083368856, 191.58031261121852)"
378.0,"(732.5422395265125, 765.159559929802)","(311.3057048217494, 775.8365542210125)","(391.7708004538838, 191.38159295531955)"
379.0,"(732.7922353690913, 765.1581181623685)","(311.4041762976406, 775.9223714499075)","(391.922492570882, 191.1828732994206)"
380.0,"(733.04223121167, 765.1566763949351)","(311.5021554161524, 776.007759592658)","(392.07418468788023, 190.98415364352167)"
381.0,"(733.2922270542488, 765.1552346275016)","(311.59964463907164, 776.0927207946947)","(392.22587680487845, 190.7854339876227)"
382.0,"(733.5422228968275, 765.1537928600682)","(311.6966464158763, 776.1772571907213)","(392.3775689218767, 190.58671433172373)"
383.0,"(733.7922187394063, 765.1523510926347)","(311.7931631837969, 776.2613709047677)","(392.5292610388749, 190.38799467582476)"
384.0,"(734.042214581985, 765.1509093252013)","(311.8891973678779, 776.3450640502439)","(392.6809531558731, 190.18927501992582)"
385.0,"(734.2922104245638, 765.1494675577678)","(311.9847513810385, 776.4283387299927)","(392.83264527287133, 189.99055536402687)"
386.0,"(734.5422062671425, 765.1480257903344)","(312.0798276241333, 776.5111970363428)","(392.98433738986955, 189.7918357081279)"
387.0,"(734.7922021097213, 765.1465840229009)","(312.17442848601263, 776.5936410511611)","(393.13602950686777, 189.59311605222894)"
388.0,"(735.0421979523001, 765.1451422554675)","(312.2685563435826, 776.6756728459053)","(393.287721623866, 189.39439639632997)"
389.0,"(735.2921937948788, 765.143700488034)","(312.3622135618647, 776.7572944816758)","(393.4394137408642, 189.195676740431)"
390.0,"(735.5421896374576, 765.1422587206006)","(312.45540249405536, 776.8385080092675)","(393.59110585786243, 188.99695708453206)"
391.0,"(735.7921854800363, 765.1408169531671)","(312.5481254815851, 776.9193154692211)","(393.74279797486065, 188.79823742863312)"
392.0,"(736.0421813226151, 765.1393751857337)","(312.64038485417717, 776.9997188918751)","(393.89449009185887, 188.59951777273415)"
393.0,"(736.2921771651938, 765.1379334183002)","(312.7321829299063, 777.0797202974157)","(394.0461822088571, 188.40079811683518)"
394.0,"(736.5421730077726, 765.1364916508668)","(312.82352201525674, 777.1593216959287)","(394.1978743258553, 188.20207846093624)"
395.0,"(736.7921688503513, 765.1350498834333)","(312.91440440518045, 777.238525087449)","(394.34956644285353, 188.0033588050373)"
396.0,"(737.0421646929301, 765.1336081159999)","(313.00483238315456, 777.3173324620118)","(394.50125855985175, 187.80463914913832)"
397.0,"(737.2921605355089, 765.1321663485664)","(313.0948082212388, 777.3957457997018)","(394.65295067684997, 187.60591949323936)"
398.0,"(737.5421563780876, 765.130724581133)","(313.1843341801326, 777.4737670707033)","(394.8046427938482, 187.4071998373404)"
399.0,"(737.7921522206664, 765.1292828136995)","(313.27341250923195, 777.5513982353498)","(394.9563349108464, 187.20848018144147)"
400.0,"(738.0421480632451, 765.1278410462661)","(313.3620454466858, 777.6286412441731)","(395.1080270278446, 187.0097605255425)"
401.0,"(738.2921439058239, 765.1263992788327)","(313.45023521945234, 777.7054980379522)","(395.25971914484285, 186.81104086964353)"
402.0,"(738.5421397484026, 765.1249575113992)","(313.5379840433551, 777.7819705477625)","(395.41141126184107, 186.61232121374456)"
403.0,"(738.7921355909814, 765.1235157439658)","(313.6252941231383, 777.8580606950237)","(395.5631033788393, 186.4136015578456)"
404.0,"(739.0421314335601, 765.1220739765323)","(313.7121676525226, 777.9337703915486)","(395.7147954958375, 186.21488190194663)"
405.0,"(739.2921272761389, 765.1206322090989)","(313.79860681426, 778.0091015395908)","(395.8664876128357, 186.01616224604768)"
406.0,"(739.5421231187177, 765.1191904416654)","(313.88461378018866, 778.0840560318928)","(396.01817972983395, 185.81744259014874)"
407.0,"(739.7921189612964, 765.117748674232)","(313.9701907112877, 778.1586357517334)","(396.16987184683217, 185.61872293424977)"
408.0,"(740.0421148038752, 765.1163069067985)","(314.0553397577313, 778.2328425729747)","(396.3215639638304, 185.4200032783508)"
409.0,"(740.2921106464539, 765.1148651393651)","(314.14006305894264, 778.3066783601099)","(396.4732560808286, 185.22128362245186)"
410.0,"(740.5421064890327, 765.1134233719316)","(314.22436274364793, 778.3801449683093)","(396.6249481978268, 185.0225639665529)"
411.0,"(740.7921023316114, 765.1119816044982)","(314.3082409299297, 778.4532442434678)","(396.77664031482504, 184.82384431065395)"
412.0,"(741.0420981741902, 765.1105398370647)","(314.39169972528003, 778.5259780222505)","(396.92833243182326, 184.62512465475498)"
413.0,"(741.2920940167689, 765.1090980696313)","(314.47474122665363, 778.5983481321392)","(397.0800245488215, 184.42640499885601)"
414.0,"(741.5420898593477, 765.1076563021978)","(314.55736752052036, 778.6703563914785)","(397.2317166658197, 184.22768534295707)"
415.0,"(741.7920857019265, 765.1062145347644)","(314.63958068291777, 778.7420046095211)","(397.3834087828179, 184.02896568705813)"
416.0,"(742.0420815445052, 765.1047727673309)","(314.7213827795032, 778.8132945864735)","(397.53510089981614, 183.83024603115916)"
417.0,"(742.292077387084, 765.1033309998975)","(314.80277586560567, 778.8842281135411)","(397.68679301681436, 183.6315263752602)"
418.0,"(742.5420732296627, 765.101889232464)","(314.88376198627765, 778.9548069729734)","(397.8384851338126, 183.43280671936122)"
419.0,"(742.7920690722415, 765.1004474650306)","(314.96434317634623, 779.0250329381086)","(397.9901772508108, 183.23408706346225)"
420.0,"(743.0420649148202, 765.0990056975971)","(315.0445214604645, 779.094907773418)","(398.141869367809, 183.0353674075633)"
421.0,"(743.292060757399, 765.0975639301637)","(315.1242988531622, 779.1644332345509)","(398.29356148480724, 182.83664775166437)"
422.0,"(743.5420565999777, 765.0961221627302)","(315.2036773588964, 779.2336110683781)","(398.44525360180546, 182.6379280957654)"
423.0,"(743.7920524425565, 765.0946803952968)","(315.28265897210196, 779.3024430130362)","(398.5969457188037, 182.43920843986643)"
424.0,"(744.0420482851353, 765.0932386278633)","(315.36124567724147, 779.370930797971)","(398.7486378358019, 182.24048878396746)"
425.0,"(744.292044127714, 765.0917968604299)","(315.43943944885524, 779.4390761439812)","(398.9003299528001, 182.04176912806852)"
426.0,"(744.5420399702928, 765.0903550929964)","(315.517242251611, 779.5068807632613)","(399.05202206979834, 181.84304947216958)"
427.0,"(744.7920358128715, 765.088913325563)","(315.5946560403529, 779.5743463594449)","(399.20371418679656, 181.6443298162706)"
428.0,"(745.0420316554503, 765.0874715581296)","(315.67168276015116, 779.6414746276477)","(399.3554063037948, 181.44561016037164)"
429.0,"(745.292027498029, 765.0860297906961)","(315.7483243463504, 779.7082672545095)","(399.507098420793, 181.2468905044727)"
430.0,"(745.5420233406078, 765.0845880232627)","(315.8245827246186, 779.7747259182369)","(399.6587905377912, 181.04817084857373)"
431.0,"(745.7920191831865, 765.0831462558292)","(315.9004598109955, 779.8408522886457)","(399.81048265478944, 180.8494511926748)"
432.0,"(746.0420150257653, 765.0817044883958)","(315.9759575119406, 779.9066480272024)","(399.96217477178766, 180.65073153677582)"
433.0,"(746.292010868344, 765.0802627209623)","(316.0510777243809, 779.9721147870664)","(400.1138668887859, 180.45201188087685)"
434.0,"(746.5420067109228, 765.0788209535289)","(316.125822335759, 780.0372542131311)","(400.2655590057841, 180.25329222497788)"
435.0,"(746.7920025535016, 765.0773791860954)","(316.2001932240802, 780.1020679420654)","(400.4172511227823, 180.0545725690789)"
436.0,"(747.0419983960803, 765.075937418662)","(316.2741922579598, 780.1665576023552)","(400.56894323978054, 179.85585291317994)"
437.0,"(747.2919942386591, 765.0744956512285)","(316.34782129666996, 780.2307248143434)","(400.72063535677876, 179.657133257281)"
438.0,"(747.5419900812378, 765.0730538837951)","(316.4210821901866, 780.2945711902717)","(400.872327473777, 179.45841360138206)"
439.0,"(747.7919859238166, 765.0716121163616)","(316.49397677923565, 780.3580983343203)","(401.0240195907752, 179.2596939454831)"
440.0,"(748.0419817663953, 765.0701703489282)","(316.5665068953395, 780.4213078426487)","(401.1757117077734, 179.06097428958412)"
441.0,"(748.2919776089741, 765.0687285814947)","(316.6386743608628, 780.4842013034355)","(401.32740382477164, 178.86225463368518)"
442.0,"(748.5419734515528, 765.0672868140613)","(316.7104809890585, 780.5467802969183)","(401.47909594176986, 178.66353497778624)"
443.0,"(748.7919692941316, 765.0658450466278)","(316.78192858411325, 780.6090463954338)","(401.6307880587681, 178.46481532188727)"
444.0,"(749.0419651367104, 765.0644032791944)","(316.85301894119266, 780.6710011634566)","(401.7824801757663, 178.2660956659883)"
445.0,"(749.2919609792891, 765.0629615117609)","(316.9237538464867, 780.7326461576394)","(401.9341722927645, 178.06737601008936)"
446.0,"(749.5419568218679, 765.0615197443275)","(316.99413507725427, 780.7939829268512)","(402.08586440976273, 177.8686563541904)"
447.0,"(749.7919526644466, 765.060077976894)","(317.064164401868, 780.8550130122169)","(402.23755652676095, 177.66993669829145)"
448.0,"(750.0419485070254, 765.0586362094606)","(317.1338435798587, 780.9157379471558)","(402.3892486437592, 177.47121704239248)"
449.0,"(750.2919443496041, 765.0571944420271)","(317.2031743619594, 780.97615925742)","(402.5409407607574, 177.2724973864935)"
450.0,"(750.5419401921829, 765.0557526745937)","(317.2721584901496, 781.036278461133)","(402.6926328777556, 177.07377773059457)"
451.0,"(750.7919360347616, 765.0543109071602)","(317.34079769769886, 781.0960970688272)","(402.84432499475383, 176.87505807469563)"
452.0,"(751.0419318773404, 765.0528691397268)","(317.40909370921037, 781.1556165834832)","(402.99601711175205, 176.67633841879666)"
453.0,"(751.2919277199192, 765.0514273722933)","(317.4770482406643, 781.2148385005657)","(403.1477092287503, 176.4776187628977)"
454.0,"(751.5419235624979, 765.0499856048599)","(317.54466299946097, 781.2737643080629)","(403.2994013457485, 176.27889910699872)"
455.0,"(751.7919194050767, 765.0485438374265)","(317.61193968446366, 781.3323954865226)","(403.4510934627467, 176.08017945109975)"
456.0,"(752.0419152476554, 765.047102069993)","(317.67887998604135, 781.39073350909)","(403.60278557974493, 175.88145979520078)"
457.0,"(752.2919110902342, 765.0456603025596)","(317.74548558611116, 781.4487798415445)","(403.75447769674315, 175.68274013930184)"
458.0,"(752.5419069328129, 765.0442185351261)","(317.8117581581806, 781.5065359423368)","(403.90616981374137, 175.4840204834029)"
459.0,"(752.7919027753917, 765.0427767676927)","(317.8776993673897, 781.5640032626251)","(404.0578619307396, 175.28530082750393)"
460.0,"(753.0418986179704, 765.0413350002592)","(317.94331087055275, 781.621183246312)","(404.2095540477378, 175.08658117160496)"
461.0,"(753.2918944605492, 765.0398932328258)","(318.0085943162, 781.6780773300803)","(404.36124616473603, 174.88786151570602)"
462.0,"(753.541890303128, 765.0384514653923)","(318.073551344619, 781.7346869434299)","(404.51293828173425, 174.68914185980708)"
463.0,"(753.7918861457067, 765.0370096979589)","(318.13818358789587, 781.7910135087127)","(404.66463039873247, 174.4904222039081)"
464.0,"(754.0418819882855, 765.0355679305254)","(318.20249266995637, 781.8470584411691)","(404.8163225157307, 174.29170254800914)"
465.0,"(754.2918778308642, 765.034126163092)","(318.2664802066066, 781.9028231489633)","(404.9680146327289, 174.09298289211017)"
466.0,"(754.541873673443, 765.0326843956585)","(318.3301478055736, 781.9583090332185)","(405.11970674972713, 173.89426323621123)"
467.0,"(754.7918695160217, 765.0312426282251)","(318.3934970665457, 782.0135174880523)","(405.27139886672535, 173.6955435803123)"
468.0,"(755.0418653586005, 765.0298008607916)","(318.456529581213, 782.0684499006121)","(405.42309098372357, 173.49682392441332)"
469.0,"(755.2918612011792, 765.0283590933582)","(318.51924693330693, 782.1231076511091)","(405.5747831007218, 173.29810426851435)"
470.0,"(755.541857043758, 765.0269173259247)","(318.5816506986404, 782.1774921128535)","(405.72647521772, 173.09938461261538)"
471.0,"(755.7918528863368, 765.0254755584913)","(318.64374244514715, 782.2316046522893)","(405.8781673347182, 172.9006649567164)"
472.0,"(756.0418487289155, 765.0240337910578)","(318.7055237329214, 782.2854466290279)","(406.02985945171645, 172.70194530081744)"
473.0,"(756.2918445714943, 765.0225920236244)","(318.7669961142568, 782.3390193958827)","(406.18155156871467, 172.5032256449185)"
474.0,"(756.541840414073, 765.0211502561909)","(318.8281611336855, 782.3923242989033)","(406.3332436857129, 172.30450598901956)"
475.0,"(756.7918362566518, 765.0197084887575)","(318.88902032801707, 782.4453626774088)","(406.4849358027111, 172.1057863331206)"
476.0,"(757.0418320992305, 765.018266721324)","(318.94957522637696, 782.4981358640217)","(406.6366279197093, 171.90706667722165)"
477.0,"(757.2918279418093, 765.0168249538906)","(319.0098273502451, 782.5506451847016)","(406.78832003670755, 171.7083470213227)"
478.0,"(757.541823784388, 765.0153831864571)","(319.06977821349386, 782.6028919587781)","(406.94001215370577, 171.50962736542374)"
479.0,"(757.7918196269668, 765.0139414190237)","(319.1294293224264, 782.6548774989842)","(407.091704270704, 171.31090770952477)"
480.0,"(758.0418154695456, 765.0124996515902)","(319.18878217581425, 782.7066031114892)","(407.2433963877022, 171.1121880536258)"
481.0,"(758.2918113121243, 765.0110578841568)","(319.2478382649352, 782.7580700959318)","(407.3950885047004, 170.91346839772686)"
482.0,"(758.5418071547031, 765.0096161167234)","(319.3065990736105, 782.8092797454522)","(407.54678062169864, 170.7147487418279)"
483.0,"(758.7918029972818, 765.0081743492899)","(319.3650660782425, 782.860233346725)","(407.69847273869686, 170.51602908592895)"
484.0,"(759.0417988398606, 765.0067325818565)","(319.42324074785125, 782.9109321799913)","(407.8501648556951, 170.31730943002998)"
485.0,"(759.2917946824393, 765.005290814423)","(319.481124544112, 782.9613775190913)","(408.0018569726933, 170.118589774131)"
486.0,"(759.5417905250181, 765.0038490469896)","(319.5387189213914, 783.0115706314959)","(408.1535490896915, 169.91987011823204)"
487.0,"(759.7917863675968, 765.0024072795561)","(319.59602532678446, 783.0615127783385)","(408.30524120668974, 169.72115046233307)"
488.0,"(760.0417822101756, 765.0009655121227)","(319.65304520015053, 783.1112052144468)","(408.45693332368796, 169.52243080643413)"
489.0,"(760.2917780527544, 764.9995237446892)","(319.7097799741498, 783.1606491883746)","(408.6086254406862, 169.3237111505352)"
490.0,"(760.5417738953331, 764.9980819772558)","(319.76623107427906, 783.2098459424327)","(408.7603175576844, 169.12499149463622)"
491.0,"(760.7917697379119, 764.9966402098223)","(319.82239991890765, 783.2587967127206)","(408.9120096746826, 168.92627183873725)"
492.0,"(761.0417655804906, 764.9951984423889)","(319.8782879193131, 783.307502729157)","(409.06370179168084, 168.7275521828383)"
493.0,"(761.2917614230694, 764.9937566749554)","(319.9338964797165, 783.3559652155112)","(409.21539390867906, 168.52883252693934)"
494.0,"(761.5417572656481, 764.992314907522)","(319.9892269973179, 783.4041853894337)","(409.3670860256773, 168.3301128710404)"
495.0,"(761.7917531082269, 764.9908731400885)","(320.04428086233133, 783.4521644624865)","(409.5187781426755, 168.13139321514143)"
496.0,"(762.0417489508056, 764.9894313726551)","(320.09905945801967, 783.4999036401741)","(409.6704702596737, 167.93267355924246)"
497.0,"(762.2917447933844, 764.9879896052216)","(320.15356416072956, 783.5474041219733)","(409.82216237667194, 167.73395390334352)"
498.0,"(762.5417406359632, 764.9865478377882)","(320.2077963399259, 783.5946671013634)","(409.97385449367016, 167.53523424744455)"
499.0,"(762.7917364785419, 764.9851060703547)","(320.26175735822625, 783.6416937658565)","(410.1255466106684, 167.3365145915456)"
500.0,"(763.0417323211207, 764.9836643029213)","(320.3154485714351, 783.6884852970272)","(410.2772387276666, 167.13779493564664)"
501.0,"(763.2917281636994, 764.9822225354878)","(320.36887132857794, 783.7350428705421)","(410.4289308446648, 166.93907527974767)"
502.0,"(763.5417240062782, 764.9807807680544)","(320.42202697193505, 783.7813676561893)","(410.58062296166304, 166.7403556238487)"
503.0,"(763.7917198488569, 764.9793390006209)","(320.4749168370754, 783.8274608179083)","(410.73231507866126, 166.54163596794973)"
504.0,"(764.0417156914357, 764.9778972331875)","(320.52754225289004, 783.8733235138188)","(410.8840071956595, 166.3429163120508)"
505.0,"(764.2917115340144, 764.976455465754)","(320.5799045416256, 783.9189568962497)","(411.0356993126577, 166.14419665615185)"
506.0,"(764.5417073765932, 764.9750136983206)","(320.6320050189174, 783.9643621117684)","(411.1873914296559, 165.94547700025288)"
507.0,"(764.791703219172, 764.9735719308871)","(320.68384499382285, 784.0095403012095)","(411.33908354665414, 165.7467573443539)"
508.0,"(765.0416990617507, 764.9721301634537)","(320.73542576885376, 784.0544925997035)","(411.49077566365236, 165.54803768845497)"
509.0,"(765.2916949043295, 764.9706883960203)","(320.7867486400095, 784.099220136705)","(411.6424677806506, 165.34931803255603)"
510.0,"(765.5416907469082, 764.9692466285868)","(320.83781489680945, 784.1437240360215)","(411.7941598976488, 165.15059837665706)"
511.0,"(765.791686589487, 764.9678048611534)","(320.8886258223254, 784.1880054158414)","(411.945852014647, 164.9518787207581)"
512.0,"(766.0416824320657, 764.9663630937199)","(320.9391826932138, 784.2320653887622)","(412.09754413164524, 164.75315906485915)"
513.0,"(766.2916782746445, 764.9649213262865)","(320.9894867797477, 784.2759050618183)","(412.24923624864346, 164.55443940896018)"
514.0,"(766.5416741172232, 764.963479558853)","(321.039539345849, 784.3195255365092)","(412.4009283656417, 164.3557197530612)"
515.0,"(766.791669959802, 764.9620377914196)","(321.0893416491198, 784.3629279088267)","(412.5526204826399, 164.15700009716227)"
516.0,"(767.0416658023807, 764.9605960239861)","(321.1388949408742, 784.4061132692825)","(412.7043125996381, 163.9582804412633)"
517.0,"(767.2916616449595, 764.9591542565527)","(321.1882004661698, 784.4490827029362)","(412.85600471663633, 163.75956078536433)"
518.0,"(767.5416574875383, 764.9577124891192)","(321.23725946383894, 784.4918372894215)","(413.00769683363455, 163.56084112946536)"
519.0,"(767.791653330117, 764.9562707216858)","(321.28607316651977, 784.5343781029744)","(413.1593889506328, 163.3621214735664)"
520.0,"(768.0416491726958, 764.9548289542523)","(321.33464280068716, 784.5767062124595)","(413.311081067631, 163.16340181766745)"
521.0,"(768.2916450152745, 764.9533871868189)","(321.3829695866837, 784.6188226813972)","(413.4627731846292, 162.9646821617685)"
522.0,"(768.5416408578533, 764.9519454193854)","(321.4310547387503, 784.6607285679902)","(413.61446530162743, 162.76596250586954)"
523.0,"(768.791636700432, 764.950503651952)","(321.47889946505654, 784.7024249251502)","(413.76615741862565, 162.56724284997057)"
524.0,"(769.0416325430108, 764.9490618845185)","(321.5265049677313, 784.7439128005245)","(413.9178495356239, 162.36852319407163)"
525.0,"(769.2916283855895, 764.9476201170851)","(321.57387244289265, 784.7851932365219)","(414.0695416526221, 162.1698035381727)"
526.0,"(769.5416242281683, 764.9461783496516)","(321.6210030806782, 784.8262672703393)","(414.2212337696203, 161.97108388227372)"
527.0,"(769.7916200707471, 764.9447365822182)","(321.6678980652748, 784.8671359339876)","(414.37292588661853, 161.77236422637475)"
528.0,"(770.0416159133258, 764.9432948147847)","(321.71455857494846, 784.9078002543176)","(414.52461800361675, 161.5736445704758)"
529.0,"(770.2916117559046, 764.9418530473513)","(321.7609857820737, 784.9482612530461)","(414.67631012061497, 161.37492491457687)"
530.0,"(770.5416075984833, 764.9404112799178)","(321.80718085316335, 784.9885199467809)","(414.8280022376132, 161.1762052586779)"
531.0,"(770.7916034410621, 764.9389695124844)","(321.8531449488975, 785.028577347047)","(414.9796943546114, 160.97748560277893)"
532.0,"(771.0415992836408, 764.9375277450509)","(321.89887922415306, 785.0684344603118)","(415.13138647160963, 160.77876594687996)"
533.0,"(771.2915951262196, 764.9360859776175)","(321.9443848280323, 785.1080922880102)","(415.28307858860785, 160.580046290981)"
534.0,"(771.5415909687983, 764.934644210184)","(321.9896629038921, 785.1475518265702)","(415.43477070560607, 160.38132663508202)"
535.0,"(771.7915868113771, 764.9332024427506)","(322.03471458937264, 785.1868140674374)","(415.5864628226043, 160.18260697918308)"
536.0,"(772.0415826539559, 764.9317606753172)","(322.07954101642576, 785.2258799971002)","(415.7381549396025, 159.98388732328414)"
537.0,"(772.2915784965346, 764.9303189078837)","(322.12414331134363, 785.2647505971147)","(415.88984705660073, 159.78516766738517)"
538.0,"(772.5415743391134, 764.9288771404503)","(322.1685225947869, 785.3034268441291)","(416.04153917359895, 159.5864480114862)"
539.0,"(772.7915701816921, 764.9274353730168)","(322.212679981813, 785.3419097099085)","(416.19323129059717, 159.38772835558723)"
540.0,"(773.0415660242709, 764.9259936055834)","(322.2566165819039, 785.380200161359)","(416.3449234075954, 159.1890086996883)"
541.0,"(773.2915618668496, 764.9245518381499)","(322.3003334989944, 785.4182991605521)","(416.4966155245936, 158.99028904378935)"
542.0,"(773.5415577094284, 764.9231100707165)","(322.3438318314994, 785.4562076647494)","(416.6483076415918, 158.79156938789038)"
543.0,"(773.7915535520071, 764.921668303283)","(322.3871126723419, 785.4939266264256)","(416.79999975859005, 158.5928497319914)"
544.0,"(774.0415493945859, 764.9202265358496)","(322.4301771089802, 785.5314569932934)","(416.95169187558827, 158.39413007609247)"
545.0,"(774.2915452371647, 764.9187847684161)","(322.47302622343534, 785.568799708327)","(417.1033839925865, 158.1954104201935)"
546.0,"(774.5415410797434, 764.9173430009827)","(322.51566109231817, 785.6059557097853)","(417.2550761095847, 157.99669076429453)"
547.0,"(774.7915369223222, 764.9159012335492)","(322.5580827868566, 785.6429259312364)","(417.4067682265829, 157.7979711083956)"
548.0,"(775.0415327649009, 764.9144594661158)","(322.6002923729223, 785.6797113015803)","(417.55846034358115, 157.59925145249662)"
549.0,"(775.2915286074797, 764.9130176986823)","(322.64229091105767, 785.7163127450724)","(417.71015246057937, 157.40053179659765)"
550.0,"(775.5415244500584, 764.9115759312489)","(322.6840794565024, 785.752731181347)","(417.8618445775776, 157.20181214069868)"
551.0,"(775.7915202926372, 764.9101341638154)","(322.7256590592199, 785.7889675254403)","(418.0135366945758, 157.00309248479974)"
552.0,"(776.0415161352159, 764.908692396382)","(322.7670307639238, 785.8250226878131)","(418.165228811574, 156.8043728289008)"
553.0,"(776.2915119777947, 764.9072506289485)","(322.8081956101042, 785.860897574374)","(418.31692092857224, 156.60565317300183)"
554.0,"(776.5415078203735, 764.9058088615151)","(322.8491546320537, 785.8965930865021)","(418.46861304557046, 156.40693351710286)"
555.0,"(776.7915036629522, 764.9043670940816)","(322.8899088588934, 785.9321101210696)","(418.6203051625687, 156.20821386120392)"
556.0,"(777.041499505531, 764.9029253266482)","(322.930459314599, 785.9674495704643)","(418.7719972795669, 156.00949420530497)"
557.0,"(777.2914953481097, 764.9014835592147)","(322.970807018026, 786.002612322612)","(418.9236893965651, 155.810774549406)"
558.0,"(777.5414911906885, 764.9000417917813)","(323.01095298293586, 786.037599260999)","(419.07538151356334, 155.61205489350704)"
559.0,"(777.7914870332672, 764.8986000243478)","(323.0508982180212, 786.072411264694)","(419.22707363056156, 155.4133352376081)"
560.0,"(778.041482875846, 764.8971582569144)","(323.0906437269311, 786.1070492083705)","(419.3787657475598, 155.21461558170915)"
561.0,"(778.2914787184247, 764.895716489481)","(323.13019050829644, 786.1415139623286)","(419.530457864558, 155.01589592581018)"
562.0,"(778.5414745610035, 764.8942747220475)","(323.16953955575497, 786.175806392517)","(419.6821499815562, 154.81717626991122)"
563.0,"(778.7914704035823, 764.892832954614)","(323.2086918579762, 786.2099273605544)","(419.83384209855444, 154.61845661401225)"
564.0,"(779.041466246161, 764.8913911871806)","(323.2476483986863, 786.2438777237517)","(419.98553421555266, 154.41973695811328)"
565.0,"(779.2914620887398, 764.8899494197472)","(323.28641015669285, 786.2776583351329)","(420.1372263325509, 154.22101730221434)"
566.0,"(779.5414579313185, 764.8885076523137)","(323.3249781059094, 786.3112700434572)","(420.2889184495491, 154.02229764631537)"
567.0,"(779.7914537738973, 764.8870658848803)","(323.36335321537985, 786.3447136932399)","(420.4406105665473, 153.82357799041642)"
568.0,"(780.041449616476, 764.8856241174468)","(323.40153644930297, 786.3779901247736)","(420.59230268354554, 153.62485833451746)"
569.0,"(780.2914454590548, 764.8841823500134)","(323.43952876705646, 786.4111001741497)","(420.74399480054376, 153.42613867861849)"
570.0,"(780.5414413016335, 764.8827405825799)","(323.4773311232212, 786.444044673279)","(420.895686917542, 153.22741902271952)"
571.0,"(780.7914371442123, 764.8812988151465)","(323.5199339143328, 786.4272201476607)","(421.0473790345402, 153.02869936682058)"
572.0,"(781.041432986791, 764.879857047713)","(323.56733279490714, 786.3606261783459)","(421.1990711515384, 152.82997971092163)"
573.0,"(781.2914288293698, 764.8784152802796)","(323.6195234185196, 786.2442623466778)","(421.35076326853664, 152.63126005502266)"
574.0,"(781.5414246719486, 764.8769735128461)","(323.6765014368866, 786.0781282342042)","(421.50245538553486, 152.4325403991237)"
575.0,"(781.7914205145273, 764.8755317454127)","(323.73826249894574, 785.8622234225891)","(421.6541475025331, 152.23382074322475)"
576.0,"(782.0414163571061, 764.8740899779792)","(323.80249145169694, 785.6206149756579)","(421.8058396195313, 152.03510108732578)"
577.0,"(782.2914121996848, 764.8726482105458)","(323.86672040444813, 785.3790065287267)","(421.9575317365295, 151.83638143142684)"
578.0,"(782.5414080422636, 764.8712064431123)","(323.9309493571993, 785.1373980817955)","(422.10922385352774, 151.63766177552787)"
579.0,"(782.7914038848423, 764.8697646756789)","(323.9951783099505, 784.8957896348643)","(422.26091597052596, 151.4389421196289)"
580.0,"(783.0413997274211, 764.8683229082454)","(324.0594072627017, 784.6541811879331)","(422.4126080875242, 151.24022246372994)"
581.0,"(783.2913955699998, 764.866881140812)","(324.1236362154529, 784.4125727410019)","(422.5643002045224, 151.041502807831)"
582.0,"(783.5413914125786, 764.8654393733785)","(324.1878651682041, 784.1709642940707)","(422.7159923215206, 150.84278315193205)"
583.0,"(783.7913872551574, 764.8639976059451)","(324.2520941209553, 783.9293558471395)","(422.86768443851884, 150.64406349603308)"
584.0,"(784.0413830977361, 764.8625558385116)","(324.3163230737065, 783.6877474002083)","(423.01937655551706, 150.44534384013411)"
585.0,"(784.2913789403149, 764.8611140710782)","(324.3805520264577, 783.4461389532771)","(423.1710686725153, 150.24662418423515)"
586.0,"(784.5413747828936, 764.8596723036447)","(324.4447809792089, 783.2045305063459)","(423.3227607895135, 150.0479045283362)"
587.0,"(784.7913706254724, 764.8582305362113)","(324.50900993196007, 782.9629220594147)","(423.4744529065117, 149.84918487243726)"
588.0,"(785.0413664680511, 764.8567887687778)","(324.57323888471126, 782.7213136124835)","(423.62614502350993, 149.6504652165383)"
589.0,"(785.2913623106299, 764.8553470013444)","(324.63746783746245, 782.4797051655523)","(423.77783714050815, 149.45174556063932)"
590.0,"(785.5413581532086, 764.853905233911)","(324.70169679021365, 782.2380967186211)","(423.9295292575064, 149.25302590474035)"
591.0,"(785.7913539957874, 764.8524634664775)","(324.76592574296484, 781.9964882716899)","(424.0812213745046, 149.0543062488414)"
592.0,"(786.0413498383662, 764.851021699044)","(324.83015469571603, 781.7548798247587)","(424.2329134915028, 148.85558659294247)"
593.0,"(786.2913456809449, 764.8495799316106)","(324.8943836484672, 781.5132713778276)","(424.38460560850103, 148.6568669370435)"
594.0,"(786.5413415235237, 764.8481381641772)","(324.9586126012184, 781.2716629308964)","(424.53629772549925, 148.45814728114453)"
595.0,"(786.7913373661024, 764.8466963967437)","(325.0228415539696, 781.0300544839652)","(424.6879898424975, 148.25942762524556)"
596.0,"(787.0413332086812, 764.8452546293103)","(325.0870705067208, 780.788446037034)","(424.8396819594957, 148.0607079693466)"
597.0,"(787.2913290512599, 764.8438128618768)","(325.151299459472, 780.5468375901028)","(424.9913740764939, 147.86198831344765)"
598.0,"(787.5413248938387, 764.8423710944434)","(325.2155284122232, 780.3052291431716)","(425.14306619349213, 147.6632686575487)"
599.0,"(787.7913207364174, 764.8409293270099)","(325.2797573649744, 780.0636206962404)","(425.29475831049035, 147.46454900164974)"
600.0,"(788.0413165789962, 764.8394875595765)","(325.3439863177256, 779.8220122493092)","(425.44645042748857, 147.26582934575077)"
601.0,"(788.291312421575, 764.838045792143)","(325.4082152704768, 779.580403802378)","(425.5981425444868, 147.06710968985183)"
602.0,"(788.5413082641537, 764.8366040247096)","(325.47244422322797, 779.3387953554468)","(425.749834661485, 146.86839003395286)"
603.0,"(788.7913041067325, 764.8351622572761)","(325.53667317597916, 779.0971869085156)","(425.90152677848323, 146.66967037805392)"
604.0,"(789.0412999493112, 764.8337204898427)","(325.60090212873035, 778.8555784615844)","(426.05321889548145, 146.47095072215495)"
605.0,"(789.29129579189, 764.8322787224092)","(325.66513108148155, 778.6139700146532)","(426.20491101247967, 146.27223106625598)"
606.0,"(789.5412916344687, 764.8308369549758)","(325.72936003423274, 778.372361567722)","(426.3566031294779, 146.073511410357)"
607.0,"(789.7912874770475, 764.8293951875423)","(325.79358898698393, 778.1307531207908)","(426.5082952464761, 145.87479175445807)"
608.0,"(790.0412833196262, 764.8279534201089)","(325.8578179397351, 777.8891446738596)","(426.65998736347433, 145.67607209855913)"
609.0,"(790.291279162205, 764.8265116526754)","(325.9220468924863, 777.6475362269284)","(426.81167948047255, 145.47735244266016)"
610.0,"(790.5412750047838, 764.825069885242)","(325.9862758452375, 777.4059277799972)","(426.96337159747077, 145.2786327867612)"
611.0,"(790.7912708473625, 764.8236281178085)","(326.0505047979887, 777.164319333066)","(427.115063714469, 145.07991313086225)"
612.0,"(791.0412666899413, 764.8221863503751)","(326.1147337507399, 776.9227108861348)","(427.2667558314672, 144.88119347496328)"
613.0,"(791.29126253252, 764.8207445829416)","(326.1789627034911, 776.6811024392036)","(427.4184479484654, 144.68247381906434)"
614.0,"(791.5412583750988, 764.8193028155082)","(326.2431916562423, 776.4394939922724)","(427.57014006546365, 144.48375416316537)"
615.0,"(791.7912542176775, 764.8178610480747)","(326.3074206089935, 776.1978855453413)","(427.72183218246187, 144.2850345072664)"
616.0,"(792.0412500602563, 764.8164192806413)","(326.3716495617447, 775.95627709841)","(427.8735242994601, 144.08631485136743)"
617.0,"(792.291245902835, 764.8149775132079)","(326.43587851449587, 775.7146686514789)","(428.0252164164583, 143.8875951954685)"
618.0,"(792.5412417454138, 764.8135357457744)","(326.50010746724706, 775.4730602045477)","(428.1769085334565, 143.68887553956952)"
619.0,"(792.7912375879926, 764.812093978341)","(326.56433641999826, 775.2314517576165)","(428.32860065045475, 143.49015588367058)"
620.0,"(793.0412334305713, 764.8106522109075)","(326.62856537274945, 774.9898433106853)","(428.48029276745297, 143.2914362277716)"
621.0,"(793.2912292731501, 764.8092104434741)","(326.69279432550064, 774.7482348637541)","(428.6319848844512, 143.09271657187264)"
622.0,"(793.5412251157288, 764.8077686760406)","(326.75702327825184, 774.5066264168229)","(428.7836770014494, 142.8939969159737)"
623.0,"(793.7912209583076, 764.8063269086072)","(326.82125223100303, 774.2650179698917)","(428.9353691184476, 142.69527726007476)"
624.0,"(794.0412168008863, 764.8048851411737)","(326.8854811837542, 774.0234095229605)","(429.08706123544584, 142.4965576041758)"
625.0,"(794.2912126434651, 764.8034433737403)","(326.9497101365054, 773.7818010760293)","(429.23875335244406, 142.29783794827682)"
626.0,"(794.5412084860438, 764.8020016063068)","(327.0139390892566, 773.5401926290981)","(429.3904454694423, 142.09911829237785)"
627.0,"(794.7912043286226, 764.8005598388734)","(327.0781680420078, 773.2985841821669)","(429.5421375864405, 141.9003986364789)"
628.0,"(795.0412001712014, 764.7991180714399)","(327.142396994759, 773.0569757352357)","(429.6938297034387, 141.70167898057994)"
629.0,"(795.2911960137801, 764.7976763040065)","(327.2066259475102, 772.8153672883045)","(429.8453605549215, 141.50317058567705)"
630.0,"(795.5411918563589, 764.796234536573)","(327.2708549002614, 772.5737588413733)","(429.99613375214693, 141.30565473274868)"
631.0,"(795.7911876989376, 764.7947927691396)","(327.3350838530126, 772.3321503944421)","(430.1461530833862, 141.10912645908493)"
632.0,"(796.0411835415164, 764.7933510017061)","(327.39931280576377, 772.0905419475109)","(430.29542231796927, 140.9135808267895)"
633.0,"(796.2911793840951, 764.7919092342727)","(327.46354175851496, 771.8489335005797)","(430.4439452063794, 140.71901292265557)"
634.0,"(796.5411752266739, 764.7904674668392)","(327.52777071126616, 771.6073250536485)","(430.5917254803475, 140.5254178580423)"
635.0,"(796.7911710692526, 764.7890256994058)","(327.59199966401735, 771.3657166067173)","(430.7387668529458, 140.3327907687521)"
636.0,"(797.0411669118314, 764.7875839319723)","(327.65622861676854, 771.1241081597861)","(430.88507301868106, 140.14112681490832)"
637.0,"(797.2911627544102, 764.7861421645389)","(327.72045756951974, 770.882499712855)","(431.03064765358766, 139.95042118083379)"
638.0,"(797.5411585969889, 764.7847003971054)","(327.78468652227093, 770.6408912659238)","(431.17549441531975, 139.7606690749296)"
639.0,"(797.7911544395677, 764.783258629672)","(327.8489154750221, 770.3992828189926)","(431.31961694324315, 139.57186572955496)"
640.0,"(798.0411502821464, 764.7818168622385)","(327.9131444277733, 770.1576743720614)","(431.46301885852694, 139.3840064009072)"
641.0,"(798.2911461247252, 764.7803750948051)","(327.9773733805245, 769.9160659251302)","(431.6057037642343, 139.19708636890266)"
642.0,"(798.5411419673039, 764.7789333273716)","(328.0416023332757, 769.674457478199)","(431.7476752454131, 139.01110093705816)"
643.0,"(798.7911378098827, 764.7774915599382)","(328.1058312860269, 769.4328490312678)","(431.88893686918607, 138.82604543237287)"
644.0,"(799.0411336524614, 764.7760497925048)","(328.1700602387781, 769.1912405843366)","(432.02949218484014, 138.641915205211)"
645.0,"(799.2911294950402, 764.7746080250713)","(328.2342891915293, 768.9496321374054)","(432.1693447239159, 138.45870562918495)"
646.0,"(799.541125337619, 764.7731662576379)","(328.2985181442805, 768.7080236904742)","(432.3084980002963, 138.27641210103903)"
647.0,"(799.7911211801977, 764.7717244902044)","(328.3627470970317, 768.466415243543)","(432.44695551029486, 138.09503004053383)"
648.0,"(800.0411170227765, 764.770282722771)","(328.42697604978287, 768.2248067966118)","(432.5847207327434, 137.91455489033115)"
649.0,"(800.2911128653552, 764.7688409553375)","(328.49120500253406, 767.9831983496806)","(432.7217971290797, 137.7349821158795)"
650.0,"(800.541108707934, 764.7673991879041)","(328.55543395528525, 767.7415899027494)","(432.8581881434343, 137.5563072053001)"
651.0,"(800.7911045505127, 764.7659574204706)","(328.61966290803645, 767.4999814558182)","(432.9938972027171, 137.3785256692736)"
652.0,"(801.0411003930915, 764.7645156530372)","(328.68389186078764, 767.258373008887)","(433.1289277167035, 137.20163304092725)"
653.0,"(801.2910962356702, 764.7630738856037)","(328.74812081353883, 767.0167645619558)","(433.26328307812, 137.0256248757226)"
654.0,"(801.541092078249, 764.7616321181703)","(328.81234976629, 766.7751561150246)","(433.3969666627294, 136.850496751344)"
655.0,"(801.7910879208277, 764.7601903507368)","(328.8765787190412, 766.5335476680934)","(433.52998182941576, 136.67624426758726)"
656.0,"(802.0410837634065, 764.7587485833034)","(328.9408076717924, 766.2919392211622)","(433.6623319202687, 136.50286304624933)"
657.0,"(802.2910796059853, 764.7573068158699)","(329.0050366245436, 766.050330774231)","(433.79402026066737, 136.3303487310181)"
658.0,"(802.541075448564, 764.7558650484365)","(329.0692655772948, 765.8087223272998)","(433.92505015936405, 136.158696987363)"
659.0,"(802.7910712911428, 764.754423281003)","(329.133494530046, 765.5671138803687)","(434.0554249085672, 135.98790350242618)"
660.0,"(803.0410671337215, 764.7529815135696)","(329.1977234827972, 765.3255054334375)","(434.18514778402437, 135.81796398491406)"
661.0,"(803.2910629763003, 764.7515397461361)","(329.2619524355484, 765.0838969865063)","(434.31422204510426, 135.64887416498948)"
662.0,"(803.541058818879, 764.7500979787027)","(329.3261813882996, 764.8422885395751)","(434.4426509348787, 135.48062979416454)"
663.0,"(803.7910546614578, 764.7486562112692)","(329.39041034105077, 764.6006800926439)","(434.5704376802043, 135.3132266451937)"
664.0,"(804.0410505040365, 764.7472144438358)","(329.45463929380196, 764.3590716457127)","(434.6975854918033, 135.14666051196775)"
665.0,"(804.2910463466153, 764.7457726764023)","(329.51886824655315, 764.1174631987815)","(434.8240975643443, 134.98092720940792)"
666.0,"(804.5410421891941, 764.7443309089689)","(329.58309719930435, 763.8758547518503)","(434.9499770765226, 134.8160225733609)"
667.0,"(804.7910380317728, 764.7428891415354)","(329.64732615205554, 763.6342463049191)","(435.07522719114, 134.6519424604941)"
668.0,"(805.0410338743516, 764.741447374102)","(329.71155510480673, 763.3926378579879)","(435.1998510551843, 134.48868274819162)"
669.0,"(805.2910297169303, 764.7400056066685)","(329.7757840575579, 763.1510294110567)","(435.32385179990837, 134.32623933445066)"
670.0,"(805.5410255595091, 764.7385638392351)","(329.8400130103091, 762.9094209641255)","(435.44723254090883, 134.1646081377784)"
671.0,"(805.7910214020878, 764.7371220718017)","(329.9042419630603, 762.6678125171943)","(435.5699963782043, 134.00378509708952)"
672.0,"(806.0410172446666, 764.7356803043682)","(329.9684709158115, 762.4262040702631)","(435.69214639631326, 133.84376617160407)"
673.0,"(806.2910130872453, 764.7342385369348)","(330.0326998685627, 762.1845956233319)","(435.8136856643317, 133.68454734074606)"
674.0,"(806.5410089298241, 764.7327967695013)","(330.0969288213139, 761.9429871764007)","(435.93461723601, 133.52612460404234)"
675.0,"(806.7910047724029, 764.7313550020679)","(330.1611577740651, 761.7013787294695)","(436.05494414982996, 133.3684939810221)"
676.0,"(807.0410006149816, 764.7299132346344)","(330.2253867268163, 761.4597702825383)","(436.17466942908084, 133.211651511117)"
677.0,"(807.2909964575604, 764.728471467201)","(330.2896156795675, 761.2181618356071)","(436.29379608193545, 133.05559325356143)"
678.0,"(807.5409923001391, 764.7270296997675)","(330.35384463231867, 760.9765533886759)","(436.41232710152576, 132.9003152872936)"
679.0,"(807.7909881427179, 764.7255879323341)","(330.41807358506986, 760.7349449417447)","(436.53026546601814, 132.74581371085713)"
680.0,"(808.0409839852966, 764.7241461649006)","(330.48230253782106, 760.4933364948135)","(436.647614138688, 132.59208464230284)"
681.0,"(808.2909798278754, 764.7227043974672)","(330.54653149057225, 760.2517280478824)","(436.7643760679946, 132.43912421909133)"
682.0,"(808.5409756704541, 764.7212626300337)","(330.61076044332344, 760.0101196009512)","(436.88055418765464, 132.28692859799588)"
683.0,"(808.7909715130329, 764.7198208626003)","(330.67498939607464, 759.76851115402)","(436.9961514167164, 132.1354939550059)"
684.0,"(809.0409673556117, 764.7183790951668)","(330.73921834882583, 759.5269027070888)","(437.1111706596328, 131.98481648523088)"
685.0,"(809.2909631981904, 764.7169373277334)","(330.803447301577, 759.2852942601576)","(437.22561480633465, 131.8348924028047)"
686.0,"(809.5409590407692, 764.7154955602999)","(330.8676762543282, 759.0436858132264)","(437.339486732303, 131.68571794079068)"
687.0,"(809.7909548833479, 764.7140537928665)","(330.9319052070794, 758.8020773662952)","(437.45278929864145, 131.53728935108674)"
688.0,"(810.0409507259267, 764.712612025433)","(330.9961341598306, 758.560468919364)","(437.56552535214826, 131.3896029043313)"
689.0,"(810.2909465685054, 764.7111702579996)","(331.0603631125818, 758.3188604724328)","(437.67769772538753, 131.24265488980964)"
690.0,"(810.5409424110842, 764.7097284905661)","(331.124592065333, 758.0772520255016)","(437.7893092367606, 131.0964416153606)"
691.0,"(810.790938253663, 764.7082867231327)","(331.1888210180842, 757.8356435785704)","(437.9003626905768, 130.9509594072838)"
692.0,"(811.0409340962417, 764.7068449556992)","(331.2530499708354, 757.5940351316392)","(438.0108608771239, 130.80620461024736)"
693.0,"(811.2909299388205, 764.7054031882658)","(331.31727892358657, 757.352426684708)","(438.1208065727383, 130.66217358719612)"
694.0,"(811.5409257813992, 764.7039614208323)","(331.38150787633776, 757.1108182377768)","(438.2302025398746, 130.51886271926014)"
695.0,"(811.790921623978, 764.7025196533989)","(331.44573682908896, 756.8692097908456)","(438.33905152717523, 130.37626840566384)"
696.0,"(812.0409174665567, 764.7010778859654)","(331.50996578184015, 756.6276013439144)","(438.44735626953934, 130.23438706363552)"
697.0,"(812.2909133091355, 764.699636118532)","(331.57419473459134, 756.3859928969832)","(438.5551194881916, 130.09321512831735)"
698.0,"(812.5409091517142, 764.6981943510986)","(331.63842368734254, 756.144384450052)","(438.66234389075066, 129.95274905267576)"
699.0,"(812.790904994293, 764.6967525836651)","(331.70265264009373, 755.9027760031208)","(438.7690321712969, 129.8129853074124)"
700.0,"(813.0409008368717, 764.6953108162317)","(331.7668815928449, 755.6611675561896)","(438.8751870104404, 129.67392038087533)"
701.0,"(813.2908966794505, 764.6938690487982)","(331.8311105455961, 755.4195591092584)","(438.9808110753882, 129.53555077897096)"
702.0,"(813.5408925220293, 764.6924272813648)","(331.8953394983473, 755.1779506623272)","(439.08590702001123, 129.3978730250761)"
703.0,"(813.790888364608, 764.6909855139313)","(331.9595684510985, 754.936342215396)","(439.1904774849112, 129.26088365995074)"
704.0,"(814.0408842071868, 764.6895437464979)","(332.0237974038497, 754.6947337684649)","(439.29452509748666, 129.124579241651)"
705.0,"(814.2908800497655, 764.6881019790644)","(332.0880263566009, 754.4531253215337)","(439.3980524719992, 128.98895634544274)"
706.0,"(814.5408758923443, 764.686660211631)","(332.1522553093521, 754.2115168746025)","(439.5010622096392, 128.85401156371552)"
707.0,"(814.790871734923, 764.6852184441975)","(332.2164842621033, 753.9699084276713)","(439.603556898591, 128.71974150589693)"
708.0,"(815.0408675775018, 764.6837766767641)","(332.2807132148545, 753.7282999807401)","(439.7055391140981, 128.58614279836746)"
709.0,"(815.2908634200805, 764.6823349093306)","(332.34494216760567, 753.4866915338089)","(439.8070114185276, 128.45321208437562)"
710.0,"(815.5408592626593, 764.6808931418972)","(332.40917112035686, 753.2450830868777)","(439.907976361435, 128.32094602395375)"
711.0,"(815.790855105238, 764.6794513744637)","(332.47340007310805, 753.0034746399465)","(440.0084364796278, 128.189341293834)"
712.0,"(816.0408509478168, 764.6780096070303)","(332.53762902585925, 752.7618661930153)","(440.10839429722967, 128.05839458736483)"
713.0,"(816.2908467903956, 764.6765678395968)","(332.60185797861044, 752.5202577460841)","(440.20785232574354, 127.928102614428)"
714.0,"(816.5408426329743, 764.6751260721634)","(332.66608693136163, 752.2786492991529)","(440.3068130641148, 127.79846210135585)"
715.0,"(816.7908384755531, 764.6736843047299)","(332.7303158841128, 752.0370408522217)","(440.40527899879424, 127.66946979084908)"
716.0,"(817.0408343181318, 764.6722425372965)","(332.794544836864, 751.7954324052905)","(440.50325260380026, 127.54112244189483)"
717.0,"(817.2908301607106, 764.670800769863)","(332.8587737896152, 751.5538239583593)","(440.6007363407813, 127.41341682968536)"
718.0,"(817.5408260032893, 764.6693590024296)","(332.9230027423664, 751.3122155114281)","(440.69773265907736, 127.28634974553694)"
719.0,"(817.7908218458681, 764.6679172349961)","(332.9872316951176, 751.0706070644969)","(440.794243995782, 127.15991799680926)"
720.0,"(818.0408176884469, 764.6664754675627)","(333.0514606478688, 750.8289986175657)","(440.89027277580306, 127.03411840682521)"
721.0,"(818.2908135310256, 764.6650337001292)","(333.11568960062, 750.5873901706345)","(440.98582141192406, 126.90894781479109)"
722.0,"(818.5408093736044, 764.6635919326958)","(333.1799185533712, 750.3457817237033)","(441.08089230486445, 126.78440307571714)"
723.0,"(818.7908052161831, 764.6621501652623)","(333.2441475061224, 750.1041732767721)","(441.17548784334014, 126.66048106033855)"
724.0,"(819.0408010587619, 764.6607083978289)","(333.30837645887357, 749.862564829841)","(441.26961040412345, 126.53717865503687)"
725.0,"(819.2907969013406, 764.6592666303955)","(333.37260541162476, 749.6209563829098)","(441.3632623521028, 126.41449276176168)"
726.0,"(819.5407927439194, 764.657824862962)","(333.43683436437595, 749.3793479359786)","(441.4564460403423, 126.29242029795287)"
727.0,"(819.7907885864981, 764.6563830955286)","(333.50106331712715, 749.1377394890474)","(441.5491638101406, 126.1709581964631)"
728.0,"(820.0407844290769, 764.6549413280951)","(333.56529226987834, 748.8961310421162)","(441.6414179910899, 126.05010340548078)"
729.0,"(820.2907802716556, 764.6534995606617)","(333.62952122262953, 748.654522595185)","(441.73321090113444, 125.92985288845338)"
730.0,"(820.5407761142344, 764.6520577932282)","(333.6937501753807, 748.4129141482538)","(441.8245448466288, 125.81020362401111)"
731.0,"(820.7907719568132, 764.6506160257948)","(333.7579791281319, 748.1713057013226)","(441.9154221223956, 125.69115260589105)"
732.0,"(821.0407677993919, 764.6491742583613)","(333.8222080808831, 747.9296972543914)","(442.00584501178366, 125.57269684286159)"
733.0,"(821.2907636419707, 764.6477324909279)","(333.8864370336343, 747.6880888074602)","(442.09581578672476, 125.45483335864728)"
734.0,"(821.5407594845494, 764.6462907234944)","(333.9506659863855, 747.446480360529)","(442.1853367077911, 125.33755919185404)"
735.0,"(821.7907553271282, 764.644848956061)","(334.0148949391367, 747.2048719135978)","(442.2744100242522, 125.22087139589478)"
736.0,"(822.0407511697069, 764.6434071886275)","(334.0791238918879, 746.9632634666666)","(442.3630379741309, 125.1047670389153)"
737.0,"(822.2907470122857, 764.6419654211941)","(334.1433528446391, 746.7216550197354)","(442.45122278426027, 124.98924320372072)"
738.0,"(822.5407428548644, 764.6405236537606)","(334.2075817973903, 746.4800465728042)","(442.538966670339, 124.87429698770211)"
739.0,"(822.7907386974432, 764.6390818863272)","(334.27181075014147, 746.238438125873)","(442.6262718369873, 124.7599255027636)"
740.0,"(823.040734540022, 764.6376401188937)","(334.33603970289266, 745.9968296789418)","(442.71314047780237, 124.64612587524978)"
741.0,"(823.2907303826007, 764.6361983514603)","(334.40026865564386, 745.7552212320106)","(442.79957477541336, 124.53289524587353)"
742.0,"(823.5407262251795, 764.6347565840268)","(334.46449760839505, 745.5136127850794)","(442.8855769015363, 124.42023076964416)"
743.0,"(823.7907220677582, 764.6333148165934)","(334.52872656114624, 745.2720043381482)","(442.9711490170286, 124.30812961579595)"
744.0,"(824.040717910337, 764.6318730491599)","(334.59295551389744, 745.030395891217)","(443.05629327194345, 124.19658896771696)"
745.0,"(824.2907137529157, 764.6304312817265)","(334.65718446664863, 744.7887874442858)","(443.14101180558373, 124.08560602287838)"
746.0,"(824.5407095954945, 764.628989514293)","(334.7214134193998, 744.5471789973546)","(443.2253067465558, 123.97517799276399)"
747.0,"(824.7907054380732, 764.6275477468596)","(334.785642372151, 744.3055705504235)","(443.30918021282304, 123.86530210280017)"
748.0,"(825.040701280652, 764.6261059794261)","(334.8498713249022, 744.0639621034923)","(443.3926343117589, 123.75597559228618)"
749.0,"(825.2906971232308, 764.6246642119927)","(334.9141002776534, 743.8223536565611)","(443.4756711402001, 123.64719571432475)"
750.0,"(825.5406929658095, 764.6232224445592)","(334.9783292304046, 743.5807452096299)","(443.55829278449914, 123.53895973575312)"
751.0,"(825.7906888083883, 764.6217806771258)","(335.0425581831558, 743.3391367626987)","(443.6405013205767, 123.43126493707436)"
752.0,"(826.040684650967, 764.6203389096924)","(335.106787135907, 743.0975283157675)","(443.7222988139738, 123.32410861238898)"
753.0,"(826.2906804935458, 764.6188971422589)","(335.1710160886582, 742.8559198688363)","(443.80368731990393, 123.21748806932703)"
754.0,"(826.5406763361245, 764.6174553748255)","(335.23524504140937, 742.6143114219051)","(443.8846688833044, 123.11140062898039)"
755.0,"(826.7906721787033, 764.616013607392)","(335.29947399416056, 742.3727029749739)","(443.96524553888787, 123.0058436258355)"
756.0,"(827.040668021282, 764.6145718399586)","(335.36370294691176, 742.1310945280427)","(444.0454193111934, 122.90081440770632)"
757.0,"(827.2906638638608, 764.6131300725251)","(335.42793189966295, 741.8894860811115)","(444.1251922146375, 122.79631033566778)"
758.0,"(827.5406597064396, 764.6116883050917)","(335.49216085241414, 741.6478776341803)","(444.2045662535643, 122.69232878398944)"
759.0,"(827.7906555490183, 764.6102465376582)","(335.55638980516534, 741.4062691872491)","(444.2835434222965, 122.5888671400695)"
760.0,"(828.0406513915971, 764.6088047702248)","(335.62061875791653, 741.1646607403179)","(444.362125705185, 122.48592280436915)"
761.0,"(828.2906472341758, 764.6073630027913)","(335.6848477106677, 740.9230522933867)","(444.4403150766591, 122.38349319034731)"
762.0,"(828.5406430767546, 764.6059212353579)","(335.7490766634189, 740.6814438464555)","(444.5181135012758, 122.28157572439557)"
763.0,"(828.7906389193333, 764.6044794679244)","(335.8133056161701, 740.4398353995243)","(444.5955229337694, 122.18016784577358)"
764.0,"(829.0406347619121, 764.603037700491)","(335.8775345689213, 740.1982269525931)","(444.67254531910055, 122.07926700654471)"
765.0,"(829.2906306044908, 764.6015959330575)","(335.9417635216725, 739.9566185056619)","(444.74918259250506, 121.97887067151198)"
766.0,"(829.5406264470696, 764.6001541656241)","(336.0059924744237, 739.7150100587307)","(444.8254366795425, 121.87897631815443)"
767.0,"(829.7906222896484, 764.5987123981906)","(336.0702214271749, 739.4734016117995)","(444.9013094961448, 121.77958143656366)"
768.0,"(830.0406181322271, 764.5972706307572)","(336.1344503799261, 739.2317931648683)","(444.97680294866404, 121.68068352938084)"
769.0,"(830.2906139748059, 764.5958288633237)","(336.1986793326773, 738.9901847179372)","(445.0519189339207, 121.58228011173394)"
770.0,"(830.5406098173846, 764.5943870958903)","(336.26290828542847, 738.748576271006)","(445.1266593392511, 121.48436871117526)"
771.0,"(830.7906056599634, 764.5929453284568)","(336.32713723817966, 738.5069678240748)","(445.2010260425548, 121.38694686761939)"
772.0,"(831.0406015025421, 764.5915035610234)","(336.39136619093085, 738.2653593771436)","(445.27502091234203, 121.2900121332813)"
773.0,"(831.2905973451209, 764.5900617935899)","(336.45559514368205, 738.0237509302124)","(445.3486458077803, 121.19356207261488)"
774.0,"(831.5405931876996, 764.5886200261565)","(336.51982409643324, 737.7821424832812)","(445.4219025787414, 121.0975942622518)"
775.0,"(831.7905890302784, 764.587178258723)","(336.58405304918443, 737.54053403635)","(445.4947930658477, 121.00210629094055)"
776.0,"(832.0405848728572, 764.5857364912896)","(336.6482820019356, 737.2989255894188)","(445.5673191005185, 120.90709575948584)"
777.0,"(832.2905807154359, 764.5842947238561)","(336.7125109546868, 737.0573171424876)","(445.6394825050159, 120.81256028068842)"
778.0,"(832.5405765580147, 764.5828529564227)","(336.776739907438, 736.8157086955564)","(445.7112850924908, 120.71849747928498)"
779.0,"(832.7905724005934, 764.5814111889893)","(336.8409688601892, 736.5741002486252)","(445.7827286670284, 120.62490499188856)"
780.0,"(833.0405682431722, 764.5799694215558)","(336.9051978129404, 736.332491801694)","(445.85381502369324, 120.5317804669291)"
781.0,"(833.2905640857509, 764.5785276541224)","(336.9694267656916, 736.0908833547628)","(445.9245459485748, 120.43912156459446)"
782.0,"(833.5405599283297, 764.5770858866889)","(337.0336557184428, 735.8492749078316)","(445.99492321883196, 120.34692595677149)"
783.0,"(833.7905557709084, 764.5756441192555)","(337.097884671194, 735.6076664609004)","(446.0649486027378, 120.25519132698763)"
784.0,"(834.0405516134872, 764.574202351822)","(337.1621136239452, 735.3660580139692)","(446.1346238597241, 120.16391537035268)"
785.0,"(834.290547456066, 764.5727605843886)","(337.22634257669637, 735.124449567038)","(446.2039507404255, 120.07309579350093)"
786.0,"(834.5405432986447, 764.5713188169551)","(337.29057152944756, 734.8828411201068)","(446.2729309867234, 119.98273031453343)"
787.0,"(834.7905391412235, 764.5698770495217)","(337.35480048219875, 734.6412326731756)","(446.3415663317898, 119.89281666296075)"
788.0,"(835.0405349838022, 764.5684352820882)","(337.41902943494995, 734.3996242262444)","(446.40985850013084, 119.80335257964595)"
789.0,"(835.290530826381, 764.5669935146548)","(337.48325838770114, 734.1580157793132)","(446.4778092076302, 119.71433581674772)"
790.0,"(835.5405266689597, 764.5655517472213)","(337.54748734045234, 733.916407332382)","(446.545420161592, 119.62576413766398)"
791.0,"(835.7905225115385, 764.5641099797879)","(337.61171629320353, 733.6747988854509)","(446.61269306078407, 119.53763531697565)"
792.0,"(836.0405183541172, 764.5626682123544)","(337.6759452459547, 733.4331904385197)","(446.67962959548015, 119.44994714039078)"
793.0,"(836.290514196696, 764.561226444921)","(337.7401741987059, 733.1915819915885)","(446.74623144750274, 119.36269740468882)"
794.0,"(836.5405100392747, 764.5597846774875)","(337.8044031514571, 732.9499735446573)","(446.81250029026523, 119.27588391766537)"
795.0,"(836.7905058818535, 764.5583429100541)","(337.8686321042083, 732.7083650977261)","(446.8784377888139, 119.18950449807704)"
796.0,"(837.0405017244323, 764.5569011426206)","(337.9328610569595, 732.4667566507949)","(446.94404559986987, 119.10355697558666)"
797.0,"(837.290497567011, 764.5554593751872)","(337.9970900097107, 732.2251482038637)","(447.00932537187055, 119.01803919070872)"
798.0,"(837.5404934095898, 764.5540176077537)","(338.0613189624619, 731.9835397569325)","(447.0742787450112, 118.93294899475518)"
799.0,"(837.7904892521685, 764.5525758403203)","(338.1255479152131, 731.7419313100013)","(447.13890735128615, 118.8482842497814)"
800.0,"(838.0404850947473, 764.5511340728868)","(338.18977686796427, 731.5003228630701)","(447.2032128145297, 118.7640428285325)"
801.0,"(838.290480937326, 764.5496923054534)","(338.25400582071546, 731.2587144161389)","(447.26719675045706, 118.68022261438983)"
802.0,"(838.5404767799048, 764.5482505380199)","(338.31823477346666, 731.0171059692077)","(447.3308607667048, 118.59682150131789)"
803.0,"(838.7904726224835, 764.5468087705865)","(338.38246372621785, 730.7754975222765)","(447.3942064628713, 118.5138373938113)"
804.0,"(839.0404684650623, 764.545367003153)","(338.44669267896904, 730.5338890753453)","(447.4572354305569, 118.43126820684225)"
805.0,"(839.2904643076411, 764.5439252357196)","(338.51092163172024, 730.2922806284141)","(447.51994925340415, 118.34911186580804)"
806.0,"(839.5404601502198, 764.5424834682862)","(338.57515058447143, 730.0506721814829)","(447.5823495071371, 118.267366306479)"
807.0,"(839.7904559927986, 764.5410417008527)","(338.6393795372226, 729.8090637345517)","(447.64443775960143, 118.18602947494661)"
808.0,"(840.0404518353773, 764.5395999334193)","(338.7036084899738, 729.5674552876205)","(447.7062155708034, 118.10509932757188)"
809.0,"(840.2904476779561, 764.5381581659858)","(338.767837442725, 729.3258468406893)","(447.7676844929494, 118.02457383093402)"
810.0,"(840.5404435205348, 764.5367163985524)","(338.8320663954762, 729.0842383937581)","(447.82884607048464, 117.94445096177935)"
811.0,"(840.7904393631136, 764.5352746311189)","(338.8962953482274, 728.842629946827)","(447.8897018401322, 117.86472870697045)"
812.0,"(841.0404352056923, 764.5338328636855)","(338.9605243009786, 728.6010214998958)","(447.95025333093156, 117.7854050634356)"
813.0,"(841.2904310482711, 764.532391096252)","(339.0247532537298, 728.3594130529646)","(448.0105020642769, 117.70647803811842)"
814.0,"(841.5404268908499, 764.5309493288186)","(339.088982206481, 728.1178046060334)","(448.07044955395554, 117.62794564792783)"
815.0,"(841.7904227334286, 764.5295075613851)","(339.15321115923217, 727.8761961591022)","(448.13009730618575, 117.5498059196882)"
816.0,"(842.0404185760074, 764.5280657939517)","(339.21744011198336, 727.634587712171)","(448.1894468196548, 117.47205689008976)"
817.0,"(842.2904144185861, 764.5266240265182)","(339.28166906473456, 727.3929792652398)","(448.24849958555654, 117.39469660563931)"
818.0,"(842.5404102611649, 764.5251822590848)","(339.34589801748575, 727.1513708183086)","(448.3072570876288, 117.31772312261111)"
819.0,"(842.7904061037436, 764.5237404916513)","(339.41012697023694, 726.9097623713774)","(448.36572080219065, 117.24113450699805)"
820.0,"(843.0404019463224, 764.5222987242179)","(339.47435592298814, 726.6681539244462)","(448.4238921981797, 117.16492883446305)"
821.0,"(843.2903977889011, 764.5208569567844)","(339.53858487573933, 726.426545477515)","(448.4817727371888, 117.08910419029074)"
822.0,"(843.5403936314799, 764.519415189351)","(339.6028138284905, 726.1849370305838)","(448.53936387350285, 117.01365866933929)"
823.0,"(843.7903894740587, 764.5179734219175)","(339.6670427812417, 725.9433285836526)","(448.5966670541353, 116.93859037599259)"
824.0,"(844.0403853166374, 764.5165316544841)","(339.7312717339929, 725.7017201367214)","(448.6536837188646, 116.86389742411262)"
825.0,"(844.2903811592162, 764.5150898870506)","(339.7955006867441, 725.4601116897902)","(448.7104153002703, 116.78957793699206)"
826.0,"(844.5403770017949, 764.5136481196172)","(339.8597296394953, 725.218503242859)","(448.76686322376895, 116.7156300473071)"
827.0,"(844.7903728443737, 764.5122063521837)","(339.9239585922465, 724.9768947959278)","(448.8230289076501, 116.64205189707057)"
828.0,"(845.0403686869524, 764.5107645847503)","(339.9881875449977, 724.7352863489966)","(448.8789137631118, 116.56884163758522)"
829.0,"(845.2903645295312, 764.5093228173168)","(340.0524164977489, 724.4936779020654)","(448.9345191942963, 116.49599742939729)"
830.0,"(845.54036037211, 764.5078810498834)","(340.1166454505001, 724.2520694551342)","(448.9898465983248, 116.4235174422503)"
831.0,"(845.7903562146887, 764.50643928245)","(340.18087440325127, 724.010461008203)","(449.04489736533316, 116.35139985503905)"
832.0,"(846.0403520572675, 764.5049975150165)","(340.24510335600246, 723.7688525612718)","(449.0996728785065, 116.27964285576385)"
833.0,"(846.2903478998462, 764.503555747583)","(340.30933230875365, 723.5272441143406)","(449.154174514114, 116.20824464148504)"
834.0,"(846.540343742425, 764.5021139801496)","(340.37356126150485, 723.2856356674095)","(449.20840364154344, 116.13720341827761)"
835.0,"(846.7903395850037, 764.5006722127162)","(340.43779021425604, 723.0440272204783)","(449.2623616233357, 116.06651740118622)"
836.0,"(847.0403354275825, 764.4992304452827)","(340.50201916700723, 722.8024187735471)","(449.31604981521906, 115.99618481418028)"
837.0,"(847.2903312701612, 764.4977886778493)","(340.5662481197584, 722.5608103266159)","(449.369469566143, 115.92620389010938)"
838.0,"(847.54032711274, 764.4963469104158)","(340.6304770725096, 722.3192018796847)","(449.42262221831226, 115.85657287065884)"
839.0,"(847.7903229553187, 764.4949051429824)","(340.6947060252608, 722.0775934327535)","(449.4755091072207, 115.78729000630554)"
840.0,"(848.0403187978975, 764.4934633755489)","(340.758934978012, 721.8359849858223)","(449.52813156168463, 115.71835355627401)"
841.0,"(848.2903146404763, 764.4920216081155)","(340.8231639307632, 721.5943765388911)","(449.5804909038762, 115.64976178849264)"
842.0,"(848.540310483055, 764.490579840682)","(340.8873928835144, 721.3527680919599)","(449.6325884493568, 115.58151297955018)"
843.0,"(848.7903063256338, 764.4891380732486)","(340.9516218362656, 721.1111596450287)","(449.68442550711, 115.51360541465243)"
844.0,"(849.0403021682125, 764.4876963058151)","(341.0158507890168, 720.8695511980975)","(449.73600337957447, 115.44603738757917)"
845.0,"(849.2902980107913, 764.4862545383817)","(341.080079741768, 720.6279427511663)","(449.7873233626766, 115.37880720064128)"
846.0,"(849.54029385337, 764.4848127709482)","(341.14430869451917, 720.3863343042351)","(449.8383867458632, 115.31191316463807)"
847.0,"(849.7902896959488, 764.4833710035148)","(341.20853764727036, 720.1447258573039)","(449.8891948121339, 115.24535359881489)"
848.0,"(850.0402855385275, 764.4819292360813)","(341.27276660002155, 719.9031174103727)","(449.9397488380732, 115.1791268308208)"
849.0,"(850.2902813811063, 764.4804874686479)","(341.33699555277275, 719.6615089634415)","(449.99005009388287, 115.1132311966667)"
850.0,"(850.540277223685, 764.4790457012144)","(341.40122450552394, 719.4199005165103)","(450.04009984341343, 115.04766504068337)"
851.0,"(850.7902730662638, 764.477603933781)","(341.46545345827514, 719.1782920695791)","(450.08989934419634, 114.98242671547996)"
852.0,"(851.0402689088426, 764.4761621663475)","(341.52968241102633, 718.9366836226479)","(450.13944984747536, 114.91751458190257)"
853.0,"(851.2902647514213, 764.4747203989141)","(341.5939113637775, 718.6950751757167)","(450.188752598238, 114.85292700899305)"
854.0,"(851.5402605940001, 764.4732786314806)","(341.6581403165287, 718.4534667287855)","(450.2378088352468, 114.78866237394809)"
855.0,"(851.7902564365788, 764.4718368640472)","(341.7223692692799, 718.2118582818543)","(450.28661979107056, 114.72471906207835)"
856.0,"(852.0402522791576, 764.4703950966137)","(341.7865982220311, 717.9702498349232)","(450.3351866921152, 114.66109546676796)"
857.0,"(852.2902481217363, 764.4689533291803)","(341.8508271747823, 717.728641387992)","(450.3835107586546, 114.59778998943412)"
858.0,"(852.5402439643151, 764.4675115617468)","(341.9150561275335, 717.4870329410608)","(450.4315932048613, 114.53480103948695)"
859.0,"(852.7902398068939, 764.4660697943134)","(341.9792850802847, 717.2454244941296)","(450.479435238837, 114.47212703428951)"
860.0,"(853.0402356494726, 764.46462802688)","(342.0435140330359, 717.0038160471984)","(450.5270380626428, 114.40976639911807)"
861.0,"(853.2902314920514, 764.4631862594465)","(342.10774298578707, 716.7622076002672)","(450.5744028723296, 114.34771756712247)"
862.0,"(853.5402273346301, 764.461744492013)","(342.17197193853826, 716.520599153336)","(450.6215308579679, 114.28597897928687)"
863.0,"(853.7902231772089, 764.4603027245796)","(342.23620089128946, 716.2789907064048)","(450.66842320367806, 114.22454908439043)"
864.0,"(854.0402190197876, 764.4588609571462)","(342.30042984404065, 716.0373822594736)","(450.71508108765966, 114.16342633896848)"
865.0,"(854.2902148623664, 764.4574191897127)","(342.36465879679184, 715.7957738125424)","(450.76150568222135, 114.10260920727363)"
866.0,"(854.5402107049451, 764.4559774222793)","(342.42888774954304, 715.5541653656112)","(450.80769815381024, 114.04209616123727)"
867.0,"(854.7902065475239, 764.4545356548458)","(342.49311670229423, 715.31255691868)","(450.8536596630412, 113.98188568043108)"
868.0,"(855.0402023901026, 764.4530938874124)","(342.5573456550454, 715.0709484717488)","(450.899391364726, 113.92197625202893)"
869.0,"(855.2901982326814, 764.4516521199789)","(342.6215746077966, 714.8293400248176)","(450.9448944079024, 113.86236637076878)"
870.0,"(855.5401940752602, 764.4502103525455)","(342.6858035605478, 714.5877315778864)","(450.99016993586287, 113.80305453891494)"
871.0,"(855.7901899178389, 764.448768585112)","(342.750032513299, 714.3461231309552)","(451.03521908618353, 113.74403926622035)"
872.0,"(856.0401857604177, 764.4473268176786)","(342.8142614660502, 714.104514684024)","(451.0800429907526, 113.68531906988925)"
873.0,"(856.2901816029964, 764.4458850502451)","(342.8784904188014, 713.8629062370928)","(451.1246427757988, 113.6268924745398)"
874.0,"(856.5401774455752, 764.4444432828117)","(342.9427193715526, 713.6212977901616)","(451.1690195619198, 113.56875801216711)"
875.0,"(856.7901732881539, 764.4430015153782)","(343.0069483243038, 713.3796893432304)","(451.21317446411024, 113.51091422210628)"
876.0,"(857.0401691307327, 764.4415597479448)","(343.07117727705497, 713.1380808962992)","(451.2571085917897, 113.45335965099575)"
877.0,"(857.2901649733114, 764.4401179805113)","(343.13540622980616, 712.896472449368)","(451.30082304883075, 113.39609285274078)"
878.0,"(857.5401608158902, 764.4386762130779)","(343.19963518255736, 712.6548640024369)","(451.3443189335866, 113.33911238847708)"
879.0,"(857.790156658469, 764.4372344456444)","(343.26386413530855, 712.4132555555057)","(451.3875973389186, 113.28241682653469)"
880.0,"(858.0401525010477, 764.435792678211)","(343.32809308805975, 712.1716471085745)","(451.43065935222404, 113.22600474240201)"
881.0,"(858.2901483436265, 764.4343509107775)","(343.39232204081094, 711.9300386616433)","(451.4735060554629, 113.16987471869)"
882.0,"(858.5401441862052, 764.4329091433441)","(343.45655099356213, 711.6884302147121)","(451.51613852518557, 113.11402534509655)"
883.0,"(858.790140028784, 764.4314673759106)","(343.5207799463133, 711.4468217677809)","(451.55855783255964, 113.05845521837107)"
884.0,"(859.0401358713627, 764.4300256084772)","(343.5850088990645, 711.2052133208497)","(451.60076504339685, 113.0031629422792)"
885.0,"(859.2901317139415, 764.4285838410437)","(343.6492378518157, 710.9636048739185)","(451.6427612181799, 112.94814712756781)"
886.0,"(859.5401275565202, 764.4271420736103)","(343.7134668045669, 710.7219964269873)","(451.684547412089, 112.89340639192997)"
887.0,"(859.790123399099, 764.4257003061769)","(343.7776957573181, 710.4803879800561)","(451.72612467502853, 112.83893935997033)"
888.0,"(860.0401192416778, 764.4242585387434)","(343.8419247100693, 710.2387795331249)","(451.7674940516534, 112.78474466317047)"
889.0,"(860.2901150842565, 764.42281677131)","(343.9061536628205, 709.9971710861937)","(451.8086565813951, 112.73082093985462)"
890.0,"(860.5401109268353, 764.4213750038765)","(343.9703826155717, 709.7555626392625)","(451.8496132984881, 112.67716683515535)"
891.0,"(860.790106769414, 764.4199332364431)","(344.0346115683229, 709.5139541923313)","(451.8903652319957, 112.62378100097958)"
892.0,"(861.0401026119928, 764.4184914690096)","(344.09884052107407, 709.2723457454001)","(451.9309134058357, 112.57066209597468)"
893.0,"(861.2900984545715, 764.4170497015762)","(344.16306947382526, 709.0307372984689)","(451.97125883880653, 112.51780878549481)"
894.0,"(861.5400942971503, 764.4156079341427)","(344.22729842657645, 708.7891288515377)","(452.0114025446125, 112.46521974156734)"
895.0,"(861.790090139729, 764.4141661667093)","(344.29152737932765, 708.5475204046065)","(452.05134553188947, 112.4128936428595)"
896.0,"(862.0400859823078, 764.4127243992758)","(344.35575633207884, 708.3059119576753)","(452.09108880423, 112.3608291746452)"
897.0,"(862.2900818248866, 764.4112826318424)","(344.41998528483003, 708.0643035107441)","(452.1306333602089, 112.30902502877198)"
898.0,"(862.5400776674653, 764.4098408644089)","(344.4842142375812, 707.822695063813)","(452.16998019340787, 112.25747990362812)"
899.0,"(862.7900735100441, 764.4083990969755)","(344.5484431903324, 707.5810866168817)","(452.2091302924408, 112.20619250410998)"
900.0,"(863.0400693526228, 764.406957329542)","(344.6126721430836, 707.3394781699506)","(452.2480846409786, 112.15516154158942)"
901.0,"(863.2900651952016, 764.4055155621086)","(344.6769010958348, 707.0978697230194)","(452.2868442177737, 112.10438573388147)"
902.0,"(863.5400610377803, 764.4040737946751)","(344.741130048586, 706.8562612760882)","(452.3254099966848, 112.05386380521206)"
903.0,"(863.7900568803591, 764.4026320272417)","(344.8053590013372, 706.614652829157)","(452.3637829467014, 112.003594486186)"
904.0,"(864.0400527229378, 764.4011902598082)","(344.8695879540884, 706.3730443822258)","(452.4019640319679, 111.95357651375507)"
905.0,"(864.2900485655166, 764.3997484923748)","(344.9338169068396, 706.1314359352946)","(452.4399542118081, 111.9038086311863)"
906.0,"(864.5400444080954, 764.3983067249413)","(344.9980458595908, 705.8898274883634)","(452.47775444074904, 111.85428958803037)"
907.0,"(864.7900402506741, 764.3968649575079)","(345.06227481234197, 705.6482190414322)","(452.5153656685453, 111.80501814009021)"
908.0,"(865.0400360932529, 764.3954231900744)","(345.12650376509316, 705.406610594501)","(452.5527888402026, 111.75599304938976)"
909.0,"(865.2900319358316, 764.393981422641)","(345.19073271784436, 705.1650021475698)","(452.5900248960016, 111.70721308414281)"
910.0,"(865.5400277784104, 764.3925396552075)","(345.25496167059555, 704.9233937006386)","(452.62707477152156, 111.65867701872209)"
911.0,"(865.7900236209891, 764.3910978877741)","(345.31919062334674, 704.6817852537074)","(452.66393939766397, 111.61038363362847)"
912.0,"(866.0400194635679, 764.3896561203406)","(345.38341957609794, 704.4401768067762)","(452.70061970067565, 111.56233171546033)"
913.0,"(866.2900153061466, 764.3882143529072)","(345.44764852884913, 704.198568359845)","(452.73711660217225, 111.51452005688303)"
914.0,"(866.5400111487254, 764.3867725854738)","(345.5118774816003, 703.9569599129138)","(452.77343101916136, 111.46694745659862)"
915.0,"(866.7900069913042, 764.3853308180403)","(345.5761064343515, 703.7153514659826)","(452.8095638640656, 111.41961271931562)"
916.0,"(867.0400028338829, 764.3838890506069)","(345.6403353871027, 703.4737430190514)","(452.84551604474524, 111.37251465571904)"
917.0,"(867.2899986764617, 764.3824472831734)","(345.7045643398539, 703.2321345721202)","(452.8812884645215, 111.32565208244046)"
918.0,"(867.5399945190404, 764.38100551574)","(345.7687932926051, 702.990526125189)","(452.9168820221989, 111.27902382202825)"
919.0,"(867.7899903616192, 764.3795637483065)","(345.8330222453563, 702.7489176782578)","(452.9522976120879, 111.2326287029181)"
920.0,"(868.0399862041979, 764.3781219808731)","(345.8972511981075, 702.5073092313266)","(452.98753612402743, 111.18646555940352)"
921.0,"(868.2899820467767, 764.3766802134396)","(345.9614801508587, 702.2657007843954)","(453.0225984434073, 111.1405332316065)"
922.0,"(868.5399778893554, 764.3752384460062)","(346.02570910360987, 702.0240923374643)","(453.05748545119025, 111.09483056544846)"
923.0,"(868.7899737319342, 764.3737966785727)","(346.08993805636106, 701.7824838905331)","(453.0921980239343, 111.04935641262122)"
924.0,"(869.039969574513, 764.3723549111393)","(346.15416700911226, 701.5408754436019)","(453.12673703381466, 111.00410963055812)"
925.0,"(869.2899654170917, 764.3709131437058)","(346.21839596186345, 701.2992669966707)","(453.1611033486456, 110.95908908240533)"
926.0,"(869.5399612596705, 764.3694713762724)","(346.28262491461464, 701.0576585497395)","(453.1952978319024, 110.9142936369933)"
927.0,"(869.7899571022492, 764.3680296088389)","(346.34685386736584, 700.8160501028083)","(453.2293213427429, 110.86972216880834)"
928.0,"(870.039952944828, 764.3665878414055)","(346.41108282011703, 700.5744416558771)","(453.26317473602916, 110.8253735579643)"
929.0,"(870.2899487874067, 764.365146073972)","(346.4753117728682, 700.3328332089459)","(453.296858862349, 110.78124669017447)"
930.0,"(870.5399446299855, 764.3637043065386)","(346.5395407256194, 700.0912247620147)","(453.33037456803726, 110.7373404567236)"
931.0,"(870.7899404725642, 764.3622625391051)","(346.6037696783706, 699.8496163150835)","(453.36372269519705, 110.69365375443998)"
932.0,"(871.039936315143, 764.3608207716717)","(346.6679986311218, 699.6080078681523)","(453.39690408172106, 110.65018548566778)"
933.0,"(871.2899321577218, 764.3593790042382)","(346.732227583873, 699.3663994212211)","(453.42991956131243, 110.60693455823944)"
934.0,"(871.5399280003005, 764.3579372368048)","(346.7964565366242, 699.1247909742899)","(453.4627699635059, 110.56389988544825)"
935.0,"(871.7899238428793, 764.3564954693713)","(346.8606854893754, 698.8831825273587)","(453.49545611368836, 110.52108038602101)"
936.0,"(872.039919685458, 764.3550537019379)","(346.9249144421266, 698.6415740804275)","(453.5279788331199, 110.47847498409091)"
937.0,"(872.2899155280368, 764.3536119345044)","(346.9891433948778, 698.3999656334963)","(453.5603389389543, 110.43608260917046)"
938.0,"(872.5399113706155, 764.352170167071)","(347.05337234762897, 698.1583571865651)","(453.5925372442595, 110.3939021961246)"
939.0,"(872.7899072131943, 764.3507283996375)","(347.11760130038016, 697.9167487396339)","(453.6245745580382, 110.35193268514398)"
940.0,"(873.039903055773, 764.3492866322041)","(347.18183025313135, 697.6751402927027)","(453.656451685248, 110.31017302171826)"
941.0,"(873.2898988983518, 764.3478448647707)","(347.24605920588255, 697.4335318457715)","(453.68816942682173, 110.26862215660967)"
942.0,"(873.5398947409305, 764.3464030973372)","(347.31028815863374, 697.1919233988403)","(453.7197285796876, 110.22727904582662)"
943.0,"(873.7898905835093, 764.3449613299038)","(347.37451711138493, 696.9503149519091)","(453.7511299367892, 110.18614265059749)"
944.0,"(874.0398864260881, 764.3435195624703)","(347.4387460641361, 696.708706504978)","(453.78237428710526, 110.1452119373445)"
945.0,"(874.2898822686668, 764.3420777950369)","(347.5029750168873, 696.4670980580468)","(453.81346241566973, 110.10448587765778)"
946.0,"(874.5398781112456, 764.3406360276034)","(347.5672039696385, 696.2254896111156)","(453.8443951035914, 110.06396344826949)"
947.0,"(874.7898739538243, 764.33919426017)","(347.6314329223897, 695.9838811641844)","(453.82679723959274, 110.0354737047953)"
948.0,"(875.0398697964031, 764.3377524927365)","(347.6956618751409, 695.7422727172532)","(453.85865416017634, 110.01434767518818)"
949.0,"(875.2898656389818, 764.3363107253031)","(347.7598908278921, 695.500664270322)","(453.9399652575471, 110.00058944025176)"
950.0,"(875.5398614815606, 764.3348689578696)","(347.8241197806433, 695.2590558233908)","(454.0707299233594, 109.99420308217245)"
951.0,"(875.7898573241393, 764.3334271904362)","(347.8883487333945, 695.0174473764596)","(454.2509475485214, 109.99519268583079)"
952.0,"(876.0398531667181, 764.3319854230027)","(347.9525776861457, 694.7758389295284)","(454.48061752299805, 110.00356234011669)"
953.0,"(876.2898490092969, 764.3305436555693)","(348.01680663889687, 694.5342304825972)","(454.73035898406357, 110.01492907337017)"
954.0,"(876.5398448518756, 764.3291018881358)","(348.08103559164806, 694.292622035666)","(454.9801004451291, 110.02629580662365)"
955.0,"(876.7898406944544, 764.3276601207024)","(348.14526454439925, 694.0510135887348)","(455.2298419061946, 110.03766253987713)"
956.0,"(877.0398365370331, 764.3262183532689)","(348.20949349715045, 693.8094051418036)","(455.47958336726015, 110.04902927313061)"
957.0,"(877.2898323796119, 764.3247765858355)","(348.27372244990164, 693.5677966948724)","(455.7293248283257, 110.0603960063841)"
958.0,"(877.5398282221906, 764.323334818402)","(348.33795140265283, 693.3261882479412)","(455.9790662893912, 110.07176273963758)"
959.0,"(877.7898240647694, 764.3218930509686)","(348.402180355404, 693.08457980101)","(456.2288077504567, 110.08312947289106)"
960.0,"(878.0398199073481, 764.3204512835351)","(348.4664093081552, 692.8429713540788)","(456.47854921152225, 110.09449620614454)"
961.0,"(878.2898157499269, 764.3190095161017)","(348.5306382609064, 692.6013629071476)","(456.7282906725878, 110.10586293939802)"
962.0,"(878.5398115925057, 764.3175677486682)","(348.5948672136576, 692.3597544602164)","(456.9780321336533, 110.1172296726515)"
963.0,"(878.7898074350844, 764.3161259812348)","(348.6590961664088, 692.1181460132852)","(457.2277735947188, 110.12859640590499)"
964.0,"(879.0398032776632, 764.3146842138013)","(348.72332511916, 691.876537566354)","(457.47751505578435, 110.13996313915847)"
965.0,"(879.2897991202419, 764.3132424463679)","(348.7875540719112, 691.6349291194228)","(457.7272565168499, 110.15132987241195)"
966.0,"(879.5397949628207, 764.3118006789344)","(348.8517830246624, 691.3933206724917)","(457.9769979779154, 110.16269660566543)"
967.0,"(879.7897908053994, 764.310358911501)","(348.9160119774136, 691.1517122255605)","(458.2267394389809, 110.17406333891891)"
968.0,"(880.0397866479782, 764.3089171440675)","(348.98024093016477, 690.9101037786293)","(458.47648090004645, 110.1854300721724)"
969.0,"(880.289782490557, 764.3074753766341)","(349.04446988291596, 690.6684953316981)","(458.726222361112, 110.19679680542588)"
970.0,"(880.5397783331357, 764.3060336092007)","(349.10869883566716, 690.4268868847669)","(458.9759638221775, 110.20816353867936)"
971.0,"(880.7897741757145, 764.3045918417672)","(349.17292778841835, 690.1852784378357)","(459.22570528324303, 110.21953027193284)"
972.0,"(881.0397700182932, 764.3031500743338)","(349.23715674116954, 689.9436699909045)","(459.47544674430856, 110.23089700518632)"
973.0,"(881.289765860872, 764.3017083069003)","(349.30138569392074, 689.7020615439733)","(459.7251882053741, 110.2422637384398)"
974.0,"(881.5397617034507, 764.3002665394669)","(349.36561464667193, 689.4604530970421)","(459.9749296664396, 110.25363047169328)"
975.0,"(881.7897575460295, 764.2988247720334)","(349.4298435994231, 689.2188446501109)","(460.22467112750513, 110.26499720494677)"
976.0,"(882.0397533886082, 764.2973830046)","(349.4940725521743, 688.9772362031797)","(460.47441258857066, 110.27636393820025)"
977.0,"(882.289749231187, 764.2959412371665)","(349.5583015049255, 688.7356277562485)","(460.7241540496362, 110.28773067145373)"
978.0,"(882.5397450737657, 764.2944994697331)","(349.6225304576767, 688.4940193093173)","(460.9738955107017, 110.29909740470721)"
979.0,"(882.7897409163445, 764.2930577022996)","(349.6867594104279, 688.2524108623861)","(461.22363697176723, 110.3104641379607)"
980.0,"(883.0397367589233, 764.2916159348662)","(349.7509883631791, 688.0108024154549)","(461.47337843283276, 110.32183087121417)"
981.0,"(883.289732601502, 764.2901741674327)","(349.8152173159303, 687.7691939685237)","(461.7231198938983, 110.33319760446766)"
982.0,"(883.5397284440808, 764.2887323999993)","(349.8794462686815, 687.5275855215925)","(461.9728613549638, 110.34456433772114)"
983.0,"(883.7897242866595, 764.2872906325658)","(349.94367522143267, 687.2859770746613)","(462.22260281602934, 110.35593107097462)"
984.0,"(884.0397201292383, 764.2858488651324)","(350.00790417418386, 687.0443686277301)","(462.47234427709486, 110.3672978042281)"
985.0,"(884.289715971817, 764.2844070976989)","(350.07213312693506, 686.8027601807989)","(462.7220857381604, 110.37866453748158)"
986.0,"(884.5397118143958, 764.2829653302655)","(350.13636207968625, 686.5611517338677)","(462.9718271992259, 110.39003127073507)"
987.0,"(884.7897076569745, 764.281523562832)","(350.20059103243744, 686.3195432869366)","(463.22156866029144, 110.40139800398855)"
988.0,"(885.0397034995533, 764.2800817953986)","(350.26481998518864, 686.0779348400054)","(463.47131012135696, 110.41276473724203)"
989.0,"(885.289699342132, 764.2786400279651)","(350.32904893793983, 685.8363263930742)","(463.7210515824225, 110.42413147049551)"
990.0,"(885.5396951847108, 764.2771982605317)","(350.393277890691, 685.594717946143)","(463.970793043488, 110.43549820374899)"
991.0,"(885.7896910272896, 764.2757564930982)","(350.4575068434422, 685.3531094992118)","(464.22053450455354, 110.44686493700247)"
992.0,"(886.0396868698683, 764.2743147256648)","(350.5217357961934, 685.1115010522806)","(464.47027596561907, 110.45823167025596)"
993.0,"(886.2896827124471, 764.2728729582313)","(350.5859647489446, 684.8698926053494)","(464.7200174266846, 110.46959840350944)"
994.0,"(886.5396785550258, 764.2714311907979)","(350.6501937016958, 684.6282841584182)","(464.9697588877501, 110.48096513676292)"
995.0,"(886.7896743976046, 764.2699894233644)","(350.714422654447, 684.386675711487)","(465.21950034881564, 110.4923318700164)"
996.0,"(887.0396702401833, 764.268547655931)","(350.7786516071982, 684.1450672645558)","(465.46924180988117, 110.50369860326988)"
997.0,"(887.2896660827621, 764.2671058884976)","(350.84288055994944, 683.9034588176246)","(465.7189832709467, 110.51506533652336)"
998.0,"(887.5396619253409, 764.2656641210641)","(350.9071095127007, 683.6618503706934)","(465.9687247320122, 110.52643206977685)"
999.0,"(887.7896577679196, 764.2642223536307)","(350.97133846545194, 683.4202419237622)","(466.21846619307775, 110.53779880303033)"
1000.0,"(888.0396536104984, 764.2627805861972)","(351.03556741820313, 683.178633476831)","(466.46820765414327, 110.54916553628381)"
1001.0,"(888.2896494530771, 764.2613388187638)","(351.0997963709544, 682.9370250298998)","(466.7179491152088, 110.56053226953729)"
1002.0,"(888.5396452956559, 764.2598970513303)","(351.1640253237056, 682.6954165829686)","(466.9676905762743, 110.57189900279077)"
1003.0,"(888.7896411382346, 764.2584552838969)","(351.2282542764568, 682.4538081360374)","(467.21743203733985, 110.58326573604425)"
1004.0,"(889.0396369808134, 764.2570135164634)","(351.2924832292081, 682.2121996891062)","(467.4671734984054, 110.59463246929774)"
1005.0,"(889.2896328233921, 764.25557174903)","(351.3567121819593, 681.970591242175)","(467.7169149594709, 110.60599920255122)"
1006.0,"(889.5396286659709, 764.2541299815965)","(351.4209411347106, 681.7289827952438)","(467.9666564205364, 110.6173659358047)"
1007.0,"(889.7896245085497, 764.2526882141631)","(351.48517008746177, 681.4873743483126)","(468.21639788160195, 110.62873266905818)"
1008.0,"(890.0396203511284, 764.2512464467296)","(351.549399040213, 681.2457659013814)","(468.4661393426675, 110.64009940231166)"
1009.0,"(890.2896161937072, 764.2498046792962)","(351.6136279929642, 681.0041574544503)","(468.715880803733, 110.65146613556514)"
1010.0,"(890.5396120362859, 764.2483629118627)","(351.67785694571546, 680.762549007519)","(468.9656222647985, 110.66283286881863)"
1011.0,"(890.7896078788647, 764.2469211444293)","(351.7420858984667, 680.5209405605879)","(469.21536372586405, 110.67419960207211)"
1012.0,"(891.0396037214434, 764.2454793769958)","(351.80631485121796, 680.2793321136567)","(469.4651051869296, 110.68556633532559)"
1013.0,"(891.2895995640222, 764.2440376095624)","(351.8705438039692, 680.0377236667255)","(469.7148466479951, 110.69693306857907)"
1014.0,"(891.5395954066009, 764.2425958421289)","(351.9347727567204, 679.7961152197943)","(469.9645881090606, 110.70829980183255)"
1015.0,"(891.7895912491797, 764.2411540746955)","(351.99900170947166, 679.5545067728631)","(470.21432957012615, 110.71966653508603)"
1016.0,"(892.0395870917584, 764.239712307262)","(352.0632306622229, 679.3128983259319)","(470.4640710311917, 110.73103326833952)"
1017.0,"(892.2895829343372, 764.2382705398286)","(352.1274596149741, 679.0712898790007)","(470.7138124922572, 110.742400001593)"
1018.0,"(892.539578776916, 764.2368287723951)","(352.19168856772535, 678.8296814320695)","(470.96355395332273, 110.75376673484648)"
1019.0,"(892.7895746194947, 764.2353870049617)","(352.2559175204766, 678.5880729851383)","(471.21329541438826, 110.76513346809996)"
1020.0,"(893.0395704620735, 764.2339452375282)","(352.32014647322785, 678.3464645382071)","(471.4630368754538, 110.77650020135344)"
1021.0,"(893.2895663046522, 764.2325034700948)","(352.3843754259791, 678.1048560912759)","(471.7127783365193, 110.78786693460692)"
1022.0,"(893.539562147231, 764.2310617026613)","(352.4486043787303, 677.8632476443447)","(471.96251979758483, 110.7992336678604)"
1023.0,"(893.7895579898097, 764.2296199352279)","(352.51283333148154, 677.6216391974135)","(472.21226125865036, 110.81060040111389)"
1024.0,"(894.0395538323885, 764.2281781677945)","(352.57706228423274, 677.3800307504823)","(472.4620027197159, 110.82196713436737)"
1025.0,"(894.2895496749672, 764.226736400361)","(352.641291236984, 677.1384223035511)","(472.7117441807814, 110.83333386762085)"
1026.0,"(894.539545517546, 764.2252946329276)","(352.70552018973524, 676.8968138566199)","(472.96148564184693, 110.84470060087433)"
1027.0,"(894.7895413601248, 764.2238528654941)","(352.7697491424865, 676.6552054096887)","(473.21122710291246, 110.85606733412781)"
1028.0,"(895.0395372027035, 764.2224110980607)","(352.8339780952377, 676.4135969627575)","(473.460968563978, 110.8674340673813)"
1029.0,"(895.2895330452823, 764.2209693306272)","(352.89820704798893, 676.1719885158263)","(473.7107100250435, 110.87880080063478)"
1030.0,"(895.539528887861, 764.2195275631938)","(352.9624360007402, 675.9303800688951)","(473.96045148610904, 110.89016753388826)"
1031.0,"(895.7895247304398, 764.2180857957603)","(353.0266649534914, 675.688771621964)","(474.21019294717456, 110.90153426714174)"
1032.0,"(896.0395205730185, 764.2166440283269)","(353.0908939062426, 675.4471631750328)","(474.4599344082401, 110.91290100039522)"
1033.0,"(896.2895164155973, 764.2152022608934)","(353.1551228589939, 675.2055547281016)","(474.7096758693056, 110.9242677336487)"
1034.0,"(896.539512258176, 764.21376049346)","(353.2193518117451, 674.9639462811704)","(474.95941733037114, 110.93563446690219)"
1035.0,"(896.7895081007548, 764.2123187260265)","(353.2835807644964, 674.7223378342392)","(475.20915879143666, 110.94700120015567)"
1036.0,"(897.0395039433336, 764.2108769585931)","(353.34780971724757, 674.480729387308)","(475.4589002525022, 110.95836793340915)"
1037.0,"(897.2894997859123, 764.2094351911596)","(353.4120386699988, 674.2391209403768)","(475.7086417135677, 110.96973466666263)"
1038.0,"(897.5394956284911, 764.2079934237262)","(353.47626762275, 673.9975124934456)","(475.95838317463324, 110.98110139991611)"
1039.0,"(897.7894914710698, 764.2065516562927)","(353.54049657550127, 673.7559040465144)","(476.20812463569877, 110.9924681331696)"
1040.0,"(898.0394873136486, 764.2051098888593)","(353.6047255282525, 673.5142955995832)","(476.4578660967643, 111.00383486642308)"
1041.0,"(898.2894831562273, 764.2036681214258)","(353.66895448100377, 673.272687152652)","(476.7076075578298, 111.01520159967656)"
1042.0,"(898.5394789988061, 764.2022263539924)","(353.733183433755, 673.0310787057208)","(476.95734901889534, 111.02656833293004)"
1043.0,"(898.7894748413848, 764.2007845865589)","(353.7974123865062, 672.7894702587896)","(477.20709047996087, 111.03793506618352)"
1044.0,"(899.0394706839636, 764.1993428191255)","(353.86164133925746, 672.5478618118584)","(477.4568319410264, 111.049301799437)"
1045.0,"(899.2894665265424, 764.197901051692)","(353.92587029200865, 672.3062533649272)","(477.7065734020919, 111.06066853269049)"
1046.0,"(899.5394623691211, 764.1964592842586)","(353.9900992447599, 672.064644917996)","(477.95631486315744, 111.07203526594397)"
1047.0,"(899.7894582116999, 764.1950175168251)","(354.05432819751115, 671.8230364710648)","(478.20605632422297, 111.08340199919745)"
1048.0,"(900.0394540542786, 764.1935757493917)","(354.1185571502624, 671.5814280241336)","(478.4557977852885, 111.09476873245093)"
1049.0,"(900.2894498968574, 764.1921339819582)","(354.18278610301365, 671.3398195772024)","(478.705539246354, 111.10613546570441)"
1050.0,"(900.5394457394361, 764.1906922145248)","(354.24701505576485, 671.0982111302712)","(478.95528070741955, 111.1175021989579)"
1051.0,"(900.7894415820149, 764.1892504470914)","(354.3112440085161, 670.85660268334)","(479.2050221684851, 111.12886893221138)"
1052.0,"(901.0394374245936, 764.1878086796579)","(354.3754729612673, 670.6149942364088)","(479.4547636295506, 111.14023566546486)"
1053.0,"(901.2894332671724, 764.1863669122245)","(354.43970191401854, 670.3733857894777)","(479.7045050906161, 111.15160239871834)"
1054.0,"(901.5394291097512, 764.184925144791)","(354.5039308667698, 670.1317773425465)","(479.95424655168165, 111.16296913197182)"
1055.0,"(901.7894249523299, 764.1834833773576)","(354.56815981952104, 669.8901688956153)","(480.2039880127472, 111.1743358652253)"
1056.0,"(902.0394207949087, 764.1820416099241)","(354.6323887722723, 669.6485604486841)","(480.4537294738127, 111.18570259847878)"
1057.0,"(902.2894166374874, 764.1805998424907)","(354.69661772502354, 669.4069520017529)","(480.7034709348782, 111.19706933173227)"
1058.0,"(902.5394124800662, 764.1791580750572)","(354.76084667777474, 669.1653435548217)","(480.95321239594375, 111.20843606498575)"
1059.0,"(902.7894083226449, 764.1777163076238)","(354.825075630526, 668.9237351078905)","(481.2029538570093, 111.21980279823923)"
1060.0,"(903.0394041652237, 764.1762745401903)","(354.8893045832772, 668.6821266609593)","(481.4526953180748, 111.23116953149271)"
1061.0,"(903.2894000078024, 764.1748327727569)","(354.95353353602843, 668.4405182140281)","(481.7024367791403, 111.24253626474619)"
1062.0,"(903.5393958503812, 764.1733910053234)","(355.0177624887797, 668.1989097670969)","(481.95217824020585, 111.25390299799967)"
1063.0,"(903.78939169296, 764.17194923789)","(355.08199144153093, 667.9573013201657)","(482.2019197012714, 111.26526973125316)"
1064.0,"(904.0393875355387, 764.1705074704565)","(355.1462203942822, 667.7156928732345)","(482.4516611623369, 111.27663646450664)"
1065.0,"(904.2893833781175, 764.1690657030231)","(355.2104493470334, 667.4740844263033)","(482.70140262340243, 111.28800319776012)"
1066.0,"(904.5393792206962, 764.1676239355896)","(355.2746782997846, 667.2324759793721)","(482.95114408446796, 111.2993699310136)"
1067.0,"(904.789375063275, 764.1661821681562)","(355.3389072525358, 666.9908675324409)","(483.2008855455335, 111.31073666426708)"
1068.0,"(905.0393709058537, 764.1647404007227)","(355.40313620528707, 666.7492590855097)","(483.450627006599, 111.32210339752056)"
1069.0,"(905.2893667484325, 764.1632986332893)","(355.4673651580383, 666.5076506385785)","(483.70036846766453, 111.33347013077405)"
1070.0,"(905.5393625910112, 764.1618568658558)","(355.53159411078957, 666.2660421916473)","(483.95010992873006, 111.34483686402753)"
1071.0,"(905.78935843359, 764.1604150984224)","(355.5958230635408, 666.0244337447161)","(484.1998513897956, 111.35620359728101)"
1072.0,"(906.0393542761688, 764.1589733309889)","(355.660052016292, 665.7828252977849)","(484.4495928508611, 111.36757033053449)"
1073.0,"(906.2893501187475, 764.1575315635555)","(355.72428096904326, 665.5412168508537)","(484.69933431192663, 111.37893706378797)"
1074.0,"(906.5393459613263, 764.156089796122)","(355.78850992179446, 665.2996084039225)","(484.94907577299216, 111.39030379704145)"
1075.0,"(906.789341803905, 764.1546480286886)","(355.8527388745457, 665.0579999569914)","(485.1988172340577, 111.40167053029494)"
1076.0,"(907.0393376464838, 764.1532062612551)","(355.91696782729696, 664.8163915100602)","(485.4485586951232, 111.41303726354842)"
1077.0,"(907.2893334890625, 764.1517644938217)","(355.9811967800482, 664.574783063129)","(485.69830015618874, 111.4244039968019)"
1078.0,"(907.5393293316413, 764.1503227263883)","(356.04542573279946, 664.3331746161978)","(485.94804161725426, 111.43577073005538)"
1079.0,"(907.78932517422, 764.1488809589548)","(356.10965468555065, 664.0915661692666)","(486.1977830783198, 111.44713746330886)"
1080.0,"(908.0393210167988, 764.1474391915214)","(356.1738836383019, 663.8499577223354)","(486.4475245393853, 111.45850419656234)"
1081.0,"(908.2893168593775, 764.1459974240879)","(356.2381125910531, 663.6083492754042)","(486.69726600045084, 111.46987092981583)"
1082.0,"(908.5393127019563, 764.1445556566545)","(356.30234154380435, 663.366740828473)","(486.94700746151636, 111.48123766306931)"
1083.0,"(908.7893085445351, 764.143113889221)","(356.3665704965556, 663.1251323815418)","(487.1967489225819, 111.49260439632279)"
1084.0,"(909.0393043871138, 764.1416721217876)","(356.43079944930685, 662.8835239346106)","(487.4464903836474, 111.50397112957627)"
1085.0,"(909.2893002296926, 764.1402303543541)","(356.4950284020581, 662.6419154876794)","(487.69623184471294, 111.51533786282975)"
1086.0,"(909.5392960722713, 764.1387885869207)","(356.55925735480935, 662.4003070407482)","(487.94597330577847, 111.52670459608323)"
1087.0,"(909.7892919148501, 764.1373468194872)","(356.62348630756054, 662.158698593817)","(488.195714766844, 111.53807132933672)"
1088.0,"(910.0392877574288, 764.1359050520538)","(356.68771526031173, 661.9170901468858)","(488.4454562279095, 111.5494380625902)"
1089.0,"(910.2892836000076, 764.1344632846203)","(356.751944213063, 661.6754816999546)","(488.69519768897504, 111.56080479584368)"
1090.0,"(910.5392794425863, 764.1330215171869)","(356.81617316581423, 661.4338732530234)","(488.94493915004057, 111.57217152909716)"
1091.0,"(910.7892752851651, 764.1315797497534)","(356.8804021185655, 661.1922648060922)","(489.1946806111061, 111.58353826235064)"
1092.0,"(911.0392711277439, 764.13013798232)","(356.94463107131673, 660.950656359161)","(489.4444220721716, 111.59490499560413)"
1093.0,"(911.2892669703226, 764.1286962148865)","(357.008860024068, 660.7090479122298)","(489.69416353323714, 111.6062717288576)"
1094.0,"(911.5392628129014, 764.1272544474531)","(357.0730889768192, 660.4674394652986)","(489.94390499430267, 111.61763846211109)"
1095.0,"(911.7892586554801, 764.1258126800196)","(357.13731792957043, 660.2258310183674)","(490.1936464553682, 111.62900519536457)"
1096.0,"(912.0392544980589, 764.1243709125862)","(357.2015468823216, 659.9842225714362)","(490.4433879164337, 111.64037192861805)"
1097.0,"(912.2892503406376, 764.1229291451527)","(357.2657758350729, 659.742614124505)","(490.69312937749925, 111.65173866187153)"
1098.0,"(912.5392461832164, 764.1214873777193)","(357.3300047878241, 659.5010056775739)","(490.9428708385648, 111.66310539512502)"
1099.0,"(912.7892420257951, 764.1200456102858)","(357.3942337405754, 659.2593972306427)","(491.1926122996303, 111.6744721283785)"
1100.0,"(913.0392378683739, 764.1186038428524)","(357.4584626933266, 659.0177887837115)","(491.4423537606958, 111.68583886163198)"
1101.0,"(913.2892337109527, 764.117162075419)","(357.5226916460778, 658.7761803367803)","(491.69209522176135, 111.69720559488546)"
1102.0,"(913.5392295535314, 764.1157203079855)","(357.58692059882907, 658.5345718898491)","(491.9418366828269, 111.70857232813894)"
1103.0,"(913.7892253961102, 764.114278540552)","(357.65114955158026, 658.2929634429179)","(492.1915781438924, 111.71993906139242)"
1104.0,"(914.0392212386889, 764.1128367731186)","(357.7153785043315, 658.0513549959867)","(492.4413196049579, 111.7313057946459)"
1105.0,"(914.2892170812677, 764.1113950056852)","(357.77960745708276, 657.8097465490555)","(492.69106106602345, 111.74267252789939)"
1106.0,"(914.5392129238464, 764.1099532382517)","(357.843836409834, 657.5681381021243)","(492.940802527089, 111.75403926115287)"
1107.0,"(914.7892087664252, 764.1085114708183)","(357.90806536258526, 657.3265296551931)","(493.1905439881545, 111.76540599440635)"
1108.0,"(915.039204609004, 764.1070697033848)","(357.97229431533646, 657.0849212082619)","(493.44028544922, 111.77677272765983)"
1109.0,"(915.2892004515827, 764.1056279359514)","(358.0365232680877, 656.8433127613307)","(493.69002691028555, 111.78813946091331)"
1110.0,"(915.5391962941615, 764.1041861685179)","(358.10075222083896, 656.6017043143995)","(493.9397683713511, 111.7995061941668)"
1111.0,"(915.7891921367402, 764.1027444010845)","(358.16498117359015, 656.3600958674683)","(494.1895098324166, 111.81087292742028)"
1112.0,"(916.039187979319, 764.101302633651)","(358.2292101263414, 656.1184874205371)","(494.43925129348213, 111.82223966067376)"
1113.0,"(916.2891838218977, 764.0998608662176)","(358.29343907909265, 655.8768789736059)","(494.68899275454766, 111.83360639392724)"
1114.0,"(916.5391796644765, 764.0984190987841)","(358.3576680318439, 655.6352705266747)","(494.9387342156132, 111.84497312718072)"
1115.0,"(916.7891755070552, 764.0969773313507)","(358.4218969845951, 655.3936620797435)","(495.1884756766787, 111.8563398604342)"
1116.0,"(917.039171349634, 764.0955355639172)","(358.48612593734634, 655.1520536328123)","(495.43821713774423, 111.86770659368769)"
1117.0,"(917.2891671922127, 764.0940937964838)","(358.55035489009754, 654.9104451858811)","(495.68795859880976, 111.87907332694117)"
1118.0,"(917.5391630347915, 764.0926520290503)","(358.6145838428488, 654.66883673895)","(495.9377000598753, 111.89044006019465)"
1119.0,"(917.7891588773703, 764.0912102616169)","(358.67881279560004, 654.4272282920188)","(496.1874415209408, 111.90180679344813)"
1120.0,"(918.039154719949, 764.0897684941834)","(358.7430417483513, 654.1856198450876)","(496.43718298200633, 111.91317352670161)"
1121.0,"(918.2891505625278, 764.08832672675)","(358.80727070110254, 653.9440113981564)","(496.68692444307186, 111.9245402599551)"
1122.0,"(918.5391464051065, 764.0868849593165)","(358.87149965385373, 653.7024029512252)","(496.9366659041374, 111.93590699320858)"
1123.0,"(918.7891422476853, 764.0854431918831)","(358.935728606605, 653.460794504294)","(497.1864073652029, 111.94727372646206)"
1124.0,"(919.039138090264, 764.0840014244496)","(358.9999575593562, 653.2191860573628)","(497.43614882626844, 111.95864045971554)"
1125.0,"(919.2891339328428, 764.0825596570162)","(359.0641865121074, 652.9775776104316)","(497.68589028733396, 111.97000719296902)"
1126.0,"(919.5391297754215, 764.0811178895827)","(359.1284154648587, 652.7359691635004)","(497.9356317483995, 111.9813739262225)"
1127.0,"(919.7891256180003, 764.0796761221493)","(359.1926444176099, 652.4943607165692)","(498.185373209465, 111.99274065947598)"
1128.0,"(920.039121460579, 764.0782343547158)","(359.2568733703612, 652.252752269638)","(498.43511467053054, 112.00410739272947)"
1129.0,"(920.2891173031578, 764.0767925872824)","(359.3211023231124, 652.0111438227068)","(498.68485613159606, 112.01547412598295)"
1130.0,"(920.5391131457366, 764.075350819849)","(359.3853312758636, 651.7695353757756)","(498.9345975926616, 112.02684085923643)"
1131.0,"(920.7891089883153, 764.0739090524155)","(359.4495602286148, 651.5279269288444)","(499.1843390537271, 112.03820759248991)"
1132.0,"(921.0391048308941, 764.072467284982)","(359.51378918136606, 651.2863184819132)","(499.43408051479264, 112.0495743257434)"
1133.0,"(921.2891006734728, 764.0710255175486)","(359.5780181341173, 651.044710034982)","(499.68382197585817, 112.06094105899687)"
1134.0,"(921.5390965160516, 764.0695837501152)","(359.64224708686857, 650.8031015880508)","(499.9335634369237, 112.07230779225036)"
1135.0,"(921.7890923586303, 764.0681419826817)","(359.7064760396198, 650.5614931411196)","(500.1833048979892, 112.08367452550384)"
1136.0,"(922.0390882012091, 764.0667002152483)","(359.77070499237107, 650.3198846941884)","(500.43304635905474, 112.09504125875732)"
1137.0,"(922.2890840437879, 764.0652584478148)","(359.83493394512226, 650.0782762472572)","(500.68278782012027, 112.1064079920108)"
1138.0,"(922.5390798863666, 764.0638166803814)","(359.8991628978735, 649.836667800326)","(500.9325292811858, 112.11777472526428)"
1139.0,"(922.7890757289454, 764.0623749129479)","(359.9633918506247, 649.5950593533948)","(501.1822707422513, 112.12914145851776)"
1140.0,"(923.0390715715241, 764.0609331455145)","(360.02762080337595, 649.3534509064636)","(501.43201220331684, 112.14050819177125)"
1141.0,"(923.2890674141029, 764.059491378081)","(360.0918497561272, 649.1118424595325)","(501.68175366438237, 112.15187492502473)"
1142.0,"(923.5390632566816, 764.0580496106476)","(360.15607870887845, 648.8702340126013)","(501.9314951254479, 112.16324165827821)"
1143.0,"(923.7890590992604, 764.0566078432141)","(360.2203076616297, 648.6286255656701)","(502.1812365865134, 112.17460839153169)"
1144.0,"(924.0390549418391, 764.0551660757807)","(360.2845366143809, 648.3870171187389)","(502.43097804757895, 112.18597512478517)"
1145.0,"(924.2890507844179, 764.0537243083472)","(360.34876556713215, 648.1454086718077)","(502.6807195086445, 112.19734185803866)"
1146.0,"(924.5390466269967, 764.0522825409138)","(360.41299451988334, 647.9038002248765)","(502.93046096971, 112.20870859129214)"
1147.0,"(924.7890424695754, 764.0508407734803)","(360.4772234726346, 647.6621917779453)","(503.1802024307755, 112.22007532454562)"
1148.0,"(925.0390383121542, 764.0493990060469)","(360.54145242538584, 647.4205833310141)","(503.42994389184105, 112.2314420577991)"
1149.0,"(925.2890341547329, 764.0479572386134)","(360.6056813781371, 647.1789748840829)","(503.6796853529066, 112.24280879105258)"
1150.0,"(925.5390299973117, 764.04651547118)","(360.66991033088834, 646.9373664371517)","(503.9294268139721, 112.25417552430606)"
1151.0,"(925.7890258398904, 764.0450737037465)","(360.73413928363954, 646.6957579902205)","(504.1791682750376, 112.26554225755955)"
1152.0,"(926.0390216824692, 764.0436319363131)","(360.7983682363908, 646.4541495432893)","(504.42890973610315, 112.27690899081303)"
1153.0,"(926.2890175250479, 764.0421901688796)","(360.86259718914204, 646.2125410963581)","(504.6786511971687, 112.28827572406651)"
1154.0,"(926.5390133676267, 764.0407484014462)","(360.92682614189323, 645.9709326494269)","(504.9283926582342, 112.29964245731999)"
1155.0,"(926.7890092102054, 764.0393066340127)","(360.9910550946445, 645.7293242024957)","(505.1781341192997, 112.31100919057347)"
1156.0,"(927.0390050527842, 764.0378648665793)","(361.05528404739573, 645.4877157555645)","(505.42787558036525, 112.32237592382695)"
1157.0,"(927.289000895363, 764.0364230991458)","(361.119513000147, 645.2461073086333)","(505.6776170414308, 112.33374265708044)"
1158.0,"(927.5389967379417, 764.0349813317124)","(361.1837419528982, 645.0044988617021)","(505.9273585024963, 112.34510939033392)"
1159.0,"(927.7889925805205, 764.033539564279)","(361.2479709056494, 644.7628904147709)","(506.17709996356183, 112.3564761235874)"
1160.0,"(928.0389884230992, 764.0320977968455)","(361.3121998584007, 644.5212819678397)","(506.42684142462736, 112.36784285684088)"
1161.0,"(928.288984265678, 764.0306560294121)","(361.37642881115187, 644.2796735209085)","(506.6765828856929, 112.37920959009436)"
1162.0,"(928.5389801082567, 764.0292142619786)","(361.4406577639031, 644.0380650739774)","(506.9263243467584, 112.39057632334784)"
1163.0,"(928.7889759508355, 764.0277724945452)","(361.50488671665437, 643.7964566270462)","(507.17606580782393, 112.40194305660133)"
1164.0,"(929.0389717934142, 764.0263307271117)","(361.5691156694056, 643.554848180115)","(507.42580726888946, 112.41330978985481)"
1165.0,"(929.288967635993, 764.0248889596783)","(361.6333446221568, 643.3132397331838)","(507.675548729955, 112.42467652310829)"
1166.0,"(929.5389634785718, 764.0234471922448)","(361.69757357490806, 643.0716312862526)","(507.9252901910205, 112.43604325636177)"
1167.0,"(929.7889593211505, 764.0220054248114)","(361.76180252765926, 642.8300228393214)","(508.17503165208603, 112.44740998961525)"
1168.0,"(930.0389551637293, 764.0205636573779)","(361.8260314804105, 642.5884143923902)","(508.42477311315156, 112.45877672286873)"
1169.0,"(930.288951006308, 764.0191218899445)","(361.89026043316176, 642.346805945459)","(508.6745145742171, 112.47014345612222)"
1170.0,"(930.5389468488868, 764.017680122511)","(361.954489385913, 642.1051974985278)","(508.9242560352826, 112.4815101893757)"
1171.0,"(930.7889426914655, 764.0162383550776)","(362.01871833866426, 641.8635890515966)","(509.17399749634814, 112.49287692262918)"
1172.0,"(931.0389385340443, 764.0147965876441)","(362.0829472914155, 641.6219806046654)","(509.42373895741366, 112.50424365588266)"
1173.0,"(931.288934376623, 764.0133548202107)","(362.1471762441667, 641.3803721577342)","(509.6734804184792, 112.51561038913614)"
1174.0,"(931.5389302192018, 764.0119130527772)","(362.21140519691795, 641.138763710803)","(509.9232218795447, 112.52697712238962)"
1175.0,"(931.7889260617806, 764.0104712853438)","(362.27563414966914, 640.8971552638718)","(510.17296334061024, 112.5383438556431)"
1176.0,"(932.0389219043593, 764.0090295179103)","(362.3398631024204, 640.6555468169406)","(510.42270480167576, 112.54971058889659)"
1177.0,"(932.2889177469381, 764.0075877504769)","(362.40409205517165, 640.4139383700094)","(510.6724462627413, 112.56107732215007)"
1178.0,"(932.5389135895168, 764.0061459830434)","(362.4683210079229, 640.1723299230782)","(510.9221877238068, 112.57244405540355)"
1179.0,"(932.7889094320956, 764.00470421561)","(362.53254996067415, 639.930721476147)","(511.17192918487234, 112.58381078865703)"
1180.0,"(933.0389052746743, 764.0032624481765)","(362.59677891342534, 639.6891130292158)","(511.42167064593787, 112.59517752191051)"
1181.0,"(933.2889011172531, 764.0018206807431)","(362.6610078661766, 639.4475045822846)","(511.6714121070034, 112.606544255164)"
1182.0,"(933.5388969598318, 764.0003789133096)","(362.72523681892784, 639.2058961353534)","(511.9211535680689, 112.61791098841748)"
1183.0,"(933.7888928024106, 763.9989371458762)","(362.78946577167903, 638.9642876884222)","(512.1708950291345, 112.62927772167096)"
1184.0,"(934.0388886449894, 763.9974953784427)","(362.8536947244303, 638.722679241491)","(512.4206364902001, 112.64064445492444)"
1185.0,"(934.2888844875681, 763.9960536110093)","(362.91792367718153, 638.4810707945599)","(512.6703779512657, 112.65201118817792)"
1186.0,"(934.5388803301469, 763.9946118435759)","(362.9821526299328, 638.2394623476287)","(512.9201194123312, 112.6633779214314)"
1187.0,"(934.7888761727256, 763.9931700761424)","(363.046381582684, 637.9978539006975)","(513.1698608733968, 112.67474465468489)"
1188.0,"(935.0388720153044, 763.991728308709)","(363.1106105354352, 637.7562454537663)","(513.4196023344624, 112.68611138793837)"
1189.0,"(935.2888678578831, 763.9902865412755)","(363.1748394881865, 637.5146370068351)","(513.669343795528, 112.69747812119185)"
1190.0,"(935.5388637004619, 763.9888447738421)","(363.2390684409377, 637.2730285599039)","(513.9190852565936, 112.70884485444533)"
1191.0,"(935.7888595430406, 763.9874030064086)","(363.3032973936889, 637.0314201129727)","(514.1688267176592, 112.72021158769881)"
1192.0,"(936.0388553856194, 763.9859612389752)","(363.3675263464402, 636.7898116660415)","(514.4185681787247, 112.7315783209523)"
1193.0,"(936.2888512281982, 763.9845194715417)","(363.4317552991914, 636.5482032191103)","(514.6683096397903, 112.74294505420578)"
1194.0,"(936.5388470707769, 763.9830777041083)","(363.4959842519426, 636.3065947721791)","(514.9180511008559, 112.75431178745926)"
1195.0,"(936.7888429133557, 763.9816359366748)","(363.56021320469387, 636.0649863252479)","(515.1677925619215, 112.76567852071274)"
1196.0,"(937.0388387559344, 763.9801941692414)","(363.6244421574451, 635.8233778783167)","(515.4175340229871, 112.77704525396622)"
1197.0,"(937.2888345985132, 763.9787524018079)","(363.6886711101963, 635.5817694313855)","(515.6672754840527, 112.7884119872197)"
1198.0,"(937.5388304410919, 763.9773106343745)","(363.75290006294756, 635.3401609844543)","(515.9170169451182, 112.79977872047318)"
1199.0,"(937.7888262836707, 763.975868866941)","(363.8171290156988, 635.0985525375231)","(516.1667584061838, 112.81114545372667)"
1200.0,"(938.0388221262494, 763.9744270995076)","(363.88135796845006, 634.8569440905919)","(516.4164998672494, 112.82251218698015)"
1201.0,"(938.2888179688282, 763.9729853320741)","(363.94558692120125, 634.6153356436607)","(516.666241328315, 112.83387892023363)"
1202.0,"(938.538813811407, 763.9715435646407)","(364.0098158739525, 634.3737271967295)","(516.9159827893806, 112.84524565348711)"
1203.0,"(938.7888096539857, 763.9701017972072)","(364.07404482670376, 634.1321187497983)","(517.1657242504461, 112.8566123867406)"
1204.0,"(939.0388054965645, 763.9686600297738)","(364.13827377945495, 633.8905103028671)","(517.4154657115117, 112.86797911999408)"
1205.0,"(939.2888013391432, 763.9672182623403)","(364.2025027322062, 633.648901855936)","(517.6652071725773, 112.87934585324756)"
1206.0,"(939.538797181722, 763.9657764949069)","(364.26673168495745, 633.4072934090048)","(517.9149486336429, 112.89071258650104)"
1207.0,"(939.7887930243007, 763.9643347274734)","(364.3309606377087, 633.1656849620736)","(518.1646900947085, 112.90207931975452)"
1208.0,"(940.0387888668795, 763.96289296004)","(364.3951895904599, 632.9240765151424)","(518.4144315557741, 112.913446053008)"
1209.0,"(940.2887847094582, 763.9614511926065)","(364.45941854321114, 632.6824680682112)","(518.6641730168396, 112.92481278626148)"
1210.0,"(940.538780552037, 763.9600094251731)","(364.5236474959624, 632.44085962128)","(518.9139144779052, 112.93617951951497)"
1211.0,"(940.7887763946158, 763.9585676577396)","(364.5878764487136, 632.1992511743488)","(519.1636559389708, 112.94754625276845)"
1212.0,"(941.0387722371945, 763.9571258903062)","(364.65210540146484, 631.9576427274176)","(519.4133974000364, 112.95891298602193)"
1213.0,"(941.2887680797733, 763.9556841228728)","(364.7163343542161, 631.7160342804864)","(519.663138861102, 112.97027971927541)"
1214.0,"(941.538763922352, 763.9542423554393)","(364.78056330696734, 631.4744258335552)","(519.9128803221676, 112.98164645252889)"
1215.0,"(941.7887597649308, 763.9528005880059)","(364.8447922597186, 631.232817386624)","(520.1626217832331, 112.99301318578237)"
1216.0,"(942.0387556075095, 763.9513588205724)","(364.9090212124698, 630.9912089396928)","(520.4123632442987, 113.00437991903586)"
1217.0,"(942.2887514500883, 763.949917053139)","(364.97325016522103, 630.7496004927616)","(520.6621047053643, 113.01574665228934)"
1218.0,"(942.538747292667, 763.9484752857055)","(365.0374791179723, 630.5079920458304)","(520.9118461664299, 113.02711338554282)"
1219.0,"(942.7887431352458, 763.9470335182721)","(365.1017080707235, 630.2663835988992)","(521.1615876274955, 113.0384801187963)"
1220.0,"(943.0387389778246, 763.9455917508386)","(365.1659370234747, 630.024775151968)","(521.411329088561, 113.04984685204978)"
1221.0,"(943.2887348204033, 763.9441499834052)","(365.230165976226, 629.7831667050368)","(521.6610705496266, 113.06121358530326)"
1222.0,"(943.5387306629821, 763.9427082159717)","(365.2943949289772, 629.5415582581056)","(521.9108120106922, 113.07258031855675)"
1223.0,"(943.7887265055608, 763.9412664485383)","(365.3586238817284, 629.2999498111744)","(522.1605534717578, 113.08394705181023)"
1224.0,"(944.0387223481396, 763.9398246811048)","(365.42285283447967, 629.0583413642432)","(522.4102949328234, 113.09531378506371)"
1225.0,"(944.2887181907183, 763.9383829136714)","(365.4870817872309, 628.816732917312)","(522.660036393889, 113.10668051831719)"
1226.0,"(944.5387140332971, 763.9369411462379)","(365.5513107399821, 628.5751244703808)","(522.9097778549545, 113.11804725157067)"
1227.0,"(944.7887098758758, 763.9354993788045)","(365.61553969273336, 628.3335160234496)","(523.1595193160201, 113.12941398482415)"
1228.0,"(945.0387057184546, 763.934057611371)","(365.6797686454846, 628.0919075765185)","(523.4092607770857, 113.14078071807764)"
1229.0,"(945.2887015610333, 763.9326158439376)","(365.74399759823586, 627.8502991295873)","(523.6590022381513, 113.15214745133112)"
1230.0,"(945.5386974036121, 763.9311740765041)","(365.80822655098706, 627.6086906826561)","(523.9087436992169, 113.1635141845846)"
1231.0,"(945.7886932461909, 763.9297323090707)","(365.8724555037383, 627.3670822357249)","(524.1584851602825, 113.17488091783808)"
1232.0,"(946.0386890887696, 763.9282905416372)","(365.93668445648956, 627.1254737887937)","(524.408226621348, 113.18624765109156)"
1233.0,"(946.2886849313484, 763.9268487742038)","(366.00091340924075, 626.8838653418625)","(524.6579680824136, 113.19761438434504)"
1234.0,"(946.5386807739271, 763.9254070067703)","(366.065142361992, 626.6422568949313)","(524.9077095434792, 113.20898111759853)"
1235.0,"(946.7886766165059, 763.9239652393369)","(366.12937131474325, 626.4006484480001)","(525.1574510045448, 113.22034785085201)"
1236.0,"(947.0386724590846, 763.9225234719034)","(366.1936002674945, 626.1590400010689)","(525.4071924656104, 113.23171458410549)"
1237.0,"(947.2886683016634, 763.92108170447)","(366.2578292202457, 625.9174315541377)","(525.656933926676, 113.24308131735897)"
1238.0,"(947.5386641442421, 763.9196399370365)","(366.32205817299695, 625.6758231072065)","(525.9066753877415, 113.25444805061245)"
1239.0,"(947.7886599868209, 763.9181981696031)","(366.3862871257482, 625.4342146602753)","(526.1564168488071, 113.26581478386593)"
1240.0,"(948.0386558293997, 763.9167564021697)","(366.4505160784994, 625.1926062133441)","(526.4061583098727, 113.27718151711942)"
1241.0,"(948.2886516719784, 763.9153146347362)","(366.51474503125064, 624.9509977664129)","(526.6558997709383, 113.2885482503729)"
1242.0,"(948.5386475145572, 763.9138728673028)","(366.5789739840019, 624.7093893194817)","(526.9056412320039, 113.29991498362638)"
1243.0,"(948.7886433571359, 763.9124310998693)","(366.64320293675314, 624.4677808725505)","(527.1553826930694, 113.31128171687986)"
1244.0,"(949.0386391997147, 763.9109893324359)","(366.70743188950433, 624.2261724256193)","(527.405124154135, 113.32264845013334)"
1245.0,"(949.2886350422934, 763.9095475650024)","(366.7716608422556, 623.9845639786881)","(527.6548656152006, 113.33401518338682)"
1246.0,"(949.5386308848722, 763.908105797569)","(366.83588979500684, 623.7429555317569)","(527.9046070762662, 113.3453819166403)"
1247.0,"(949.788626727451, 763.9066640301355)","(366.90011874775803, 623.5013470848257)","(528.1543485373318, 113.35674864989379)"
1248.0,"(950.0386225700297, 763.9052222627021)","(366.9643477005093, 623.2597386378945)","(528.4040899983974, 113.36811538314727)"
1249.0,"(950.2886184126085, 763.9037804952686)","(367.02857665326053, 623.0181301909633)","(528.6538314594629, 113.37948211640075)"
1250.0,"(950.5386142551872, 763.9023387278352)","(367.0928056060118, 622.7765217440322)","(528.9035729205285, 113.39084884965423)"
1251.0,"(950.788610097766, 763.9008969604017)","(367.157034558763, 622.534913297101)","(529.1533143815941, 113.40221558290771)"
1252.0,"(951.0386059403447, 763.8994551929683)","(367.2212635115142, 622.2933048501698)","(529.4030558426597, 113.4135823161612)"
1253.0,"(951.2886017829235, 763.8980134255348)","(367.2854924642655, 622.0516964032386)","(529.6527973037253, 113.42494904941468)"
1254.0,"(951.5385976255022, 763.8965716581014)","(367.34972141701667, 621.8100879563074)","(529.9025387647908, 113.43631578266816)"
1255.0,"(951.788593468081, 763.8951298906679)","(367.4139503697679, 621.5684795093762)","(530.1522802258564, 113.44768251592164)"
1256.0,"(952.0385893106597, 763.8936881232345)","(367.47817932251917, 621.326871062445)","(530.402021686922, 113.45904924917512)"
1257.0,"(952.2885851532385, 763.892246355801)","(367.5424082752704, 621.0852626155138)","(530.6517631479876, 113.4704159824286)"
1258.0,"(952.5385809958173, 763.8908045883676)","(367.60663722802167, 620.8436541685826)","(530.9015046090532, 113.48178271568209)"
1259.0,"(952.788576838396, 763.8893628209341)","(367.67086618077286, 620.6020457216514)","(531.1512460701188, 113.49314944893557)"
1260.0,"(953.0385726809748, 763.8879210535007)","(367.7350951335241, 620.3604372747202)","(531.4009875311843, 113.50451618218905)"
1261.0,"(953.2885685235535, 763.8864792860672)","(367.79932408627536, 620.118828827789)","(531.6507289922499, 113.51588291544253)"
1262.0,"(953.5385643661323, 763.8850375186338)","(367.86355303902656, 619.8772203808578)","(531.9004704533155, 113.52724964869601)"
1263.0,"(953.788560208711, 763.8835957512003)","(367.9277819917778, 619.6356119339266)","(532.1502119143811, 113.5386163819495)"
1264.0,"(954.0385560512898, 763.8821539837669)","(367.99201094452906, 619.3940034869954)","(532.3999533754467, 113.54998311520298)"
1265.0,"(954.2885518938685, 763.8807122163334)","(368.0562398972803, 619.1523950400642)","(532.6496948365123, 113.56134984845646)"
1266.0,"(954.5385477364473, 763.8792704489)","(368.1204688500315, 618.910786593133)","(532.8994362975778, 113.57271658170994)"
1267.0,"(954.788543579026, 763.8778286814666)","(368.18469780278275, 618.6691781462018)","(533.1491777586434, 113.58408331496342)"
1268.0,"(955.0385394216048, 763.8763869140331)","(368.248926755534, 618.4275696992706)","(533.398919219709, 113.5954500482169)"
1269.0,"(955.2885352641836, 763.8749451465997)","(368.3131557082852, 618.1859612523394)","(533.6486606807746, 113.60681678147039)"
1270.0,"(955.5385311067623, 763.8735033791662)","(368.37738466103644, 617.9443528054082)","(533.8984021418402, 113.61818351472387)"
1271.0,"(955.7885269493411, 763.8720616117328)","(368.4416136137877, 617.702744358477)","(534.1481436029057, 113.62955024797735)"
1272.0,"(956.0385227919198, 763.8706198442993)","(368.50584256653894, 617.4611359115459)","(534.3978850639713, 113.64091698123083)"
1273.0,"(956.2885186344986, 763.8691780768659)","(368.5700715192902, 617.2195274646147)","(534.6476265250369, 113.65228371448431)"
1274.0,"(956.5385144770773, 763.8677363094324)","(368.6343004720414, 616.9779190176835)","(534.8973679861025, 113.6636504477378)"
1275.0,"(956.7885103196561, 763.866294541999)","(368.69852942479264, 616.7363105707523)","(535.1471094471681, 113.67501718099128)"
1276.0,"(957.0385061622349, 763.8648527745655)","(368.76275837754383, 616.4947021238211)","(535.3968509082337, 113.68638391424476)"
1277.0,"(957.2885020048136, 763.8634110071321)","(368.8269873302951, 616.2530936768899)","(535.6465923692992, 113.69775064749824)"
1278.0,"(957.5384978473924, 763.8619692396986)","(368.89121628304633, 616.0114852299587)","(535.8963338303648, 113.70911738075172)"
1279.0,"(957.7884936899711, 763.8605274722652)","(368.9554452357976, 615.7698767830275)","(536.1460752914304, 113.7204841140052)"
1280.0,"(958.0384895325499, 763.8590857048317)","(369.0196741885488, 615.5282683360963)","(536.395816752496, 113.73185084725868)"
1281.0,"(958.2884853751286, 763.8576439373983)","(369.0839031413, 615.2866598891651)","(536.6455582135616, 113.74321758051217)"
1282.0,"(958.5384812177074, 763.8562021699648)","(369.1481320940513, 615.0450514422339)","(536.8952996746272, 113.75458431376565)"
1283.0,"(958.7884770602861, 763.8547604025314)","(369.21236104680247, 614.8034429953027)","(537.1450411356927, 113.76595104701913)"
1284.0,"(959.0384729028649, 763.8533186350979)","(369.2765899995537, 614.5618345483715)","(537.3947825967583, 113.77731778027261)"
1285.0,"(959.2884687454437, 763.8518768676645)","(369.34081895230497, 614.3202261014403)","(537.6445240578239, 113.78868451352609)"
1286.0,"(959.5384645880224, 763.850435100231)","(369.4050479050562, 614.0786176545091)","(537.8942655188895, 113.80005124677957)"
1287.0,"(959.7884604306012, 763.8489933327976)","(369.4692768578075, 613.8370092075779)","(538.1440069799551, 113.81141798003306)"
1288.0,"(960.0384562731799, 763.8475515653641)","(369.53350581055867, 613.5954007606467)","(538.3937484410206, 113.82278471328654)"
1289.0,"(960.2884521157587, 763.8461097979307)","(369.5977347633099, 613.3537923137155)","(538.6434899020862, 113.83415144654002)"
1290.0,"(960.5384479583374, 763.8446680304972)","(369.6619637160611, 613.1121838667843)","(538.8932313631518, 113.8455181797935)"
1291.0,"(960.7884438009162, 763.8432262630638)","(369.72619266881236, 612.8705754198531)","(539.1429728242174, 113.85688491304698)"
1292.0,"(961.0384396434949, 763.8417844956303)","(369.7904216215636, 612.628966972922)","(539.392714285283, 113.86825164630046)"
1293.0,"(961.2884354860737, 763.8403427281969)","(369.85465057431486, 612.3873585259907)","(539.6424557463486, 113.87961837955395)"
1294.0,"(961.5384313286525, 763.8389009607635)","(369.9188795270661, 612.1457500790596)","(539.8921972074141, 113.89098511280743)"
1295.0,"(961.7884271712312, 763.83745919333)","(369.98310847981736, 611.9041416321284)","(540.1419386684797, 113.90235184606091)"
1296.0,"(962.03842301381, 763.8360174258966)","(370.04733743256855, 611.6625331851972)","(540.3916801295453, 113.91371857931439)"
1297.0,"(962.2884188563887, 763.8345756584631)","(370.11156638531975, 611.420924738266)","(540.6414215906109, 113.92508531256787)"
1298.0,"(962.5384146989675, 763.8331338910297)","(370.175795338071, 611.1793162913348)","(540.8911630516765, 113.93645204582135)"
1299.0,"(962.7884105415462, 763.8316921235962)","(370.24002429082225, 610.9377078444036)","(541.140904512742, 113.94781877907484)"
1300.0,"(963.038406384125, 763.8302503561628)","(370.3042532435735, 610.6960993974724)","(541.3906459738076, 113.95918551232832)"
1301.0,"(963.2884022267037, 763.8288085887293)","(370.36848219632475, 610.4544909505412)","(541.6403874348732, 113.9705522455818)"
1302.0,"(963.5383980692825, 763.8273668212959)","(370.432711149076, 610.21288250361)","(541.8901288959388, 113.98191897883528)"
1303.0,"(963.7883939118612, 763.8259250538624)","(370.4969401018272, 609.9712740566788)","(542.1398703570044, 113.99328571208876)"
1304.0,"(964.03838975444, 763.824483286429)","(370.56116905457844, 609.7296656097476)","(542.38961181807, 114.00465244534224)"
1305.0,"(964.2883855970188, 763.8230415189955)","(370.62539800732964, 609.4880571628164)","(542.6393532791355, 114.01601917859573)"
1306.0,"(964.5383814395975, 763.8215997515621)","(370.6896269600809, 609.2464487158852)","(542.8890947402011, 114.02738591184921)"
1307.0,"(964.7883772821763, 763.8201579841286)","(370.75385591283214, 609.004840268954)","(543.1388362012667, 114.03875264510269)"
1308.0,"(965.038373124755, 763.8187162166952)","(370.8180848655834, 608.7632318220228)","(543.3885776623323, 114.05011937835617)"
1309.0,"(965.2883689673338, 763.8172744492617)","(370.88231381833464, 608.5216233750916)","(543.6383191233979, 114.06148611160965)"
1310.0,"(965.5383648099125, 763.8158326818283)","(370.94654277108583, 608.2800149281604)","(543.8880605844635, 114.07285284486314)"
1311.0,"(965.7883606524913, 763.8143909143948)","(371.0107717238371, 608.0384064812292)","(544.137802045529, 114.08421957811662)"
1312.0,"(966.03835649507, 763.8129491469614)","(371.0750006765883, 607.796798034298)","(544.3875435065946, 114.0955863113701)"
1313.0,"(966.2883523376488, 763.8115073795279)","(371.1392296293395, 607.5551895873668)","(544.6372849676602, 114.10695304462358)"
1314.0,"(966.5383481802276, 763.8100656120945)","(371.2034585820908, 607.3135811404356)","(544.8870264287258, 114.11831977787706)"
1315.0,"(966.7883440228063, 763.808623844661)","(371.267687534842, 607.0719726935044)","(545.1367678897914, 114.12968651113054)"
1316.0,"(967.0383398653851, 763.8071820772276)","(371.3319164875933, 606.8303642465733)","(545.386509350857, 114.14105324438403)"
1317.0,"(967.2883357079638, 763.8057403097941)","(371.39614544034447, 606.5887557996421)","(545.6362508119225, 114.1524199776375)"
1318.0,"(967.5383315505426, 763.8042985423607)","(371.4603743930957, 606.3471473527109)","(545.8859922729881, 114.16378671089099)"
1319.0,"(967.7883273931213, 763.8028567749272)","(371.5246033458469, 606.1055389057797)","(546.1357337340537, 114.17515344414447)"
1320.0,"(968.0383232357001, 763.8014150074938)","(371.58883229859816, 605.8639304588485)","(546.3854751951193, 114.18652017739795)"
1321.0,"(968.2883190782788, 763.7999732400604)","(371.6530612513494, 605.6223220119173)","(546.6352166561849, 114.19788691065143)"
1322.0,"(968.5383149208576, 763.7985314726269)","(371.71729020410066, 605.3807135649861)","(546.8849581172504, 114.20925364390492)"
1323.0,"(968.7883107634364, 763.7970897051935)","(371.7815191568519, 605.1391051180549)","(547.134699578316, 114.2206203771584)"
1324.0,"(969.0383066060151, 763.79564793776)","(371.8457481096031, 604.8974966711237)","(547.3844410393816, 114.23198711041188)"
1325.0,"(969.2883024485939, 763.7942061703266)","(371.90997706235436, 604.6558882241925)","(547.6341825004472, 114.24335384366536)"
1326.0,"(969.5382982911726, 763.7927644028931)","(371.97420601510555, 604.4142797772613)","(547.8839239615128, 114.25472057691884)"
1327.0,"(969.7882941337514, 763.7913226354597)","(372.0384349678568, 604.1726713303301)","(548.1336654225784, 114.26608731017232)"
1328.0,"(970.0382899763301, 763.7898808680262)","(372.10266392060805, 603.9310628833989)","(548.3834068836439, 114.2774540434258)"
1329.0,"(970.2882858189089, 763.7884391005928)","(372.1668928733593, 603.6894544364677)","(548.6331483447095, 114.28882077667929)"
1330.0,"(970.5382816614876, 763.7869973331593)","(372.23112182611055, 603.4478459895365)","(548.8828898057751, 114.30018750993277)"
1331.0,"(970.7882775040664, 763.7855555657259)","(372.29535077886175, 603.2062375426053)","(549.1326312668407, 114.31155424318625)"
1332.0,"(971.0382733466452, 763.7841137982924)","(372.359579731613, 602.9646290956741)","(549.3823727279063, 114.32292097643973)"
1333.0,"(971.2882691892239, 763.782672030859)","(372.4238086843642, 602.7230206487429)","(549.6321141889719, 114.33428770969321)"
1334.0,"(971.5382650318027, 763.7812302634255)","(372.48803763711544, 602.4814122018117)","(549.8818556500374, 114.3456544429467)"
1335.0,"(971.7882608743814, 763.7797884959921)","(372.5522665898667, 602.2398037548805)","(550.131597111103, 114.35702117620018)"
1336.0,"(972.0382567169602, 763.7783467285586)","(372.61649554261794, 601.9981953079493)","(550.3813385721686, 114.36838790945366)"
1337.0,"(972.2882525595389, 763.7769049611252)","(372.6807244953692, 601.7565868610181)","(550.6310800332342, 114.37975464270714)"
1338.0,"(972.5382484021177, 763.7754631936917)","(372.74495344812044, 601.514978414087)","(550.8808214942998, 114.39112137596062)"
1339.0,"(972.7882442446964, 763.7740214262583)","(372.80918240087163, 601.2733699671558)","(551.1305629553653, 114.4024881092141)"
1340.0,"(973.0382400872752, 763.7725796588248)","(372.8734113536229, 601.0317615202246)","(551.3803044164309, 114.41385484246759)"
1341.0,"(973.288235929854, 763.7711378913914)","(372.9376403063741, 600.7901530732934)","(551.6300458774965, 114.42522157572107)"
1342.0,"(973.5382317724327, 763.7696961239579)","(373.00186925912533, 600.5485446263622)","(551.8797873385621, 114.43658830897455)"
1343.0,"(973.7882276150115, 763.7682543565245)","(373.0660982118766, 600.306936179431)","(552.1295287996277, 114.44795504222803)"
1344.0,"(974.0382234575902, 763.766812589091)","(373.13032716462783, 600.0653277324998)","(552.3792702606933, 114.45932177548151)"
1345.0,"(974.288219300169, 763.7653708216576)","(373.1945561173791, 599.8237192855686)","(552.6290117217588, 114.470688508735)"
1346.0,"(974.5382151427477, 763.7639290542241)","(373.2587850701303, 599.5821108386374)","(552.8787531828244, 114.48205524198848)"
1347.0,"(974.7882109853265, 763.7624872867907)","(373.3230140228815, 599.3405023917062)","(553.12849464389, 114.49342197524196)"
1348.0,"(975.0382068279052, 763.7610455193573)","(373.3872429756327, 599.098893944775)","(553.3782361049556, 114.50478870849544)"
1349.0,"(975.288202670484, 763.7596037519238)","(373.45147192838397, 598.8572854978438)","(553.6279775660212, 114.51615544174892)"
1350.0,"(975.5381985130628, 763.7581619844904)","(373.5157008811352, 598.6156770509126)","(553.8777190270868, 114.5275221750024)"
1351.0,"(975.7881943556415, 763.7567202170569)","(373.57992983388647, 598.3740686039814)","(554.1274604881523, 114.53888890825588)"
1352.0,"(976.0381901982203, 763.7552784496235)","(373.6441587866377, 598.1324601570502)","(554.3772019492179, 114.55025564150937)"
1353.0,"(976.288186040799, 763.75383668219)","(373.7083877393889, 597.890851710119)","(554.6269434102835, 114.56162237476285)"
1354.0,"(976.5381818833778, 763.7523949147566)","(373.77261669214016, 597.6492432631878)","(554.8766848713491, 114.57298910801633)"
1355.0,"(976.7881777259565, 763.7509531473231)","(373.83684564489135, 597.4076348162566)","(555.1264263324147, 114.58435584126981)"
1356.0,"(977.0381735685353, 763.7495113798897)","(373.9010745976426, 597.1660263693254)","(555.3761677934802, 114.5957225745233)"
1357.0,"(977.288169411114, 763.7480696124562)","(373.96530355039386, 596.9244179223942)","(555.6259092545458, 114.60708930777677)"
1358.0,"(977.5381652536928, 763.7466278450228)","(374.0295325031451, 596.682809475463)","(555.8756507156114, 114.61845604103026)"
1359.0,"(977.7881610962716, 763.7451860775893)","(374.09376145589636, 596.4412010285319)","(556.125392176677, 114.62982277428374)"
1360.0,"(978.0381569388503, 763.7437443101559)","(374.15799040864755, 596.1995925816007)","(556.3751336377426, 114.64118950753722)"
1361.0,"(978.2881527814291, 763.7423025427224)","(374.2222193613988, 595.9579841346695)","(556.6248750988082, 114.6525562407907)"
1362.0,"(978.5381486240078, 763.740860775289)","(374.28644831415005, 595.7163756877383)","(556.8746165598737, 114.66392297404418)"
1363.0,"(978.7881444665866, 763.7394190078555)","(374.35067726690124, 595.4747672408071)","(557.1243580209393, 114.67528970729767)"
1364.0,"(979.0381403091653, 763.7379772404221)","(374.4149062196525, 595.2331587938759)","(557.3740994820049, 114.68665644055115)"
1365.0,"(979.2881361517441, 763.7365354729886)","(374.47913517240374, 594.9915503469447)","(557.6238409430705, 114.69802317380463)"
1366.0,"(979.5381319943228, 763.7350937055552)","(374.543364125155, 594.7499419000135)","(557.8735824041361, 114.70938990705811)"
1367.0,"(979.7881278369016, 763.7336519381217)","(374.6075930779062, 594.5083334530823)","(558.1233238652017, 114.72075664031159)"
1368.0,"(980.0381236794803, 763.7322101706883)","(374.67182203065744, 594.2667250061511)","(558.3730653262672, 114.73212337356507)"
1369.0,"(980.2881195220591, 763.7307684032548)","(374.73605098340863, 594.0251165592199)","(558.6228067873328, 114.74349010681856)"
1370.0,"(980.5381153646379, 763.7293266358214)","(374.8002799361599, 593.7835081122887)","(558.8725482483984, 114.75485684007204)"
1371.0,"(980.7881112072166, 763.727884868388)","(374.86450888891113, 593.5418996653575)","(559.122289709464, 114.76622357332552)"
1372.0,"(981.0381070497954, 763.7264431009545)","(374.9287378416624, 593.3002912184263)","(559.3720311705296, 114.777590306579)"
1373.0,"(981.2881028923741, 763.725001333521)","(374.99296679441363, 593.0586827714951)","(559.6217726315951, 114.78895703983248)"
1374.0,"(981.5380987349529, 763.7235595660876)","(375.0571957471648, 592.8170743245639)","(559.8715140926607, 114.80032377308596)"
1375.0,"(981.7880945775316, 763.7221177986542)","(375.1214246999161, 592.5754658776327)","(560.1212555537263, 114.81169050633945)"
1376.0,"(982.0380904201104, 763.7206760312207)","(375.1856536526673, 592.3338574307015)","(560.3709970147919, 114.82305723959293)"
1377.0,"(982.2880862626891, 763.7192342637873)","(375.2498826054185, 592.0922489837703)","(560.6207384758575, 114.83442397284641)"
1378.0,"(982.5380821052679, 763.7177924963538)","(375.31411155816977, 591.8506405368391)","(560.8704799369231, 114.84579070609989)"
1379.0,"(982.7880779478467, 763.7163507289204)","(375.378340510921, 591.6090320899079)","(561.1202213979886, 114.85715743935337)"
1380.0,"(983.0380737904254, 763.7149089614869)","(375.44256946367227, 591.3674236429767)","(561.3699628590542, 114.86852417260685)"
1381.0,"(983.2880696330042, 763.7134671940535)","(375.5067984164235, 591.1258151960456)","(561.6197043201198, 114.87989090586034)"
1382.0,"(983.5380654755829, 763.71202542662)","(375.5710273691747, 590.8842067491144)","(561.8694457811854, 114.89125763911382)"
1383.0,"(983.7880613181617, 763.7105836591866)","(375.63525632192597, 590.6425983021832)","(562.119187242251, 114.9026243723673)"
1384.0,"(984.0380571607404, 763.7091418917531)","(375.6994852746772, 590.400989855252)","(562.3689287033166, 114.91399110562078)"
1385.0,"(984.2880530033192, 763.7077001243197)","(375.7637142274284, 590.1593814083208)","(562.6186701643821, 114.92535783887426)"
1386.0,"(984.538048845898, 763.7062583568862)","(375.82794318017966, 589.9177729613896)","(562.8684116254477, 114.93672457212774)"
1387.0,"(984.7880446884767, 763.7048165894528)","(375.8921721329309, 589.6761645144584)","(563.1181530865133, 114.94809130538123)"
1388.0,"(985.0380405310555, 763.7033748220193)","(375.95640108568216, 589.4345560675272)","(563.3678945475789, 114.95945803863471)"
1389.0,"(985.2880363736342, 763.7019330545859)","(376.02063003843335, 589.192947620596)","(563.6176360086445, 114.97082477188819)"
1390.0,"(985.538032216213, 763.7004912871524)","(376.0848589911846, 588.9513391736648)","(563.86737746971, 114.98219150514167)"
1391.0,"(985.7880280587917, 763.699049519719)","(376.14908794393585, 588.7097307267336)","(564.1171189307756, 114.99355823839515)"
1392.0,"(986.0380239013705, 763.6976077522855)","(376.21331689668705, 588.4681222798024)","(564.3668603918412, 115.00492497164863)"
1393.0,"(986.2880197439492, 763.6961659848521)","(376.2775458494383, 588.2265138328712)","(564.6166018529068, 115.01629170490212)"
1394.0,"(986.538015586528, 763.6947242174186)","(376.34177480218955, 587.98490538594)","(564.8663433139724, 115.0276584381556)"
1395.0,"(986.7880114291067, 763.6932824499852)","(376.4060037549408, 587.7432969390088)","(565.116084775038, 115.03902517140908)"
1396.0,"(987.0380072716855, 763.6918406825517)","(376.470232707692, 587.5016884920776)","(565.3658262361035, 115.05039190466256)"
1397.0,"(987.2880031142643, 763.6903989151183)","(376.53446166044324, 587.2600800451464)","(565.6155676971691, 115.06175863791604)"
1398.0,"(987.537998956843, 763.6889571476848)","(376.59869061319444, 587.0184715982152)","(565.8653091582347, 115.07312537116952)"
1399.0,"(987.7879947994218, 763.6875153802514)","(376.6629195659457, 586.776863151284)","(566.1150506193003, 115.084492104423)"
1400.0,"(988.0379906420005, 763.686073612818)","(376.72714851869694, 586.5352547043528)","(566.3647920803659, 115.09585883767649)"
1401.0,"(988.2879864845793, 763.6846318453845)","(376.7913774714482, 586.2936462574216)","(566.6145335414315, 115.10722557092997)"
1402.0,"(988.537982327158, 763.683190077951)","(376.85560642419944, 586.0520378104904)","(566.864275002497, 115.11859230418345)"
1403.0,"(988.7879781697368, 763.6817483105176)","(376.91983537695063, 585.8104293635593)","(567.1140164635626, 115.12995903743693)"
1404.0,"(989.0379740123155, 763.6803065430842)","(376.9840643297019, 585.568820916628)","(567.3637579246282, 115.14132577069041)"
1405.0,"(989.2879698548943, 763.6788647756507)","(377.04829328245313, 585.3272124696969)","(567.6134993856938, 115.1526925039439)"
1406.0,"(989.537965697473, 763.6774230082173)","(377.1125222352043, 585.0856040227657)","(567.8632408467594, 115.16405923719738)"
1407.0,"(989.7879615400518, 763.6759812407838)","(377.1767511879556, 584.8439955758345)","(568.112982307825, 115.17542597045086)"
1408.0,"(990.0379573826306, 763.6745394733504)","(377.2409801407068, 584.6023871289033)","(568.3627237688905, 115.18679270370434)"
1409.0,"(990.2879532252093, 763.6730977059169)","(377.3052090934581, 584.3607786819721)","(568.6124652299561, 115.19815943695782)"
1410.0,"(990.5379490677881, 763.6716559384835)","(377.36943804620927, 584.1191702350409)","(568.8622066910217, 115.2095261702113)"
1411.0,"(990.7879449103668, 763.67021417105)","(377.4336669989605, 583.8775617881097)","(569.1119481520873, 115.22089290346479)"
1412.0,"(991.0379407529456, 763.6687724036166)","(377.49789595171177, 583.6359533411785)","(569.3616896131529, 115.23225963671827)"
1413.0,"(991.2879365955243, 763.6673306361831)","(377.56212490446296, 583.3943448942473)","(569.6114310742184, 115.24362636997175)"
1414.0,"(991.5379324381031, 763.6658888687497)","(377.6263538572142, 583.1527364473161)","(569.861172535284, 115.25499310322523)"
1415.0,"(991.7879282806819, 763.6644471013162)","(377.69058280996546, 582.9111280003849)","(570.1109139963496, 115.26635983647871)"
1416.0,"(992.0379241232606, 763.6630053338828)","(377.7548117627167, 582.6695195534537)","(570.3606554574152, 115.2777265697322)"
1417.0,"(992.2879199658394, 763.6615635664493)","(377.8190407154679, 582.4279111065225)","(570.6103969184808, 115.28909330298568)"
1418.0,"(992.5379158084181, 763.6601217990159)","(377.88326966821916, 582.1863026595913)","(570.8601383795464, 115.30046003623916)"
1419.0,"(992.7879116509969, 763.6586800315824)","(377.9474986209704, 581.9446942126601)","(571.1098798406119, 115.31182676949264)"
1420.0,"(993.0379074935756, 763.657238264149)","(378.01172757372166, 581.7030857657289)","(571.3596213016775, 115.32319350274612)"
1421.0,"(993.2879033361544, 763.6557964967155)","(378.07595652647285, 581.4614773187977)","(571.6093627627431, 115.3345602359996)"
1422.0,"(993.5378991787331, 763.6543547292821)","(378.1401854792241, 581.2198688718665)","(571.8591042238087, 115.34592696925309)"
1423.0,"(993.7878950213119, 763.6529129618486)","(378.20441443197535, 580.9782604249353)","(572.1088456848743, 115.35729370250657)"
1424.0,"(994.0378908638907, 763.6514711944152)","(378.2686433847266, 580.7366519780041)","(572.3585871459399, 115.36866043576005)"
1425.0,"(994.2878867064694, 763.6500294269817)","(378.3328723374778, 580.495043531073)","(572.6083286070054, 115.38002716901353)"
1426.0,"(994.5378825490482, 763.6485876595483)","(378.39710129022905, 580.2534350841418)","(572.858070068071, 115.39139390226701)"
1427.0,"(994.7878783916269, 763.6471458921148)","(378.4613302429803, 580.0118266372106)","(573.1078115291366, 115.4027606355205)"
1428.0,"(995.0378742342057, 763.6457041246814)","(378.5255591957315, 579.7702181902794)","(573.3575529902022, 115.41412736877398)"
1429.0,"(995.2878700767844, 763.644262357248)","(378.58978814848274, 579.5286097433482)","(573.6072944512678, 115.42549410202746)"
1430.0,"(995.5378659193632, 763.6428205898145)","(378.654017101234, 579.287001296417)","(573.8570359123333, 115.43686083528094)"
1431.0,"(995.7878617619419, 763.6413788223811)","(378.71824605398524, 579.0453928494858)","(574.1067773733989, 115.44822756853442)"
1432.0,"(996.0378576045207, 763.6399370549476)","(378.78247500673643, 578.8037844025546)","(574.3565188344645, 115.4595943017879)"
1433.0,"(996.2878534470995, 763.6384952875142)","(378.8467039594877, 578.5621759556234)","(574.6062602955301, 115.47096103504138)"
1434.0,"(996.5378492896782, 763.6370535200807)","(378.91093291223893, 578.3205675086922)","(574.8560017565957, 115.48232776829487)"
1435.0,"(996.787845132257, 763.6356117526473)","(378.9751618649901, 578.078959061761)","(575.1057432176613, 115.49369450154835)"
1436.0,"(997.0378409748357, 763.6341699852138)","(379.0393908177414, 577.8373506148298)","(575.3554846787268, 115.50506123480183)"
1437.0,"(997.2878368174145, 763.6327282177804)","(379.1036197704926, 577.5957421678986)","(575.6052261397924, 115.51642796805531)"
1438.0,"(997.5378326599932, 763.6312864503469)","(379.1678487232439, 577.3541337209674)","(575.854967600858, 115.52779470130879)"
1439.0,"(997.787828502572, 763.6298446829135)","(379.2320776759951, 577.1125252740362)","(576.1047090619236, 115.53916143456227)"
1440.0,"(998.0378243451507, 763.62840291548)","(379.2963066287463, 576.870916827105)","(576.3544505229892, 115.55052816781576)"
1441.0,"(998.2878201877295, 763.6269611480466)","(379.3605355814975, 576.6293083801738)","(576.6041919840548, 115.56189490106924)"
1442.0,"(998.5378160303082, 763.6255193806131)","(379.42476453424877, 576.3876999332426)","(576.8539334451203, 115.57326163432272)"
1443.0,"(998.787811872887, 763.6240776131797)","(379.488993487, 576.1460914863114)","(577.1036749061859, 115.5846283675762)"
1444.0,"(999.0378077154658, 763.6226358457462)","(379.55322243975127, 575.9044830393802)","(577.3534163672515, 115.59599510082968)"
1445.0,"(999.2878035580445, 763.6211940783128)","(379.6174513925025, 575.662874592449)","(577.6031578283171, 115.60736183408316)"
1446.0,"(999.5377994006233, 763.6197523108793)","(379.68168034525377, 575.4212661455178)","(577.8528992893827, 115.61872856733665)"
1447.0,"(999.787795243202, 763.6183105434459)","(379.74590929800496, 575.1796576985867)","(578.1026407504482, 115.63009530059013)"
1448.0,"(1000.0377910857808, 763.6168687760124)","(379.8101382507562, 574.9380492516555)","(578.3523822115138, 115.64146203384361)"
1449.0,"(1000.2877869283595, 763.615427008579)","(379.8743672035074, 574.6964408047243)","(578.6021236725794, 115.65282876709709)"
1450.0,"(1000.5377827709383, 763.6139852411455)","(379.93859615625865, 574.4548323577931)","(578.851865133645, 115.66419550035057)"
1451.0,"(1000.787778613517, 763.6125434737121)","(380.0028251090099, 574.2132239108619)","(579.1016065947106, 115.67556223360405)"
1452.0,"(1001.0377744560958, 763.6111017062786)","(380.06705406176116, 573.9716154639307)","(579.3513480557762, 115.68692896685754)"
1453.0,"(1001.2877702986746, 763.6096599388452)","(380.1312830145124, 573.7300070169995)","(579.6010895168417, 115.69829570011102)"
1454.0,"(1001.5377661412533, 763.6082181714117)","(380.1955119672636, 573.4883985700683)","(579.8508309779073, 115.7096624333645)"
1455.0,"(1001.7877619838321, 763.6067764039783)","(380.25974092001485, 573.2467901231371)","(580.1005724389729, 115.72102916661798)"
1456.0,"(1002.0377578264108, 763.6053346365449)","(380.32396987276604, 573.0051816762059)","(580.3503139000385, 115.73239589987146)"
1457.0,"(1002.2877536689896, 763.6038928691114)","(380.3881988255173, 572.7635732292747)","(580.6000553611041, 115.74376263312494)"
1458.0,"(1002.5377495115683, 763.602451101678)","(380.45242777826854, 572.5219647823435)","(580.8497968221697, 115.75512936637843)"
1459.0,"(1002.7877453541471, 763.6010093342445)","(380.5166567310198, 572.2803563354123)","(581.0995382832352, 115.76649609963191)"
1460.0,"(1003.0377411967258, 763.5995675668111)","(380.580885683771, 572.0387478884811)","(581.3492797443008, 115.77786283288539)"
1461.0,"(1003.2877370393046, 763.5981257993776)","(380.64511463652224, 571.7971394415499)","(581.5990212053664, 115.78922956613887)"
1462.0,"(1003.5377328818834, 763.5966840319442)","(380.7093435892735, 571.5555309946187)","(581.848762666432, 115.80059629939235)"
1463.0,"(1003.7877287244621, 763.5952422645107)","(380.77357254202474, 571.3139225476875)","(582.0985041274976, 115.81196303264583)"
1464.0,"(1004.0377245670409, 763.5938004970773)","(380.83780149477593, 571.0723141007563)","(582.3482455885631, 115.82332976589932)"
1465.0,"(1004.2877204096196, 763.5923587296438)","(380.9020304475272, 570.8307056538251)","(582.5979870496287, 115.8346964991528)"
1466.0,"(1004.5377162521984, 763.5909169622104)","(380.96625940027843, 570.5890972068939)","(582.8477285106943, 115.84606323240628)"
1467.0,"(1004.7877120947771, 763.5894751947769)","(381.0304883530297, 570.3474887599627)","(583.0974699717599, 115.85742996565976)"
1468.0,"(1005.0377079373559, 763.5880334273435)","(381.0947173057809, 570.1058803130315)","(583.3472114328255, 115.86879669891324)"
1469.0,"(1005.2877037799346, 763.58659165991)","(381.1589462585321, 569.8642718661004)","(583.5969528938911, 115.88016343216673)"
1470.0,"(1005.5376996225134, 763.5851498924766)","(381.2231752112834, 569.6226634191692)","(583.8466943549566, 115.8915301654202)"
1471.0,"(1005.7876954650922, 763.5837081250431)","(381.28740416403457, 569.381054972238)","(584.0964358160222, 115.90289689867369)"
1472.0,"(1006.0376913076709, 763.5822663576097)","(381.3516331167858, 569.1394465253068)","(584.3461772770878, 115.91426363192717)"
1473.0,"(1006.2876871502497, 763.5808245901762)","(381.41586206953707, 568.8978380783756)","(584.5959187381534, 115.92563036518065)"
1474.0,"(1006.5376829928284, 763.5793828227428)","(381.4800910222883, 568.6562296314444)","(584.845660199219, 115.93699709843413)"
1475.0,"(1006.7876788354072, 763.5779410553093)","(381.5443199750395, 568.4146211845132)","(585.0954016602846, 115.94836383168762)"
1476.0,"(1007.0376746779859, 763.5764992878759)","(381.60854892779076, 568.173012737582)","(585.3451431213501, 115.9597305649411)"
1477.0,"(1007.2876705205647, 763.5750575204424)","(381.672777880542, 567.9314042906508)","(585.5948845824157, 115.97109729819458)"
1478.0,"(1007.5376663631434, 763.573615753009)","(381.7370068332932, 567.6897958437196)","(585.8446260434813, 115.98246403144806)"
1479.0,"(1007.7876622057222, 763.5721739855755)","(381.80123578604446, 567.4481873967884)","(586.0943675045469, 115.99383076470154)"
1480.0,"(1008.037658048301, 763.5707322181421)","(381.8654647387957, 567.2065789498572)","(586.3441089656125, 116.00519749795502)"
1481.0,"(1008.2876538908797, 763.5692904507086)","(381.92969369154696, 566.964970502926)","(586.593850426678, 116.0165642312085)"
1482.0,"(1008.5376497334585, 763.5678486832752)","(381.99392264429815, 566.7233620559948)","(586.8435918877436, 116.02793096446199)"
1483.0,"(1008.7876455760372, 763.5664069158418)","(382.0581515970494, 566.4817536090636)","(587.0933333488092, 116.03929769771547)"
1484.0,"(1009.037641418616, 763.5649651484083)","(382.12238054980065, 566.2401451621324)","(587.3430748098748, 116.05066443096895)"
1485.0,"(1009.2876372611947, 763.5635233809749)","(382.18660950255185, 565.9985367152012)","(587.5928162709404, 116.06203116422243)"
1486.0,"(1009.5376331037735, 763.5620816135414)","(382.2508384553031, 565.75692826827)","(587.842557732006, 116.07339789747591)"
1487.0,"(1009.7876289463522, 763.560639846108)","(382.31506740805435, 565.5153198213388)","(588.0922991930715, 116.0847646307294)"
1488.0,"(1010.037624788931, 763.5591980786745)","(382.3792963608056, 565.2737113744076)","(588.3420406541371, 116.09613136398288)"
1489.0,"(1010.2876206315098, 763.5577563112411)","(382.44352531355685, 565.0321029274764)","(588.5917821152027, 116.10749809723636)"
1490.0,"(1010.5376164740885, 763.5563145438076)","(382.50775426630804, 564.7904944805452)","(588.8415235762683, 116.11886483048984)"
1491.0,"(1010.7876123166673, 763.5548727763742)","(382.5719832190593, 564.548886033614)","(589.0912650373339, 116.13023156374332)"
1492.0,"(1011.037608159246, 763.5534310089407)","(382.6362121718105, 564.3072775866829)","(589.3410064983995, 116.1415982969968)"
1493.0,"(1011.2876040018248, 763.5519892415073)","(382.70044112456173, 564.0656691397517)","(589.590747959465, 116.15296503025029)"
1494.0,"(1011.5375998444035, 763.5505474740738)","(382.764670077313, 563.8240606928205)","(589.8404894205306, 116.16433176350377)"
1495.0,"(1011.7875956869823, 763.5491057066404)","(382.82889903006424, 563.5824522458893)","(590.0902308815962, 116.17569849675725)"
1496.0,"(1012.037591529561, 763.5476639392069)","(382.8931279828155, 563.3408437989581)","(590.3399723426618, 116.18706523001073)"
1497.0,"(1012.2875873721398, 763.5462221717735)","(382.9573569355667, 563.0992353520269)","(590.5897138037274, 116.19843196326421)"
1498.0,"(1012.5375832147186, 763.54478040434)","(383.02158588831793, 562.8576269050957)","(590.839455264793, 116.2097986965177)"
1499.0,"(1012.7875790572973, 763.5433386369066)","(383.0858148410691, 562.6160184581645)","(591.0891967258585, 116.22116542977118)"
1500.0,"(1013.0375748998761, 763.5418968694731)","(383.1500437938204, 562.3744100112333)","(591.3389381869241, 116.23253216302466)"
1501.0,"(1013.2875707424548, 763.5404551020397)","(383.2142727465716, 562.1328015643021)","(591.5886796479897, 116.24389889627814)"
1502.0,"(1013.5375665850336, 763.5390133346062)","(383.2785016993229, 561.8911931173709)","(591.8384211090553, 116.25526562953162)"
1503.0,"(1013.7875624276123, 763.5375715671728)","(383.3427306520741, 561.6495846704397)","(592.0881625701209, 116.2666323627851)"
1504.0,"(1014.0375582701911, 763.5361297997393)","(383.4069596048253, 561.4079762235085)","(592.3379040311864, 116.27799909603858)"
1505.0,"(1014.2875541127698, 763.5346880323059)","(383.47118855757657, 561.1663677765773)","(592.587645492252, 116.28936582929207)"
1506.0,"(1014.5375499553486, 763.5332462648724)","(383.5354175103278, 560.9247593296461)","(592.8373869533176, 116.30073256254555)"
1507.0,"(1014.7875457979274, 763.531804497439)","(383.599646463079, 560.6831508827149)","(593.0871284143832, 116.31209929579903)"
1508.0,"(1015.0375416405061, 763.5303627300055)","(383.66387541583026, 560.4415424357837)","(593.3368698754488, 116.32346602905251)"
1509.0,"(1015.2875374830849, 763.5289209625721)","(383.7281043685815, 560.1999339888525)","(593.5866113365144, 116.334832762306)"
1510.0,"(1015.5375333256636, 763.5274791951387)","(383.79233332133276, 559.9583255419213)","(593.8363527975799, 116.34619949555947)"
1511.0,"(1015.7875291682424, 763.5260374277052)","(383.85656227408396, 559.7167170949901)","(594.0860942586455, 116.35756622881296)"
1512.0,"(1016.0375250108211, 763.5245956602718)","(383.9207912268352, 559.475108648059)","(594.3358357197111, 116.36893296206644)"
1513.0,"(1016.2875208533999, 763.5231538928383)","(383.98502017958646, 559.2335002011278)","(594.5855771807767, 116.38029969531992)"
1514.0,"(1016.5375166959786, 763.5217121254049)","(384.04924913233765, 558.9918917541966)","(594.8353186418423, 116.3916664285734)"
1515.0,"(1016.7875125385574, 763.5202703579714)","(384.1134780850889, 558.7502833072654)","(595.0850601029078, 116.40303316182688)"
1516.0,"(1017.0375083811361, 763.518828590538)","(384.17770703784015, 558.5086748603342)","(595.3348015639734, 116.41439989508036)"
1517.0,"(1017.2875042237149, 763.5173868231045)","(384.2419359905914, 558.267066413403)","(595.584543025039, 116.42576662833385)"
1518.0,"(1017.5375000662937, 763.5159450556711)","(384.3061649433426, 558.0254579664718)","(595.8342844861046, 116.43713336158733)"
1519.0,"(1017.7874959088724, 763.5145032882376)","(384.37039389609384, 557.7838495195406)","(596.0840259471702, 116.44850009484081)"
1520.0,"(1018.0374917514512, 763.5130615208042)","(384.4346228488451, 557.5422410726094)","(596.3337674082358, 116.45986682809429)"
1521.0,"(1018.2874875940299, 763.5116197533707)","(384.4988518015963, 557.3006326256782)","(596.5835088693013, 116.47123356134777)"
1522.0,"(1018.5374834366087, 763.5101779859373)","(384.56308075434754, 557.059024178747)","(596.8332503303669, 116.48260029460126)"
1523.0,"(1018.7874792791874, 763.5087362185038)","(384.6273097070988, 556.8174157318158)","(597.0829917914325, 116.49396702785474)"
1524.0,"(1019.0374751217662, 763.5072944510704)","(384.69153865985004, 556.5758072848846)","(597.3327332524981, 116.50533376110822)"
1525.0,"(1019.287470964345, 763.5058526836369)","(384.75576761260123, 556.3341988379534)","(597.5824747135637, 116.5167004943617)"
1526.0,"(1019.5374668069237, 763.5044109162035)","(384.8199965653525, 556.0925903910222)","(597.8322161746293, 116.52806722761518)"
1527.0,"(1019.7874626495025, 763.50296914877)","(384.88422551810373, 555.850981944091)","(598.0819576356948, 116.53943396086866)"
1528.0,"(1020.0374584920812, 763.5015273813366)","(384.9484544708549, 555.6093734971598)","(598.3316990967604, 116.55080069412215)"
1529.0,"(1020.28745433466, 763.5000856139031)","(385.0126834236062, 555.3677650502286)","(598.581440557826, 116.56216742737563)"
1530.0,"(1020.5374501772387, 763.4986438464697)","(385.0769123763574, 555.1261566032974)","(598.8311820188916, 116.57353416062911)"
1531.0,"(1020.7874460198175, 763.4972020790362)","(385.1411413291087, 554.8845481563662)","(599.0809234799572, 116.58490089388259)"
1532.0,"(1021.0374418623962, 763.4957603116028)","(385.2053702818599, 554.642939709435)","(599.3306649410227, 116.59626762713607)"
1533.0,"(1021.287437704975, 763.4943185441693)","(385.2695992346111, 554.4013312625038)","(599.5804064020883, 116.60763436038955)"
1534.0,"(1021.5374335475537, 763.4928767767359)","(385.33382818736237, 554.1597228155726)","(599.8301478631539, 116.61900109364304)"
1535.0,"(1021.7874293901325, 763.4914350093024)","(385.39805714011356, 553.9181143686415)","(600.0798893242195, 116.63036782689652)"
1536.0,"(1022.0374252327113, 763.489993241869)","(385.4622860928648, 553.6765059217103)","(600.3296307852851, 116.64173456015)"
1537.0,"(1022.28742107529, 763.4885514744356)","(385.52651504561607, 553.4348974747791)","(600.5793722463507, 116.65310129340348)"
1538.0,"(1022.5374169178688, 763.4871097070021)","(385.5907439983673, 553.1932890278479)","(600.8291137074162, 116.66446802665696)"
1539.0,"(1022.7874127604475, 763.4856679395687)","(385.65497295111857, 552.9516805809167)","(601.0788551684818, 116.67583475991044)"
1540.0,"(1023.0374086030263, 763.4842261721352)","(385.71920190386976, 552.7100721339855)","(601.3285966295474, 116.68720149316393)"
1541.0,"(1023.287404445605, 763.4827844047018)","(385.783430856621, 552.4684636870543)","(601.578338090613, 116.69856822641741)"
1542.0,"(1023.5374002881838, 763.4813426372683)","(385.84765980937226, 552.2268552401231)","(601.8280795516786, 116.70993495967089)"
1543.0,"(1023.7873961307625, 763.4799008698349)","(385.91188876212345, 551.9852467931919)","(602.0778210127442, 116.72130169292437)"
1544.0,"(1024.0373919733413, 763.4784591024014)","(385.9761177148747, 551.7436383462607)","(602.3275624738097, 116.73266842617785)"
1545.0,"(1024.28738781592, 763.477017334968)","(386.04034666762595, 551.5020298993295)","(602.5773039348753, 116.74403515943133)"
1546.0,"(1024.5373836584988, 763.4755755675345)","(386.1045756203772, 551.2604214523983)","(602.8270453959409, 116.75540189268482)"
1547.0,"(1024.7873795010776, 763.4741338001011)","(386.1688045731284, 551.0188130054671)","(603.0767868570065, 116.7667686259383)"
1548.0,"(1025.0373753436563, 763.4726920326676)","(386.23303352587965, 550.7772045585359)","(603.3265283180721, 116.77813535919178)"
1549.0,"(1025.287371186235, 763.4712502652342)","(386.2972624786309, 550.5355961116047)","(603.5762697791376, 116.78950209244526)"
1550.0,"(1025.5373670288138, 763.4698084978007)","(386.3614914313821, 550.2939876646735)","(603.8260112402032, 116.80086882569874)"
1551.0,"(1025.7873628713926, 763.4683667303673)","(386.42572038413334, 550.0523792177423)","(604.0757527012688, 116.81223555895222)"
1552.0,"(1026.0373587139713, 763.4669249629338)","(386.4899493368846, 549.8107707708111)","(604.3254941623344, 116.8236022922057)"
1553.0,"(1026.28735455655, 763.4654831955004)","(386.55417828963584, 549.5691623238799)","(604.5752356234, 116.83496902545919)"
1554.0,"(1026.5373503991289, 763.4640414280669)","(386.61840724238704, 549.3275538769487)","(604.8249770844656, 116.84633575871267)"
1555.0,"(1026.7873462417076, 763.4625996606335)","(386.6826361951383, 549.0859454300175)","(605.0747185455311, 116.85770249196615)"
1556.0,"(1027.0373420842864, 763.4611578932)","(386.74686514788954, 548.8443369830864)","(605.3244600065967, 116.86906922521963)"
1557.0,"(1027.2873379268651, 763.4597161257666)","(386.81109410064073, 548.6027285361552)","(605.5742014676623, 116.88043595847311)"
1558.0,"(1027.5373337694439, 763.4582743583331)","(386.875323053392, 548.361120089224)","(605.8239429287279, 116.8918026917266)"
1559.0,"(1027.7873296120226, 763.4568325908997)","(386.93955200614323, 548.1195116422928)","(606.0736843897935, 116.90316942498008)"
1560.0,"(1028.0373254546014, 763.4553908234662)","(387.0037809588945, 547.8779031953616)","(606.323425850859, 116.91453615823356)"
1561.0,"(1028.2873212971801, 763.4539490560328)","(387.06800991164573, 547.6362947484304)","(606.5731673119246, 116.92590289148704)"
1562.0,"(1028.537317139759, 763.4525072885993)","(387.1322388643969, 547.3946863014992)","(606.8229087729902, 116.93726962474052)"
1563.0,"(1028.7873129823377, 763.4510655211659)","(387.1964678171482, 547.153077854568)","(607.0726502340558, 116.948636357994)"
1564.0,"(1029.0373088249164, 763.4496237537325)","(387.2606967698994, 546.9114694076368)","(607.3223916951214, 116.96000309124749)"
1565.0,"(1029.2873046674952, 763.448181986299)","(387.3249257226506, 546.6698609607056)","(607.572133156187, 116.97136982450097)"
1566.0,"(1029.537300510074, 763.4467402188656)","(387.38915467540187, 546.4282525137744)","(607.8218746172525, 116.98273655775445)"
1567.0,"(1029.7872963526527, 763.4452984514321)","(387.4533836281531, 546.1866440668432)","(608.0716160783181, 116.99410329100793)"
1568.0,"(1030.0372921952314, 763.4438566839987)","(387.5176125809043, 545.945035619912)","(608.3213575393837, 117.00547002426141)"
1569.0,"(1030.2872880378102, 763.4424149165652)","(387.58184153365556, 545.7034271729808)","(608.5710990004493, 117.0168367575149)"
1570.0,"(1030.537283880389, 763.4409731491318)","(387.6460704864068, 545.4618187260496)","(608.8208404615149, 117.02820349076838)"
1571.0,"(1030.7872797229677, 763.4395313816983)","(387.67948493365697, 545.2595862394334)","(609.0705819225805, 117.03957022402186)"
1572.0,"(1031.0372755655465, 763.4380896142649)","(387.6821008122066, 545.0967421796199)","(609.320323383646, 117.05093695727534)"
1573.0,"(1031.2872714081252, 763.4366478468314)","(387.6539340481865, 544.9732989943707)","(609.5700648447116, 117.06230369052882)"
1574.0,"(1031.537267250704, 763.435206079398)","(387.59500056300436, 544.8892691173934)","(609.8198063057772, 117.0736704237823)"
1575.0,"(1031.7872630932827, 763.4337643119645)","(387.5053162792876, 544.8446649729963)","(610.0695477668428, 117.08503715703579)"
1576.0,"(1032.0372589358615, 763.4323225445311)","(387.38489712683077, 544.8394989807305)","(610.3192892279084, 117.09640389028927)"
1577.0,"(1032.2872547784402, 763.4308807770976)","(387.23375904855624, 544.8737835600272)","(610.569030688974, 117.10777062354275)"
1578.0,"(1032.537250621019, 763.4294390096642)","(387.0519180064974, 544.9475311348368)","(610.8187721500395, 117.11913735679623)"
1579.0,"(1032.7872464635977, 763.4279972422307)","(386.83938998781287, 545.0607541382772)","(611.0685136111051, 117.13050409004971)"
1580.0,"(1033.0372423061765, 763.4265554747973)","(386.620705564631, 545.1819033151527)","(611.3182550721707, 117.1418708233032)"
1581.0,"(1033.2872381487553, 763.4251137073638)","(386.40202114144915, 545.3030524920282)","(611.5679965332363, 117.15323755655668)"
1582.0,"(1033.537233991334, 763.4236719399304)","(386.1833367182673, 545.4242016689037)","(611.8177379943019, 117.16460428981016)"
1583.0,"(1033.7872298339128, 763.4222301724969)","(385.96465229508544, 545.5453508457792)","(612.0674794553674, 117.17597102306364)"
1584.0,"(1034.0372256764915, 763.4207884050635)","(385.7459678719036, 545.6665000226548)","(612.317220916433, 117.18733775631712)"
1585.0,"(1034.2872215190703, 763.41934663763)","(385.52728344872173, 545.7876491995303)","(612.5669623774986, 117.1987044895706)"
1586.0,"(1034.537217361649, 763.4179048701966)","(385.3085990255399, 545.9087983764058)","(612.8167038385642, 117.21007122282408)"
1587.0,"(1034.7872132042278, 763.4164631027631)","(385.089914602358, 546.0299475532813)","(613.0664452996298, 117.22143795607757)"
1588.0,"(1035.0372090468065, 763.4150213353297)","(384.87123017917617, 546.1510967301568)","(613.3161867606954, 117.23280468933105)"
1589.0,"(1035.2872048893853, 763.4135795678962)","(384.6525457559943, 546.2722459070324)","(613.5659282217609, 117.24417142258453)"
1590.0,"(1035.537200731964, 763.4121378004628)","(384.43386133281246, 546.3933950839079)","(613.8156696828265, 117.25553815583801)"
1591.0,"(1035.7871965745428, 763.4106960330294)","(384.2151769096306, 546.5145442607834)","(614.0654111438921, 117.26690488909149)"
1592.0,"(1036.0371924171216, 763.4092542655959)","(383.99649248644874, 546.6356934376589)","(614.3151526049577, 117.27827162234497)"
1593.0,"(1036.2871882597003, 763.4078124981625)","(383.7778080632669, 546.7568426145344)","(614.5648940660233, 117.28963835559846)"
1594.0,"(1036.537184102279, 763.406370730729)","(383.55912364008503, 546.87799179141)","(614.8146355270889, 117.30100508885194)"
1595.0,"(1036.7871799448578, 763.4049289632956)","(383.3404392169032, 546.9991409682855)","(615.0643769881544, 117.31237182210542)"
1596.0,"(1037.0371757874366, 763.4034871958621)","(383.1217547937213, 547.120290145161)","(615.31411844922, 117.3237385553589)"
1597.0,"(1037.2871716300153, 763.4020454284287)","(382.90307037053947, 547.2414393220365)","(615.5638599102856, 117.33510528861238)"
1598.0,"(1037.537167472594, 763.4006036609952)","(382.6843859473576, 547.362588498912)","(615.8136013713512, 117.34647202186586)"
1599.0,"(1037.7871633151728, 763.3991618935618)","(382.46570152417576, 547.4837376757876)","(616.0633428324168, 117.35783875511935)"
1600.0,"(1038.0371591577516, 763.3977201261283)","(382.2470171009939, 547.6048868526631)","(616.3130842934823, 117.36920548837283)"
1601.0,"(1038.2871550003304, 763.3962783586949)","(382.02833267781205, 547.7260360295386)","(616.5628257545479, 117.38057222162631)"
1602.0,"(1038.537150842909, 763.3948365912614)","(381.8096482546302, 547.8471852064141)","(616.8125672156135, 117.39193895487979)"
1603.0,"(1038.7871466854879, 763.393394823828)","(381.59096383144833, 547.9683343832896)","(617.0623086766791, 117.40330568813327)"
1604.0,"(1039.0371425280666, 763.3919530563945)","(381.3722794082665, 548.0894835601651)","(617.3120501377447, 117.41467242138675)"
1605.0,"(1039.2871383706454, 763.3905112889611)","(381.1535949850846, 548.2106327370407)","(617.5617915988103, 117.42603915464024)"
1606.0,"(1039.5371342132241, 763.3890695215276)","(380.93491056190277, 548.3317819139162)","(617.8115330598758, 117.43740588789372)"
1607.0,"(1039.787130055803, 763.3876277540942)","(380.7162261387209, 548.4529310907917)","(618.0612745209414, 117.4487726211472)"
1608.0,"(1040.0371258983816, 763.3861859866607)","(380.49754171553906, 548.5740802676672)","(618.311015982007, 117.46013935440068)"
1609.0,"(1040.2871217409604, 763.3847442192273)","(380.2788572923572, 548.6952294445427)","(618.5607574430726, 117.47150608765416)"
1610.0,"(1040.5371175835392, 763.3833024517938)","(380.06017286917535, 548.8163786214183)","(618.8104989041382, 117.48287282090764)"
1611.0,"(1040.787113426118, 763.3818606843604)","(379.8414884459935, 548.9375277982938)","(619.0602403652038, 117.49423955416113)"
1612.0,"(1041.0371092686967, 763.3804189169269)","(379.62280402281164, 549.0586769751693)","(619.3099818262693, 117.50560628741461)"
1613.0,"(1041.2871051112754, 763.3789771494935)","(379.4041195996298, 549.1798261520448)","(619.5597232873349, 117.51697302066809)"
1614.0,"(1041.5371009538542, 763.37753538206)","(379.1854351764479, 549.3009753289203)","(619.8094647484005, 117.52833975392157)"
1615.0,"(1041.787096796433, 763.3760936146266)","(378.96675075326607, 549.4221245057959)","(620.0592062094661, 117.53970648717505)"
1616.0,"(1042.0370926390117, 763.3746518471931)","(378.7480663300842, 549.5432736826714)","(620.3089476705317, 117.55107322042853)"
1617.0,"(1042.2870884815904, 763.3732100797597)","(378.52938190690236, 549.6644228595469)","(620.5586891315972, 117.56243995368202)"
1618.0,"(1042.5370843241692, 763.3717683123263)","(378.3106974837205, 549.7855720364224)","(620.8084305926628, 117.5738066869355)"
1619.0,"(1042.787080166748, 763.3703265448928)","(378.09201306053865, 549.9067212132979)","(621.0581720537284, 117.58517342018898)"
1620.0,"(1043.0370760093267, 763.3688847774594)","(377.8733286373568, 550.0278703901735)","(621.307913514794, 117.59654015344246)"
1621.0,"(1043.2870718519055, 763.3674430100259)","(377.65464421417494, 550.149019567049)","(621.5576549758596, 117.60790688669594)"
1622.0,"(1043.5370676944842, 763.3660012425925)","(377.4359597909931, 550.2701687439245)","(621.8073964369252, 117.61927361994942)"
1623.0,"(1043.787063537063, 763.364559475159)","(377.2172753678112, 550.3913179208)","(622.0571378979907, 117.6306403532029)"
1624.0,"(1044.0370593796417, 763.3631177077256)","(376.99859094462937, 550.5124670976755)","(622.3068793590563, 117.64200708645639)"
1625.0,"(1044.2870552222205, 763.3616759402921)","(376.7799065214475, 550.6336162745511)","(622.5566208201219, 117.65337381970987)"
1626.0,"(1044.5370510647992, 763.3602341728587)","(376.56122209826566, 550.7547654514266)","(622.8063622811875, 117.66474055296335)"
1627.0,"(1044.787046907378, 763.3587924054252)","(376.3425376750838, 550.8759146283021)","(623.0561037422531, 117.67610728621683)"
1628.0,"(1045.0370427499568, 763.3573506379918)","(376.12385325190195, 550.9970638051776)","(623.3058452033187, 117.68747401947032)"
1629.0,"(1045.2870385925355, 763.3559088705583)","(375.9051688287201, 551.1182129820531)","(623.5555866643842, 117.6988407527238)"
1630.0,"(1045.5370344351143, 763.3544671031249)","(375.68648440553824, 551.2393621589287)","(623.8053281254498, 117.71020748597728)"
1631.0,"(1045.787030277693, 763.3530253356914)","(375.4677999823564, 551.3605113358042)","(624.0550695865154, 117.72157421923076)"
1632.0,"(1046.0370261202718, 763.351583568258)","(375.2491155591745, 551.4816605126797)","(624.304811047581, 117.73294095248424)"
1633.0,"(1046.2870219628505, 763.3501418008245)","(375.03043113599267, 551.6028096895552)","(624.5545525086466, 117.74430768573772)"
1634.0,"(1046.5370178054293, 763.3487000333911)","(374.8117467128108, 551.7239588664307)","(624.8042939697121, 117.7556744189912)"
1635.0,"(1046.787013648008, 763.3472582659576)","(374.59306228962896, 551.8451080433063)","(625.0540354307777, 117.76704115224469)"
1636.0,"(1047.0370094905868, 763.3458164985242)","(374.3743778664471, 551.9662572201818)","(625.3037768918433, 117.77840788549817)"
1637.0,"(1047.2870053331656, 763.3443747310907)","(374.15569344326525, 552.0874063970573)","(625.5535183529089, 117.78977461875165)"
1638.0,"(1047.5370011757443, 763.3429329636573)","(373.9370090200834, 552.2085555739328)","(625.8032598139745, 117.80114135200513)"
1639.0,"(1047.786997018323, 763.3414911962238)","(373.71832459690154, 552.3297047508083)","(626.0530012750401, 117.81250808525861)"
1640.0,"(1048.0369928609018, 763.3400494287904)","(373.4996401737197, 552.4508539276839)","(626.3027427361056, 117.8238748185121)"
1641.0,"(1048.2869887034806, 763.338607661357)","(373.2809557505378, 552.5720031045594)","(626.5524841971712, 117.83524155176558)"
1642.0,"(1048.5369845460593, 763.3371658939235)","(373.062271327356, 552.6931522814349)","(626.8022256582368, 117.84660828501906)"
1643.0,"(1048.786980388638, 763.33572412649)","(372.8435869041741, 552.8143014583104)","(627.0519671193024, 117.85797501827254)"
1644.0,"(1049.0369762312168, 763.3342823590566)","(372.62490248099226, 552.9354506351859)","(627.301708580368, 117.86934175152602)"
1645.0,"(1049.2869720737956, 763.3328405916232)","(372.4062180578104, 553.0565998120614)","(627.5514500414336, 117.8807084847795)"
1646.0,"(1049.5369679163744, 763.3313988241897)","(372.18753363462855, 553.177748988937)","(627.8011915024991, 117.89207521803299)"
1647.0,"(1049.786963758953, 763.3299570567563)","(371.9688492114467, 553.2988981658125)","(628.0509329635647, 117.90344195128647)"
1648.0,"(1050.0369596015319, 763.3285152893228)","(371.75016478826484, 553.420047342688)","(628.3006744246303, 117.91480868453995)"
1649.0,"(1050.2869554441106, 763.3270735218894)","(371.531480365083, 553.5411965195635)","(628.5504158856959, 117.92617541779343)"
1650.0,"(1050.5369512866894, 763.3256317544559)","(371.31279594190113, 553.662345696439)","(628.8001573467615, 117.93754215104691)"
1651.0,"(1050.7869471292681, 763.3241899870225)","(371.0941115187193, 553.7834948733146)","(629.049898807827, 117.9489088843004)"
1652.0,"(1051.0369429718469, 763.322748219589)","(370.8754270955374, 553.9046440501901)","(629.2996402688926, 117.96027561755388)"
1653.0,"(1051.2869388144256, 763.3213064521556)","(370.65674267235556, 554.0257932270656)","(629.5493817299582, 117.97164235080736)"
1654.0,"(1051.5369346570044, 763.3198646847221)","(370.4380582491737, 554.1469424039411)","(629.7991231910238, 117.98300908406084)"
1655.0,"(1051.7869304995831, 763.3184229172887)","(370.21937382599185, 554.2680915808166)","(630.0488646520894, 117.99437581731432)"
1656.0,"(1052.036926342162, 763.3169811498552)","(370.00068940281, 554.3892407576922)","(630.298606113155, 118.0057425505678)"
1657.0,"(1052.2869221847407, 763.3155393824218)","(369.78200497962814, 554.5103899345677)","(630.5483475742205, 118.01710928382128)"
1658.0,"(1052.5369180273194, 763.3140976149883)","(369.5633205564463, 554.6315391114432)","(630.7980890352861, 118.02847601707477)"
1659.0,"(1052.7869138698982, 763.3126558475549)","(369.34463613326443, 554.7526882883187)","(631.0478304963517, 118.03984275032825)"
1660.0,"(1053.036909712477, 763.3112140801214)","(369.1259517100826, 554.8738374651942)","(631.2975719574173, 118.05120948358173)"
1661.0,"(1053.2869055550557, 763.309772312688)","(368.9072672869007, 554.9949866420698)","(631.5473134184829, 118.06257621683521)"
1662.0,"(1053.5369013976344, 763.3083305452545)","(368.68858286371886, 555.1161358189453)","(631.7970548795485, 118.07394295008869)"
1663.0,"(1053.7868972402132, 763.3068887778211)","(368.469898440537, 555.2372849958208)","(632.046796340614, 118.08530968334217)"
1664.0,"(1054.036893082792, 763.3054470103876)","(368.25121401735515, 555.3584341726963)","(632.2965378016796, 118.09667641659566)"
1665.0,"(1054.2868889253707, 763.3040052429542)","(368.0325295941733, 555.4795833495718)","(632.5462792627452, 118.10804314984914)"
1666.0,"(1054.5368847679495, 763.3025634755207)","(367.81384517099144, 555.6007325264474)","(632.7960207238108, 118.11940988310262)"
1667.0,"(1054.7868806105282, 763.3011217080873)","(367.5951607478096, 555.7218817033229)","(633.0457621848764, 118.1307766163561)"
1668.0,"(1055.036876453107, 763.2996799406538)","(367.37647632462773, 555.8430308801984)","(633.295503645942, 118.14214334960958)"
1669.0,"(1055.2868722956857, 763.2982381732204)","(367.1577919014459, 555.9641800570739)","(633.5452451070075, 118.15351008286306)"
1670.0,"(1055.5368681382645, 763.296796405787)","(366.939107478264, 556.0853292339494)","(633.7949865680731, 118.16487681611655)"
1671.0,"(1055.7868639808432, 763.2953546383535)","(366.72042305508216, 556.206478410825)","(634.0447280291387, 118.17624354937003)"
1672.0,"(1056.036859823422, 763.29391287092)","(366.5017386319003, 556.3276275877005)","(634.2944694902043, 118.18761028262351)"
1673.0,"(1056.2868556660007, 763.2924711034866)","(366.28305420871845, 556.448776764576)","(634.5442109512699, 118.19897701587699)"
1674.0,"(1056.5368515085795, 763.2910293360532)","(366.0643697855366, 556.5699259414515)","(634.7939524123354, 118.21034374913047)"
1675.0,"(1056.7868473511583, 763.2895875686197)","(365.84568536235474, 556.691075118327)","(635.043693873401, 118.22171048238395)"
1676.0,"(1057.036843193737, 763.2881458011863)","(365.6270009391729, 556.8122242952026)","(635.2934353344666, 118.23307721563744)"
1677.0,"(1057.2866589777684, 763.2867050721803)","(365.40831651599103, 556.9333734720781)","(635.5431767955322, 118.24444394889092)"
1678.0,"(1057.5352256828796, 763.2852715468194)","(365.1896320928092, 557.0545226489536)","(635.7929182565978, 118.2558106821444)"
1679.0,"(1057.7825495544653, 763.2838451890854)","(364.9709476696273, 557.1756718258291)","(636.0426597176634, 118.26717741539788)"
1680.0,"(1058.028636806693, 763.2824259631399)","(364.75226324644547, 557.2968210027046)","(636.2924011787289, 118.27854414865136)"
1681.0,"(1058.2734936226595, 763.2810138333242)","(364.5335788232636, 557.4179701795802)","(636.5421426397945, 118.28991088190485)"
1682.0,"(1058.5171261545463, 763.2796087641576)","(364.31489440008176, 557.5391193564557)","(636.7918841008601, 118.30127761515833)"
1683.0,"(1058.7595405237735, 763.2782107203368)","(364.0962099768999, 557.6602685333312)","(637.0416255619257, 118.31264434841181)"
1684.0,"(1059.0007428211545, 763.2768196667352)","(363.87752555371804, 557.7814177102067)","(637.2913670229913, 118.32401108166529)"
1685.0,"(1059.2407391070487, 763.2754355684015)","(363.6588411305362, 557.9025668870822)","(637.5411084840568, 118.33537781491877)"
1686.0,"(1059.4795354115136, 763.2740583905595)","(363.44015670735433, 558.0237160639577)","(637.7908499451224, 118.34674454817225)"
1687.0,"(1059.717137734456, 763.2726880986067)","(363.2214722841725, 558.1448652408333)","(638.040591406188, 118.35811128142574)"
1688.0,"(1059.9535520457837, 763.2713246581137)","(363.0027878609906, 558.2660144177088)","(638.2903328672536, 118.36947801467922)"
1689.0,"(1060.1887842855547, 763.2699680348231)","(362.78410343780877, 558.3871635945843)","(638.5400743283192, 118.3808447479327)"
1690.0,"(1060.4228403641268, 763.268618194649)","(362.5654190146269, 558.5083127714598)","(638.7898157893848, 118.39221148118618)"
1691.0,"(1060.655726162306, 763.2672751036757)","(362.34673459144506, 558.6294619483353)","(639.0395572504503, 118.40357821443966)"
1692.0,"(1060.8874475314947, 763.2659387281574)","(362.1280501682632, 558.7506111252109)","(639.2892987115159, 118.41494494769314)"
1693.0,"(1061.1180102938372, 763.2646090345166)","(361.90936574508135, 558.8717603020864)","(639.5390401725815, 118.42631168094663)"
1694.0,"(1061.347420242368, 763.263285989344)","(361.6906813218995, 558.9929094789619)","(639.7887816336471, 118.43767841420011)"
1695.0,"(1061.575683141156, 763.2619695593972)","(361.47199689871763, 559.1140586558374)","(640.0385230947127, 118.44904514745359)"
1696.0,"(1061.8028047254504, 763.2606597116003)","(361.2533124755358, 559.235207832713)","(640.2882645557783, 118.46041188070707)"
1697.0,"(1062.0287907018233, 763.2593564130423)","(361.0346280523539, 559.3563570095885)","(640.5380060168438, 118.47177861396055)"
1698.0,"(1062.2536467483142, 763.2580596309771)","(360.81594362917207, 559.477506186464)","(640.7877474779094, 118.48314534721403)"
1699.0,"(1062.4773785145726, 763.2567693328222)","(360.5972592059902, 559.5986553633395)","(641.037488938975, 118.49451208046752)"
1700.0,"(1062.6999916219997, 763.255485486158)","(360.37857478280836, 559.719804540215)","(641.2872304000406, 118.505878813721)"
1701.0,"(1062.9214916638898, 763.2542080587273)","(360.1598903596265, 559.8409537170905)","(641.5369718611062, 118.51724554697448)"
1702.0,"(1063.1418842055702, 763.2529370184336)","(359.94120593644465, 559.9621028939661)","(641.7867133221717, 118.52861228022796)"
1703.0,"(1063.3611747845423, 763.2516723333414)","(359.7225215132628, 560.0832520708416)","(642.0364547832373, 118.53997901348144)"
1704.0,"(1063.5793689106197, 763.2504139716747)","(359.50383709008094, 560.2044012477171)","(642.2861962443029, 118.55134574673492)"
1705.0,"(1063.7964720660666, 763.2491619018163)","(359.2851526668991, 560.3255504245926)","(642.5359377053685, 118.5627124799884)"
1706.0,"(1064.0124897057362, 763.2479160923072)","(359.0664682437172, 560.4466996014681)","(642.7856791664341, 118.57407921324189)"
1707.0,"(1064.2274272572076, 763.2466765118456)","(358.84778382053537, 560.5678487783437)","(643.0354206274997, 118.58544594649537)"
1708.0,"(1064.4412901209216, 763.2454431292864)","(358.6290993973535, 560.6889979552192)","(643.2851620885652, 118.59681267974885)"
1709.0,"(1064.654083670317, 763.24421591364)","(358.41041497417166, 560.8101471320947)","(643.5349035496308, 118.60817941300233)"
1710.0,"(1064.8658132519654, 763.2429948340719)","(358.1917305509898, 560.9312963089702)","(643.7846450106964, 118.61954614625581)"
1711.0,"(1065.0764841857056, 763.2417798599015)","(357.97304612780795, 561.0524454858457)","(644.034386471762, 118.6309128795093)"
1712.0,"(1065.286101764777, 763.240570960602)","(357.7543617046261, 561.1735946627213)","(644.2841279328276, 118.64227961276278)"
1713.0,"(1065.494671255953, 763.239368105799)","(357.53567728144424, 561.2947438395968)","(644.5338693938932, 118.65364634601626)"
1714.0,"(1065.7021978996734, 763.23817126527)","(357.3169928582624, 561.4158930164723)","(644.7836108549587, 118.66501307926974)"
1715.0,"(1065.908686910175, 763.2369804089436)","(357.0983084350805, 561.5370421933478)","(645.0333523160243, 118.67637981252322)"
1716.0,"(1066.1141434756241, 763.2357955068989)","(356.87962401189867, 561.6581913702233)","(645.2830937770899, 118.6877465457767)"
1717.0,"(1066.318572758246, 763.2346165293643)","(356.6609395887168, 561.7793405470989)","(645.5328352381555, 118.69911327903019)"
1718.0,"(1066.521979894455, 763.2334434467175)","(356.44225516553496, 561.9004897239744)","(645.7825766992211, 118.71048001228367)"
1719.0,"(1066.7243699949827, 763.2322762294839)","(356.2235707423531, 562.0216389008499)","(646.0323181602866, 118.72184674553715)"
1720.0,"(1066.9257481450077, 763.2311148483365)","(356.00488631917125, 562.1427880777254)","(646.2820596213522, 118.73321347879063)"
1721.0,"(1067.1261194042827, 763.2299592740948)","(355.7862018959894, 562.2639372546009)","(646.5318010824178, 118.74458021204411)"
1722.0,"(1067.3254888072613, 763.2288094777243)","(355.56751747280754, 562.3850864314765)","(646.7815425434834, 118.7559469452976)"
1723.0,"(1067.523861363225, 763.2276654303357)","(355.3488330496257, 562.506235608352)","(647.031284004549, 118.76731367855108)"
1724.0,"(1067.721242056409, 763.226527103184)","(355.1301486264438, 562.6273847852275)","(647.2810254656146, 118.77868041180456)"
1725.0,"(1067.917635846127, 763.2253944676681)","(354.91146420326197, 562.748533962103)","(647.5307669266801, 118.79004714505804)"
1726.0,"(1068.1130476668964, 763.2242674953297)","(354.6927797800801, 562.8696831389785)","(647.7805083877457, 118.80141387831152)"
1727.0,"(1068.3074824285618, 763.2231461578531)","(354.47409535689826, 562.990832315854)","(648.0302498488113, 118.812780611565)"
1728.0,"(1068.5009450164189, 763.2220304270638)","(354.2554109337164, 563.1119814927296)","(648.2799913098769, 118.82414734481848)"
1729.0,"(1068.6934402913369, 763.2209202749285)","(354.03672651053455, 563.2331306696051)","(648.5297327709425, 118.83551407807197)"
1730.0,"(1068.88497308988, 763.2198156735539)","(353.8180420873527, 563.3542798464806)","(648.779474232008, 118.84688081132545)"
1731.0,"(1069.0755482244306, 763.218716595186)","(353.59935766417084, 563.4754290233561)","(649.0292156930736, 118.85824754457893)"
1732.0,"(1069.2651704833083, 763.2176230122101)","(353.380673240989, 563.5965782002316)","(649.2789571541392, 118.86961427783241)"
1733.0,"(1069.4538446308918, 763.216534897149)","(353.1619888178071, 563.7177273771072)","(649.5286986152048, 118.8809810110859)"
1734.0,"(1069.6415754077373, 763.2154522226633)","(352.9433043946253, 563.8388765539827)","(649.7784400762704, 118.89234774433938)"
1735.0,"(1069.8283675306986, 763.21437496155)","(352.7246199714434, 563.9600257308582)","(650.028181537336, 118.90371447759286)"
1736.0,"(1070.014225693045, 763.2133030867423)","(352.50593554826156, 564.0811749077337)","(650.2779229984016, 118.91508121084634)"
1737.0,"(1070.1991545645799, 763.2122365713085)","(352.2872511250797, 564.2023240846092)","(650.5276644594671, 118.92644794409982)"
1738.0,"(1070.383158791757, 763.2111753884519)","(352.06856670189785, 564.3234732614848)","(650.7774059205327, 118.9378146773533)"
1739.0,"(1070.5662429977983, 763.2101195115097)","(351.849882278716, 564.4446224383603)","(651.0271473815983, 118.94918141060678)"
1740.0,"(1070.7484117828094, 763.2090689139521)","(351.63119785553414, 564.5657716152358)","(651.2768888426639, 118.96054814386027)"
1741.0,"(1070.9296697238954, 763.2080235693824)","(351.4125134323523, 564.6869207921113)","(651.5266303037295, 118.97191487711375)"
1742.0,"(1071.110021375276, 763.2069834515355)","(351.19382900917043, 564.8080699689868)","(651.776371764795, 118.98328161036723)"
1743.0,"(1071.2894712683994, 763.2059485342778)","(350.9751445859886, 564.9292191458624)","(652.0261132258606, 118.99464834362071)"
1744.0,"(1071.4680239120573, 763.2049187916065)","(350.7564601628067, 565.0503683227379)","(652.2758546869262, 119.00601507687419)"
1745.0,"(1071.645683792497, 763.2038941976484)","(350.53777573962486, 565.1715174996134)","(652.5255961479918, 119.01738181012767)"
1746.0,"(1071.8224553735345, 763.2028747266602)","(350.319091316443, 565.2926666764889)","(652.7753376090574, 119.02874854338116)"
1747.0,"(1071.9983430966668, 763.2018603530269)","(350.10040689326115, 565.4138158533644)","(653.025079070123, 119.04011527663464)"
1748.0,"(1072.1733513811835, 763.2008510512617)","(349.8817224700793, 565.53496503024)","(653.2748205311885, 119.05148200988812)"
1749.0,"(1072.3474846242775, 763.1998467960053)","(349.66303804689744, 565.6561142071155)","(653.5245619922541, 119.0628487431416)"
1750.0,"(1072.5207472011562, 763.1988475620253)","(349.4443536237156, 565.777263383991)","(653.7743034533197, 119.07421547639508)"
1751.0,"(1072.6931434651503, 763.1978533242152)","(349.22566920053373, 565.8984125608665)","(654.0240449143853, 119.08558220964856)"
1752.0,"(1072.8646777478245, 763.1968640575941)","(349.0069847773519, 566.019561737742)","(654.2737863754509, 119.09694894290205)"
1753.0,"(1073.0353543590854, 763.1958797373061)","(348.78830035417, 566.1407109146176)","(654.5235278365165, 119.10831567615553)"
1754.0,"(1073.20517758729, 763.1949003386195)","(348.56961593098816, 566.2618600914931)","(654.773269297582, 119.11968240940901)"
1755.0,"(1073.3741516993537, 763.1939258369264)","(348.3509315078063, 566.3830092683686)","(655.0230107586476, 119.13104914266249)"
1756.0,"(1073.542280940857, 763.1929562077418)","(348.13224708462445, 566.5041584452441)","(655.2727522197132, 119.14241587591597)"
1757.0,"(1073.7095695361527, 763.191991426703)","(347.9135626614426, 566.6253076221196)","(655.5224936807788, 119.15378260916945)"
1758.0,"(1073.8760216884718, 763.1910314695695)","(347.69487823826074, 566.7464567989952)","(655.7722351418444, 119.16514934242294)"
1759.0,"(1074.0416415800296, 763.1900763122215)","(347.4761938150789, 566.8676059758707)","(656.02197660291, 119.17651607567642)"
1760.0,"(1074.2064333721294, 763.1891259306605)","(347.25750939189703, 566.9887551527462)","(656.2717180639755, 119.1878828089299)"
1761.0,"(1074.3704012052688, 763.1881803010072)","(347.0388249687152, 567.1099043296217)","(656.5214595250411, 119.19924954218338)"
1762.0,"(1074.5335491992423, 763.1872393995021)","(346.8201405455333, 567.2310535064972)","(656.7712009861067, 119.21061627543686)"
1763.0,"(1074.695881453246, 763.1863032025046)","(346.60145612235146, 567.3522026833728)","(657.0209424471723, 119.22198300869034)"
1764.0,"(1074.8574020459798, 763.1853716864921)","(346.3827716991696, 567.4733518602483)","(657.2706839082379, 119.23334974194383)"
1765.0,"(1075.0181150357498, 763.1844448280597)","(346.16408727598775, 567.5945010371238)","(657.5204253693034, 119.24471647519731)"
1766.0,"(1075.1780244605711, 763.1835226039194)","(345.9454028528059, 567.7156502139993)","(657.770166830369, 119.25608320845079)"
1767.0,"(1075.3371343382682, 763.1826049908998)","(345.72671842962404, 567.8367993908748)","(658.0199082914346, 119.26744994170427)"
1768.0,"(1075.495448666577, 763.1816919659453)","(345.5080340064422, 567.9579485677503)","(658.2696497525002, 119.27881667495775)"
1769.0,"(1075.652971423244, 763.1807835061156)","(345.28934958326033, 568.0790977446259)","(658.5193912135658, 119.29018340821123)"
1770.0,"(1075.8097065661277, 763.1798795885851)","(345.0706651600785, 568.2002469215014)","(658.7691326746314, 119.30155014146472)"
1771.0,"(1075.9656580332971, 763.1789801906422)","(344.8519807368966, 568.3213960983769)","(659.0188741356969, 119.3129168747182)"
1772.0,"(1076.1208297431306, 763.178085289689)","(344.63329631371477, 568.4425452752524)","(659.2686155967625, 119.32428360797168)"
1773.0,"(1076.275225594415, 763.1771948632405)","(344.4146118905329, 568.563694452128)","(659.5183570578281, 119.33565034122516)"
1774.0,"(1076.428849466443, 763.1763088889243)","(344.19592746735105, 568.6848436290035)","(659.7680985188937, 119.34701707447864)"
1775.0,"(1076.5817052191107, 763.1754273444797)","(343.9772430441692, 568.805992805879)","(660.0178399799593, 119.35838380773212)"
1776.0,"(1076.7337966930152, 763.1745502077573)","(343.75855862098734, 568.9271419827545)","(660.2675814410248, 119.3697505409856)"
1777.0,"(1076.88512770955, 763.1736774567186)","(343.5398741978055, 569.04829115963)","(660.5173229020904, 119.38111727423909)"
1778.0,"(1077.0357020710023, 763.172809069435)","(343.32118977462363, 569.1694403365055)","(660.767064363156, 119.39248400749257)"
1779.0,"(1077.1855235606474, 763.1719450240878)","(343.1025053514418, 569.2905895133811)","(661.0168058242216, 119.40385074074605)"
1780.0,"(1077.334595942844, 763.1710852989673)","(342.8838209282599, 569.4117386902566)","(661.2665472852872, 119.41521747399953)"
1781.0,"(1077.4829229631298, 763.1702298724725)","(342.66513650507807, 569.5328878671321)","(661.5162887463528, 119.42658420725301)"
1782.0,"(1077.6305083483142, 763.1693787231102)","(342.4464520818962, 569.6540370440076)","(661.7660302074183, 119.4379509405065)"
1783.0,"(1077.7773558065726, 763.1685318294947)","(342.22776765871436, 569.7751862208831)","(662.0157716684839, 119.44931767375998)"
1784.0,"(1077.9234690275398, 763.1676891703472)","(342.0090832355325, 569.8963353977587)","(662.2655131295495, 119.46068440701346)"
1785.0,"(1078.068851682402, 763.1668507244955)","(341.79039881235065, 570.0174845746342)","(662.5152545906151, 119.47205114026694)"
1786.0,"(1078.21350742399, 763.166016470873)","(341.5717143891688, 570.1386337515097)","(662.7649960516807, 119.48341787352042)"
1787.0,"(1078.35743988687, 763.1651863885187)","(341.35302996598693, 570.2597829283852)","(663.0147375127463, 119.4947846067739)"
1788.0,"(1078.5006526874356, 763.1643604565761)","(341.1343455428051, 570.3809321052607)","(663.2644789738118, 119.5061513400274)"
1789.0,"(1078.6431494239985, 763.1635386542932)","(340.9156611196232, 570.5020812821363)","(663.5142204348774, 119.5175180732809)"
1790.0,"(1078.7849336768784, 763.1627209610218)","(340.69697669644137, 570.6232304590118)","(663.763961895943, 119.52888480653438)"
1791.0,"(1078.926009008494, 763.1619073562167)","(340.4782922732595, 570.7443796358873)","(664.0137033570086, 119.54025153978787)"
1792.0,"(1079.0663789634516, 763.1610978194357)","(340.25960785007766, 570.8655288127628)","(664.2634448180742, 119.55161827304137)"
1793.0,"(1079.2060470686342, 763.1602923303385)","(340.0409234268958, 570.9866779896383)","(664.5131862791397, 119.56298500629485)"
1794.0,"(1079.345016833291, 763.1594908686868)","(339.82223900371395, 571.1078271665139)","(664.7629277402053, 119.57435173954835)"
1795.0,"(1079.4832917491246, 763.1586934143434)","(339.6035545805321, 571.2289763433894)","(665.0126692012709, 119.58571847280184)"
1796.0,"(1079.620875290379, 763.1578999472716)","(339.38487015735024, 571.3501255202649)","(665.2624106623365, 119.59708520605533)"
1797.0,"(1079.757770913927, 763.1571104475353)","(339.1661857341684, 571.4712746971404)","(665.5121521234021, 119.60845193930882)"
1798.0,"(1079.8939820593573, 763.1563248952976)","(338.9475013109865, 571.5924238740159)","(665.7618935844677, 119.61981867256232)"
1799.0,"(1080.0295121490606, 763.1555432708211)","(338.72881688780467, 571.7135730508915)","(666.0116350455332, 119.6311854058158)"
1800.0,"(1080.1643645883153, 763.154765554467)","(338.5101324646228, 571.834722227767)","(666.2613765065988, 119.6425521390693)"
1801.0,"(1080.2985427653737, 763.1539917266946)","(338.29144804144096, 571.9558714046425)","(666.5111179676644, 119.65391887232279)"
1802.0,"(1080.4320500515469, 763.1532217680611)","(338.0727636182591, 572.077020581518)","(666.76085942873, 119.66528560557629)"
1803.0,"(1080.5648898012892, 763.1524556592209)","(337.85407919507725, 572.1981697583935)","(667.0106008897956, 119.67665233882977)"
1804.0,"(1080.6970653522826, 763.1516933809248)","(337.6353947718954, 572.319318935269)","(667.2603423508612, 119.68801907208326)"
1805.0,"(1080.8285800255212, 763.1509349140202)","(337.41671034871354, 572.4404681121446)","(667.5100838119267, 119.69938580533676)"
1806.0,"(1080.9594371253936, 763.1501802394502)","(337.1980259255317, 572.5616172890201)","(667.7598252729923, 119.71075253859024)"
1807.0,"(1081.0896399397666, 763.1494293382528)","(336.9793415023498, 572.6827664658956)","(668.0095667340579, 119.72211927184374)"
1808.0,"(1081.2191917400678, 763.1486821915615)","(336.76065707916797, 572.8039156427711)","(668.2593081951235, 119.73348600509723)"
1809.0,"(1081.3480957813674, 763.1479387806037)","(336.5419726559861, 572.9250648196466)","(668.5090496561891, 119.74485273835072)"
1810.0,"(1081.4763553024607, 763.1471990867007)","(336.32328823280426, 573.0462139965222)","(668.7587911172546, 119.75621947160421)"
1811.0,"(1081.6039735259483, 763.1464630912672)","(336.1046038096224, 573.1673631733977)","(669.0085325783202, 119.76758620485771)"
1812.0,"(1081.7309536583186, 763.1457307758108)","(335.88591938644055, 573.2885123502732)","(669.2582740393858, 119.77895293811119)"
1813.0,"(1081.857298890027, 763.1450021219317)","(335.6672349632587, 573.4096615271487)","(669.5080155004514, 119.79031967136468)"
1814.0,"(1081.983012395577, 763.144277111322)","(335.44855054007684, 573.5308107040242)","(669.757756961517, 119.80168640461818)"
1815.0,"(1082.108097333599, 763.1435557257654)","(335.229866116895, 573.6519598808998)","(670.0074984225826, 119.81305313787166)"
1816.0,"(1082.2325568469312, 763.1428379471365)","(335.0111816937131, 573.7731090577753)","(670.2572398836481, 119.82441987112516)"
1817.0,"(1082.3563940626966, 763.1421237574008)","(334.79249727053127, 573.8942582346508)","(670.5069813447137, 119.83578660437865)"
1818.0,"(1082.4796120923831, 763.1414131386138)","(334.5738128473494, 574.0154074115263)","(670.7567228057793, 119.84715333763214)"
1819.0,"(1082.6022140319212, 763.1407060729207)","(334.35512842416756, 574.1365565884018)","(671.0064642668449, 119.85852007088563)"
1820.0,"(1082.7242029617616, 763.1400025425561)","(334.1364440009857, 574.2577057652774)","(671.2562057279105, 119.86988680413913)"
1821.0,"(1082.8455819469527, 763.1393025298433)","(333.91775957780385, 574.3788549421529)","(671.505947188976, 119.88125353739261)"
1822.0,"(1082.966354037218, 763.1386060171941)","(333.699075154622, 574.5000041190284)","(671.7556886500416, 119.8926202706461)"
1823.0,"(1083.086522267032, 763.1379129871082)","(333.48039073144014, 574.6211532959039)","(672.0054301111072, 119.9039870038996)"
1824.0,"(1083.2060896556968, 763.1372234221726)","(333.2617063082583, 574.7423024727794)","(672.2551715721728, 119.91535373715308)"
1825.0,"(1083.3250592074182, 763.1365373050618)","(333.0430218850764, 574.863451649655)","(672.5049130332384, 119.92672047040658)"
1826.0,"(1083.4434339113811, 763.1358546185364)","(332.8243374618946, 574.9846008265305)","(672.754654494304, 119.93808720366007)"
1827.0,"(1083.5612167418242, 763.1351753454437)","(332.6056530387127, 575.105750003406)","(673.0043959553695, 119.94945393691356)"
1828.0,"(1083.6784106581151, 763.1344994687165)","(332.38696861553086, 575.2268991802815)","(673.2541374164351, 119.96082067016705)"
1829.0,"(1083.7950186048245, 763.133826971373)","(332.168284192349, 575.348048357157)","(673.5038788775007, 119.97218740342055)"
1830.0,"(1083.9110435118002, 763.1331578365161)","(331.94959976916715, 575.4691975340326)","(673.7536203385663, 119.98355413667403)"
1831.0,"(1084.0264882942413, 763.1324920473336)","(331.7309153459853, 575.5903467109081)","(674.0033617996319, 119.99492086992753)"
1832.0,"(1084.1413558527702, 763.131829587097)","(331.51223092280344, 575.7114958877836)","(674.2531032606975, 120.00628760318102)"
1833.0,"(1084.2556490735062, 763.1311704391615)","(331.2935464996216, 575.8326450646591)","(674.502844721763, 120.0176543364345)"
1834.0,"(1084.3693708281387, 763.1305145869657)","(331.07486207643973, 575.9537942415346)","(674.7525861828286, 120.029021069688)"
1835.0,"(1084.482523973998, 763.1298620140308)","(330.8561776532579, 576.0749434184102)","(675.0023276438942, 120.0403878029415)"
1836.0,"(1084.595111354128, 763.1292127039607)","(330.637493230076, 576.1960925952857)","(675.2520691049598, 120.05175453619499)"
1837.0,"(1084.7071357973573, 763.1285666404409)","(330.41880880689416, 576.3172417721612)","(675.5018105660254, 120.06312126944847)"
1838.0,"(1084.8186001183706, 763.1279238072387)","(330.2001243837123, 576.4383909490367)","(675.751552027091, 120.07448800270197)"
1839.0,"(1084.9295071177787, 763.1272841882026)","(329.98143996053045, 576.5595401259122)","(676.0012934881565, 120.08585473595546)"
1840.0,"(1085.0398595821898, 763.1266477672616)","(329.7627555373486, 576.6806893027878)","(676.2510349492221, 120.09722146920895)"
1841.0,"(1085.149660284279, 763.1260145284253)","(329.54407111416674, 576.8018384796633)","(676.5007764102877, 120.10858820246244)"
1842.0,"(1085.2589119828576, 763.1253844557832)","(329.3253866909849, 576.9229876565388)","(676.7505178713533, 120.11995493571594)"
1843.0,"(1085.3676174229433, 763.1247575335043)","(329.10670226780303, 577.0441368334143)","(677.0002593324189, 120.13132166896942)"
1844.0,"(1085.4757793358285, 763.1241337458367)","(328.8880178446212, 577.1652860102898)","(677.2500007934844, 120.14268840222292)"
1845.0,"(1085.5834004391493, 763.1235130771075)","(328.6693334214393, 577.2864351871654)","(677.49974225455, 120.15405513547641)"
1846.0,"(1085.6904834369536, 763.122895511722)","(328.45064899825746, 577.4075843640409)","(677.7494837156156, 120.1654218687299)"
1847.0,"(1085.7970310197688, 763.1222810341634)","(328.2319645750756, 577.5287335409164)","(677.9992251766812, 120.17678860198339)"
1848.0,"(1085.90304586467, 763.1216696289925)","(328.01328015189375, 577.6498827177919)","(678.2489666377468, 120.18815533523689)"
1849.0,"(1086.0085306353467, 763.1210612808476)","(327.7945957287119, 577.7710318946674)","(678.4987080988124, 120.19952206849037)"
1850.0,"(1086.11348798217, 763.1204559744433)","(327.57591130553004, 577.892181071543)","(678.7484495598779, 120.21088880174386)"
1851.0,"(1086.2179205422592, 763.1198536945711)","(327.3572268823482, 578.0133302484185)","(678.9981910209435, 120.22225553499736)"
1852.0,"(1086.321830939548, 763.1192544260982)","(327.13854245916633, 578.134479425294)","(679.2479324820091, 120.23362226825084)"
1853.0,"(1086.4252217848502, 763.1186581539678)","(326.9198580359845, 578.2556286021695)","(679.4976739430747, 120.24498900150434)"
1854.0,"(1086.528095675926, 763.1180648631979)","(326.7011736128026, 578.376777779045)","(679.7474154041403, 120.25635573475783)"
1855.0,"(1086.6304551975463, 763.1174745388819)","(326.48248918962076, 578.4979269559205)","(679.9971568652059, 120.26772246801131)"
1856.0,"(1086.7323029215586, 763.1168871661874)","(326.2638047664389, 578.6190761327961)","(680.2468983262714, 120.27908920126481)"
1857.0,"(1086.8336414069508, 763.1163027303566)","(326.04512034325705, 578.7402253096716)","(680.496639787337, 120.2904559345183)"
1858.0,"(1086.934473199916, 763.1157212167047)","(325.8264359200752, 578.8613744865471)","(680.7463812484026, 120.30182266777179)"
1859.0,"(1087.0348008339165, 763.1151426106212)","(325.60775149689334, 578.9825236634226)","(680.9961227094682, 120.31318940102528)"
1860.0,"(1087.1346268297468, 763.1145668975681)","(325.3890670737115, 579.1036728402981)","(681.2458641705338, 120.32455613427878)"
1861.0,"(1087.233953695598, 763.1139940630803)","(325.17038265052963, 579.2248220171737)","(681.4956056315993, 120.33592286753228)"
1862.0,"(1087.33278392712, 763.113424092765)","(324.9516982273478, 579.3459711940492)","(681.7453470926649, 120.34728960078576)"
1863.0,"(1087.4311200074844, 763.1128569723011)","(324.7330138041659, 579.4671203709247)","(681.9950885537305, 120.35865633403925)"
1864.0,"(1087.528964407447, 763.1122926874395)","(324.51432938098407, 579.5882695478002)","(682.2448300147961, 120.37002306729275)"
1865.0,"(1087.6263195854096, 763.1117312240024)","(324.2956449578022, 579.7094187246757)","(682.4945714758617, 120.38138980054623)"
1866.0,"(1087.7231879874826, 763.1111725678824)","(324.07696053462035, 579.8305679015513)","(682.7443129369273, 120.39275653379973)"
1867.0,"(1087.819572047545, 763.110616705043)","(323.8582761114385, 579.9517170784268)","(682.9940543979928, 120.40412326705322)"
1868.0,"(1087.9154741873074, 763.1100636215177)","(323.63959168825664, 580.0728662553023)","(683.2437958590584, 120.4154900003067)"
1869.0,"(1088.0108968163709, 763.1095133034102)","(323.4209072650748, 580.1940154321778)","(683.493537320124, 120.4268567335602)"
1870.0,"(1088.105842332289, 763.1089657368931)","(323.20222284189293, 580.3151646090533)","(683.7432787811896, 120.4382234668137)"
1871.0,"(1088.2003131206277, 763.1084209082086)","(322.9835384187111, 580.4363137859289)","(683.9930202422552, 120.44959020006718)"
1872.0,"(1088.2943115550245, 763.1078788036675)","(322.7648539955292, 580.5574629628044)","(684.2427617033208, 120.46095693332067)"
1873.0,"(1088.3878399972493, 763.1073394096492)","(322.54616957234737, 580.6786121396799)","(684.4925031643863, 120.47232366657417)"
1874.0,"(1088.480900797263, 763.1068027126009)","(322.3274851491655, 580.7997613165554)","(684.7422446254519, 120.48369039982765)"
1875.0,"(1088.5734962932768, 763.106268699038)","(322.10880072598366, 580.9209104934309)","(684.9919860865175, 120.49505713308115)"
1876.0,"(1088.6656288118104, 763.1057373555428)","(321.8901163028018, 581.0420596703065)","(685.2417275475831, 120.50642386633464)"
1877.0,"(1088.7573006677515, 763.1052086687652)","(321.67143187961994, 581.163208847182)","(685.4914690086487, 120.51779059958812)"
1878.0,"(1088.8485141644128, 763.1046826254213)","(321.4527474564381, 581.2843580240575)","(685.7412104697142, 120.52915733284162)"
1879.0,"(1088.9392715935908, 763.1041592122942)","(321.23406303325623, 581.405507200933)","(685.9909519307798, 120.54052406609512)"
1880.0,"(1089.0295752356228, 763.1036384162328)","(321.0153786100744, 581.5266563778085)","(686.2406933918454, 120.5518907993486)"
1881.0,"(1089.1194273594447, 763.1031202241517)","(320.7966941868925, 581.647805554684)","(686.490434852911, 120.5632575326021)"
1882.0,"(1089.2088302226475, 763.1026046230309)","(320.57800976371067, 581.7689547315596)","(686.7401763139766, 120.57462426585559)"
1883.0,"(1089.2977860715343, 763.1020915999158)","(320.3593253405288, 581.8901039084351)","(686.9899177750422, 120.58599099910907)"
1884.0,"(1089.3862971411768, 763.1015811419162)","(320.14064091734696, 582.0112530853106)","(687.2396592361077, 120.59735773236257)"
1885.0,"(1089.4743656554708, 763.1010732362066)","(319.9219564941651, 582.1324022621861)","(687.4894006971733, 120.60872446561606)"
1886.0,"(1089.5619938271934, 763.1005678700255)","(319.70327207098325, 582.2535514390617)","(687.7391421582389, 120.62009119886955)"
1887.0,"(1089.6491838580575, 763.1000650306754)","(319.4845876478014, 582.3747006159372)","(687.9888836193045, 120.63145793212304)"
1888.0,"(1089.7359379387672, 763.0995647055221)","(319.26590322461954, 582.4958497928127)","(688.2386250803701, 120.64282466537654)"
1889.0,"(1089.8222582490732, 763.0990668819944)","(319.0472188014377, 582.6169989696882)","(688.4883665414357, 120.65419139863002)"
1890.0,"(1089.908146957828, 763.0985715475845)","(318.8285343782558, 582.7381481465637)","(688.7381080025012, 120.66555813188351)"
1891.0,"(1089.9936062230388, 763.0980786898466)","(318.60984995507397, 582.8592973234393)","(688.9878494635668, 120.67692486513701)"
1892.0,"(1090.0786381919236, 763.0975882963974)","(318.3911655318921, 582.9804465003148)","(689.2375909246324, 120.68829159839049)"
1893.0,"(1090.163245000964, 763.0971003549154)","(318.17248110871026, 583.1015956771903)","(689.487332385698, 120.69965833164399)"
1894.0,"(1090.2474287759592, 763.0966148531407)","(317.9537966855284, 583.2227448540658)","(689.7370738467636, 120.71102506489748)"
1895.0,"(1090.3311916320795, 763.096131778875)","(317.73511226234655, 583.3438940309413)","(689.9868153078291, 120.72239179815098)"
1896.0,"(1090.414535673919, 763.0956511199806)","(317.5164278391647, 583.4650432078168)","(690.2365567688947, 120.73375853140446)"
1897.0,"(1090.4974629955495, 763.0951728643807)","(317.29774341598284, 583.5861923846924)","(690.4862982299603, 120.74512526465796)"
1898.0,"(1090.5799756805718, 763.0946970000589)","(317.079058992801, 583.7073415615679)","(690.7360396910259, 120.75649199791145)"
1899.0,"(1090.662075802169, 763.0942235150586)","(316.8603745696191, 583.8284907384434)","(690.9857811520915, 120.76785873116494)"
1900.0,"(1090.7437654231583, 763.0937523974833)","(316.64169014643727, 583.9496399153189)","(691.2355226131571, 120.77922546441843)"
1901.0,"(1090.8250465960425, 763.0932836354958)","(316.4230057232554, 584.0707890921944)","(691.4852640742226, 120.79059219767193)"
1902.0,"(1090.9059213630624, 763.0928172173184)","(316.20432130007356, 584.19193826907)","(691.7350055352882, 120.80195893092541)"
1903.0,"(1090.986391756247, 763.0923531312318)","(315.9856368768917, 584.3130874459455)","(691.9847469963538, 120.8133256641789)"
1904.0,"(1091.0664597974658, 763.0918913655756)","(315.76695245370985, 584.434236622821)","(692.2344884574194, 120.8246923974324)"
1905.0,"(1091.1461274984783, 763.0914319087477)","(315.548268030528, 584.5553857996965)","(692.484229918485, 120.83605913068588)"
1906.0,"(1091.225396860986, 763.090974749204)","(315.32958360734614, 584.676534976572)","(692.7339713795506, 120.84742586393938)"
1907.0,"(1091.304269876681, 763.090519875458)","(315.1108991841643, 584.7976841534476)","(692.9837128406161, 120.85879259719287)"
1908.0,"(1091.3827485272975, 763.0900672760807)","(314.8922147609824, 584.9188333303231)","(693.2334543016817, 120.87015933044636)"
1909.0,"(1091.460834784661, 763.0896169397004)","(314.67353033780057, 585.0399825071986)","(693.4831957627473, 120.88152606369985)"
1910.0,"(1091.5385306107378, 763.0891688550018)","(314.4548459146187, 585.1611316840741)","(693.7329372238129, 120.89289279695335)"
1911.0,"(1091.615837957684, 763.0887230107269)","(314.23616149143686, 585.2822808609496)","(693.9826786848785, 120.90425953020683)"
1912.0,"(1091.6927587678956, 763.0882793956732)","(314.017477068255, 585.4034300378252)","(694.232420145944, 120.91562626346033)"
1913.0,"(1091.769294974056, 763.0878379986949)","(313.79879264507315, 585.5245792147007)","(694.4821616070096, 120.92699299671382)"
1914.0,"(1091.8454484991857, 763.0873988087014)","(313.5801082218913, 585.6457283915762)","(694.7319030680752, 120.9383597299673)"
1915.0,"(1091.92122125669, 763.0869618146579)","(313.36142379870944, 585.7668775684517)","(694.9816445291408, 120.9497264632208)"
1916.0,"(1091.9966151504066, 763.0865270055846)","(313.1427393755276, 585.8880267453272)","(695.2313859902064, 120.9610931964743)"
1917.0,"(1092.0716320746546, 763.0860943705567)","(312.9240549523457, 586.0091759222028)","(695.481127451272, 120.97245992972778)"
1918.0,"(1092.1462739142814, 763.0856638987038)","(312.7053705291639, 586.1303250990783)","(695.7308689123375, 120.98382666298127)"
1919.0,"(1092.22054254471, 763.0852355792103)","(312.486686105982, 586.2514742759538)","(695.9806103734031, 120.99519339623477)"
1920.0,"(1092.2944398319864, 763.0848094013143)","(312.26800168280016, 586.3726234528293)","(696.2303518344687, 121.00656012948826)"
1921.0,"(1092.3679676328265, 763.0843853543076)","(312.0493172596183, 586.4937726297048)","(696.4800932955343, 121.01792686274175)"
1922.0,"(1092.4411277946624, 763.0839634275361)","(311.83063283643645, 586.6149218065804)","(696.7298347565999, 121.02929359599524)"
1923.0,"(1092.513922155689, 763.0835436103985)","(311.6119484132546, 586.7360709834559)","(696.9795762176655, 121.04066032924874)"
1924.0,"(1092.5863525449106, 763.0831258923465)","(311.39326399007274, 586.8572201603314)","(697.229317678731, 121.05202706250222)"
1925.0,"(1092.658420782186, 763.0827102628848)","(311.1745795668909, 586.9783693372069)","(697.4790591397966, 121.06339379575572)"
1926.0,"(1092.7301286782752, 763.0822967115704)","(310.95589514370903, 587.0995185140824)","(697.7288006008622, 121.07476052900921)"
1927.0,"(1092.8014780348838, 763.0818852280125)","(310.7372107205272, 587.220667690958)","(697.9785420619278, 121.08612726226269)"
1928.0,"(1092.8724706447094, 763.0814758018724)","(310.5185262973453, 587.3418168678335)","(698.2282835229934, 121.09749399551619)"
1929.0,"(1092.943108291486, 763.081068422863)","(310.29984187416346, 587.462966044709)","(698.478024984059, 121.10886072876968)"
1930.0,"(1093.0133927500285, 763.0806630807488)","(310.0811574509816, 587.5841152215845)","(698.7277664451245, 121.12022746202317)"
1931.0,"(1093.0833257862785, 763.080259765345)","(309.86247302779975, 587.70526439846)","(698.9775079061901, 121.13159419527666)"
1932.0,"(1093.152909157347, 763.0798584665182)","(309.6437886046179, 587.8264135753356)","(699.2272493672557, 121.14296092853016)"
1933.0,"(1093.2221446115602, 763.0794591741856)","(309.42510418143604, 587.9475627522111)","(699.4769908283213, 121.15432766178364)"
1934.0,"(1093.2910338885024, 763.0790618783146)","(309.2064197582542, 588.0687119290866)","(699.7267322893869, 121.16569439503714)"
1935.0,"(1093.35957871906, 763.078666568923)","(308.98773533507233, 588.1898611059621)","(699.9764737504524, 121.17706112829063)"
1936.0,"(1093.4277808254647, 763.0782732360784)","(308.7690509118905, 588.3110102828376)","(700.226215211518, 121.18842786154411)"
1937.0,"(1093.4956419213374, 763.0778818698981)","(308.5503664887086, 588.4321594597131)","(700.4759566725836, 121.19979459479761)"
1938.0,"(1093.5631637117308, 763.0774924605486)","(308.33168206552676, 588.5533086365887)","(700.7256981336492, 121.2111613280511)"
1939.0,"(1093.630347893172, 763.0771049982458)","(308.1129976423449, 588.6744578134642)","(700.9754395947148, 121.22252806130459)"
1940.0,"(1093.6971961537063, 763.0767194732546)","(307.89431321916305, 588.7956069903397)","(701.2251810557804, 121.23389479455808)"
1941.0,"(1093.7637101729376, 763.0763358758883)","(307.6756287959812, 588.9167561672152)","(701.4749225168459, 121.24526152781158)"
1942.0,"(1093.8298916220729, 763.0759541965089)","(307.45694437279934, 589.0379053440907)","(701.7246639779115, 121.25662826106506)"
1943.0,"(1093.8957421639625, 763.0755744255263)","(307.2382599496175, 589.1590545209663)","(701.9744054389771, 121.26799499431856)"
1944.0,"(1093.9612634531427, 763.0751965533987)","(307.01957552643563, 589.2802036978418)","(702.2241469000427, 121.27936172757205)"
1945.0,"(1094.026457135877, 763.0748205706317)","(306.8008911032538, 589.4013528747173)","(702.4738883611083, 121.29072846082553)"
1946.0,"(1094.0913248501977, 763.0744464677786)","(306.5822066800719, 589.5225020515928)","(702.7236298221738, 121.30209519407903)"
1947.0,"(1094.1558682259467, 763.0740742354396)","(306.36352225689006, 589.6436512284683)","(702.9733712832394, 121.31346192733253)"
1948.0,"(1094.220088884817, 763.0737038642625)","(306.1448378337082, 589.7648004053439)","(703.223112744305, 121.32482866058601)"
1949.0,"(1094.283988440393, 763.0733353449411)","(305.92615341052635, 589.8859495822194)","(703.4728542053706, 121.3361953938395)"
1950.0,"(1094.3475684981909, 763.0729686682164)","(305.7074689873445, 590.0070987590949)","(703.7225956664362, 121.347562127093)"
1951.0,"(1094.4108306557, 763.0726038248753)","(305.48878456416264, 590.1282479359704)","(703.9723371275018, 121.35892886034648)"
1952.0,"(1094.4737765024215, 763.0722408057509)","(305.2701001409808, 590.2493971128459)","(704.2220785885673, 121.37029559359998)"
1953.0,"(1094.5364076199094, 763.0718796017221)","(305.05141571779893, 590.3705462897215)","(704.4718200496329, 121.38166232685347)"
1954.0,"(1094.5987255818097, 763.0715202037135)","(304.8327312946171, 590.491695466597)","(704.7215615106985, 121.39302906010697)"
1955.0,"(1094.6607319539007, 763.0711626026949)","(304.6140468714352, 590.6128446434725)","(704.9713029717641, 121.40439579336045)"
1956.0,"(1094.7224282941313, 763.0708067896815)","(304.39536244825337, 590.733993820348)","(705.2210444328297, 121.41576252661395)"
1957.0,"(1094.7838161526606, 763.0704527557331)","(304.1766780250715, 590.8551429972235)","(705.4707858938953, 121.42712925986744)"
1958.0,"(1094.8448970718973, 763.0701004919545)","(303.95799360188965, 590.9762921740991)","(705.7205273549608, 121.43849599312092)"
1959.0,"(1094.9056725865378, 763.0697499894947)","(303.7393091787078, 591.0974413509746)","(705.9702688160264, 121.44986272637442)"
1960.0,"(1094.9661442236052, 763.0694012395472)","(303.52062475552594, 591.2185905278501)","(706.220010277092, 121.46122945962792)"
1961.0,"(1095.0263135024873, 763.0690542333494)","(303.3019403323441, 591.3397397047256)","(706.4697517381576, 121.4725961928814)"
1962.0,"(1095.0861819349748, 763.0687089621827)","(303.08325590916223, 591.4608888816011)","(706.7194931992232, 121.4839629261349)"
1963.0,"(1095.1457510253, 763.0683654173718)","(302.8645714859804, 591.5820380584767)","(706.9692346602887, 121.49532965938839)"
1964.0,"(1095.2050222701735, 763.0680235902848)","(302.6458870627985, 591.7031872353522)","(707.2189761213543, 121.50669639264187)"
1965.0,"(1095.2639971588226, 763.0676834723334)","(302.42720263961667, 591.8243364122277)","(707.4687175824199, 121.51806312589537)"
1966.0,"(1095.3226771730285, 763.0673450549717)","(302.2085182164348, 591.9454855891032)","(707.7184590434855, 121.52942985914886)"
1967.0,"(1095.3810637871634, 763.0670083296968)","(301.98983379325296, 592.0666347659787)","(707.9682005045511, 121.54079659240234)"
1968.0,"(1095.4391584682276, 763.0666732880484)","(301.7711493700711, 592.1877839428543)","(708.2179419656167, 121.55216332565584)"
1969.0,"(1095.4969626758864, 763.0663399216081)","(301.55246494688924, 592.3089331197298)","(708.4676834266822, 121.56353005890934)"
1970.0,"(1095.554477862507, 763.066008222)","(301.3337805237074, 592.4300822966053)","(708.7174248877478, 121.57489679216282)"
1971.0,"(1095.6117054731944, 763.06567818089)","(301.11509610052553, 592.5512314734808)","(708.9671663488134, 121.58626352541631)"
1972.0,"(1095.6686469458284, 763.0653497899856)","(300.8964116773437, 592.6723806503563)","(709.216907809879, 121.59763025866981)"
1973.0,"(1095.7253037110993, 763.0650230410357)","(300.6777272541618, 592.7935298272319)","(709.4666492709446, 121.60899699192329)"
1974.0,"(1095.7816771925438, 763.0646979258305)","(300.45904283097997, 592.9146790041074)","(709.7163907320102, 121.62036372517679)"
1975.0,"(1095.8377688065812, 763.0643744362013)","(300.2403584077981, 593.0358281809829)","(709.9661321930757, 121.63173045843028)"
1976.0,"(1095.8935799625483, 763.0640525640204)","(300.02167398461626, 593.1569773578584)","(710.2158736541413, 121.64309719168376)"
1977.0,"(1095.9491120627356, 763.0637323012003)","(299.8029895614344, 593.2781265347339)","(710.4656151152069, 121.65446392493726)"
1978.0,"(1096.0043665024218, 763.0634136396943)","(299.58430513825255, 593.3992757116094)","(710.7153565762725, 121.66583065819076)"
1979.0,"(1096.0593446699097, 763.0630965714959)","(299.3656207150707, 593.520424888485)","(710.9650980373381, 121.67719739144425)"
1980.0,"(1096.11404794656, 763.0627810886384)","(299.14693629188884, 593.6415740653605)","(711.2148394984036, 121.68856412469773)"
1981.0,"(1096.1684777068272, 763.0624671831953)","(298.928251868707, 593.762723242236)","(711.4645809594692, 121.69993085795123)"
1982.0,"(1096.222635318293, 763.0621548472793)","(298.7095674455251, 593.8838724191115)","(711.7143224205348, 121.71129759120473)"
1983.0,"(1096.2765221417014, 763.061844073043)","(298.49088302234327, 594.005021595987)","(711.9640638816004, 121.72266432445821)"
1984.0,"(1096.330139530993, 763.0615348526777)","(298.2721985991614, 594.1261707728626)","(712.213805342666, 121.7340310577117)"
1985.0,"(1096.3834888333379, 763.0612271784144)","(298.05351417597956, 594.2473199497381)","(712.4627363159526, 121.74536090242314)"
1986.0,"(1096.4365713891711, 763.0609210425223)","(297.8348297527977, 594.3684691266136)","(712.7104226343729, 121.75663409791103)"
1987.0,"(1096.4893885322253, 763.0606164373097)","(297.61614532961585, 594.4896183034891)","(712.956870521201, 121.76785092742148)"
1988.0,"(1096.5419415895642, 763.0603133551232)","(297.397460906434, 594.6107674803646)","(713.2020861685951, 121.77901167278436)"
1989.0,"(1096.5942318816165, 763.0600117883475)","(297.17877648325214, 594.7319166572402)","(713.4460757377522, 121.79011661442044)"
1990.0,"(1096.6462607222084, 763.0597117294058)","(296.9600920600703, 594.8530658341157)","(713.6888453590634, 121.80116603134834)"
1991.0,"(1096.6980294185973, 763.0594131707587)","(296.7414076368884, 594.9742150109912)","(713.9304011322681, 121.8121602011916)"
1992.0,"(1096.7495392715043, 763.0591161049049)","(296.52272321370657, 595.0953641878667)","(714.1707491266068, 121.82309940018564)"
1993.0,"(1096.8007915751468, 763.0588205243804)","(296.3040387905247, 595.2165133647422)","(714.4098953809737, 121.83398390318472)"
1994.0,"(1096.8517876172712, 763.0585264217585)","(296.08535436734286, 595.3376625416178)","(714.6478459040688, 121.84481398366879)"
1995.0,"(1096.8539901840038, 763.0473145923029)","(295.866669944161, 595.4588117184933)","(714.8846066745485, 121.85558991375044)"
1996.0,"(1096.8073989638492, 763.0251864282426)","(295.64798552097915, 595.5799608953688)","(715.1201836411758, 121.86631196418168)"
1997.0,"(1096.7120136453116, 762.9921433219934)","(295.4293010977973, 595.7011100722443)","(715.3545827229699, 121.87698040436076)"
1998.0,"(1096.5678339168176, 762.948186666505)","(295.21061667461544, 595.8222592491198)","(715.587809809355, 121.88759550233897)"
1999.0,"(1096.3748594666379, 762.8933178556097)","(294.9919322514336, 595.9434084259954)","(715.8198707603083, 121.89815752482727)"
2000.0,"(1096.1336353464217, 762.8276602298079)","(294.7732478282517, 596.0645576028709)","(716.0507714065068, 121.90866673720313)"
2001.0,"(1095.8924112262055, 762.762002604006)","(294.55456340506987, 596.1857067797464)","(716.2805175494742, 121.91912340351712)"
2002.0,"(1095.6511871059893, 762.6963449782043)","(294.335878981888, 596.3068559566219)","(716.5091149617268, 121.92952778649953)"
2003.0,"(1095.409962985773, 762.6306873524024)","(294.11719455870616, 596.4280051334974)","(716.7365693869182, 121.93988014756704)"
2004.0,"(1095.1687388655569, 762.5650297266006)","(293.8985101355243, 596.549154310373)","(716.9628865399836, 121.9501807468292)"
2005.0,"(1094.9275147453407, 762.4993721007988)","(293.67982571234245, 596.6703034872485)","(717.1880721072837, 121.96042984309506)"
2006.0,"(1094.6862906251245, 762.433714474997)","(293.4611412891606, 596.791452664124)","(717.4121317467473, 121.97062769387958)"
2007.0,"(1094.4450665049083, 762.3680568491952)","(293.24245686597874, 596.9126018409995)","(717.6350710880135, 121.98077455541018)"
2008.0,"(1094.203842384692, 762.3023992233934)","(293.0237724427969, 597.033751017875)","(717.8568957325734, 121.99087068263313)"
2009.0,"(1093.9626182644759, 762.2367415975916)","(292.805088019615, 597.1549001947506)","(718.0776112539106, 122.00091632921996)"
2010.0,"(1093.7213941442596, 762.1710839717898)","(292.5864035964332, 597.2760493716261)","(718.2972231976411, 122.01091174757386)"
2011.0,"(1093.4801700240434, 762.105426345988)","(292.3677191732513, 597.3971985485016)","(718.5157370816529, 122.02085718883599)"
2012.0,"(1093.2389459038272, 762.0397687201862)","(292.14903475006946, 597.5183477253771)","(718.7331583962447, 122.0307529028918)"
2013.0,"(1092.997721783611, 761.9741110943844)","(291.9303503268876, 597.6394969022526)","(718.9494926042635, 122.04059913837735)"
2014.0,"(1092.7564976633948, 761.9084534685826)","(291.71166590370575, 597.7606460791282)","(719.1647451412422, 122.05039614268546)"
2015.0,"(1092.5152735431786, 761.8427958427808)","(291.4929814805239, 597.8817952560037)","(719.378921415536, 122.06014416197203)"
2016.0,"(1092.2740494229624, 761.777138216979)","(291.27429705734204, 598.0029444328792)","(719.5920268084583, 122.06984344116218)"
2017.0,"(1092.0328253027462, 761.7114805911772)","(291.0556126341602, 598.1240936097547)","(719.804066674416, 122.07949422395636)"
2018.0,"(1091.79160118253, 761.6458229653754)","(290.83692821097833, 598.2452427866302)","(720.015046341044, 122.08909675283658)"
2019.0,"(1091.5503770623138, 761.5801653395736)","(290.6182437877965, 598.3663919635057)","(720.2249711093388, 122.0986512690724)"
2020.0,"(1091.3091529420976, 761.5145077137718)","(290.3995593646146, 598.4875411403813)","(720.433846253792, 122.10815801272705)"
2021.0,"(1091.0679288218814, 761.44885008797)","(290.18087494143276, 598.6086903172568)","(720.641677022523, 122.11761722266341)"
2022.0,"(1090.8267047016652, 761.3831924621682)","(289.9621905182509, 598.7298394941323)","(720.8484686374104, 122.12702913655009)"
2023.0,"(1090.585480581449, 761.3175348363663)","(289.74350609506905, 598.8509886710078)","(721.0542262942233, 122.13639399086735)"
2024.0,"(1090.3442564612328, 761.2518772105645)","(289.5248216718872, 598.9721378478833)","(721.2589551627522, 122.14571202091301)"
2025.0,"(1090.1030323410166, 761.1862195847627)","(289.30613724870534, 599.0932870247589)","(721.4626603869384, 122.15498346080844)"
2026.0,"(1089.8618082208004, 761.1205619589609)","(289.0874528255235, 599.2144362016344)","(721.6653470850038, 122.1642085435044)"
2027.0,"(1089.6205841005842, 761.0549043331591)","(288.86876840234163, 599.3355853785099)","(721.8670203495788, 122.17338750078687)"
2028.0,"(1089.379359980368, 760.9892467073573)","(288.6500839791598, 599.4567345553854)","(722.0676852478308, 122.18252056328294)"
2029.0,"(1089.1381358601518, 760.9235890815555)","(288.4313995559779, 599.577883732261)","(722.2673468215917, 122.19160796046653)"
2030.0,"(1088.8969117399356, 760.8579314557537)","(288.21271513279606, 599.6990329091365)","(722.4660100874837, 122.20064992066419)"
2031.0,"(1088.6556876197194, 760.7922738299519)","(287.9940307096142, 599.820182086012)","(722.6636800370463, 122.20964667106087)"
2032.0,"(1088.4144634995032, 760.7266162041501)","(287.77534628643235, 599.9413312628875)","(722.8603616368611, 122.21859843770557)"
2033.0,"(1088.173239379287, 760.6609585783483)","(287.5566618632505, 600.062480439763)","(723.0560598286768, 122.22750544551704)"
2034.0,"(1087.9320152590708, 760.5953009525465)","(287.33797744006864, 600.1836296166385)","(723.2507795295334, 122.23636791828946)"
2035.0,"(1087.6907911388546, 760.5296433267447)","(287.1192930168868, 600.3047787935141)","(723.4445256318857, 122.24518607869801)"
2036.0,"(1087.4495670186384, 760.4639857009429)","(286.90060859370493, 600.4259279703896)","(723.6373030037262, 122.25396014830453)"
2037.0,"(1087.2083428984222, 760.3983280751411)","(286.6819241705231, 600.5470771472651)","(723.8291164887075, 122.26269034756301)"
2038.0,"(1086.967118778206, 760.3326704493393)","(286.4632397473412, 600.6682263241406)","(724.019970906264, 122.2713768958252)"
2039.0,"(1086.7258946579898, 760.2670128235375)","(286.24455532415936, 600.7893755010161)","(724.2098710517326, 122.28002001134607)"
2040.0,"(1086.4846705377736, 760.2013551977357)","(286.0258709009775, 600.9105246778917)","(724.398821696474, 122.28861991128933)"
2041.0,"(1086.2434464175574, 760.1356975719339)","(285.80718647779565, 601.0316738547672)","(724.5868275879916, 122.29717681173288)"
2042.0,"(1086.0022222973412, 760.070039946132)","(285.5885020546138, 601.1528230316427)","(724.7738934500517, 122.30569092767422)"
2043.0,"(1085.760998177125, 760.0043823203303)","(285.36981763143194, 601.2739722085182)","(724.9600239828014, 122.31416247303585)"
2044.0,"(1085.5197740569088, 759.9387246945284)","(285.1511332082501, 601.3951213853937)","(725.1452238628874, 122.32259166067067)"
2045.0,"(1085.2785499366926, 759.8730670687266)","(284.93244878506823, 601.5162705622693)","(725.3294977435729, 122.33097870236732)"
2046.0,"(1085.0373258164764, 759.8074094429248)","(284.7137643618864, 601.6374197391448)","(725.512850254855, 122.33932380885548)"
2047.0,"(1084.7961016962602, 759.741751817123)","(284.4950799387045, 601.7585689160203)","(725.6952860035808, 122.3476271898112)"
2048.0,"(1084.554877576044, 759.6760941913212)","(284.27639551552267, 601.8797180928958)","(725.8768095735629, 122.35588905386216)"
2049.0,"(1084.3136534558278, 759.6104365655194)","(284.0577110923408, 602.0008672697713)","(726.0574255256951, 122.36410960859284)"
2050.0,"(1084.0724293356116, 759.5447789397176)","(283.83902666915895, 602.1220164466469)","(726.2371383980666, 122.37228906054987)"
2051.0,"(1083.8312052153954, 759.4791213139158)","(283.6203422459771, 602.2431656235224)","(726.4159527060763, 122.38042761524713)"
2052.0,"(1083.5899810951792, 759.413463688114)","(283.40165782279524, 602.3643148003979)","(726.5938729425459, 122.38852547717089)"
2053.0,"(1083.348756974963, 759.3478060623122)","(283.1829733996134, 602.4854639772734)","(726.7709035778331, 122.39658284978503)"
2054.0,"(1083.1075328547468, 759.2821484365104)","(282.96428897643153, 602.6066131541489)","(726.947049059944, 122.40459993553611)"
2055.0,"(1082.8663087345305, 759.2164908107086)","(282.7456045532497, 602.7277623310245)","(727.1223138146443, 122.41257693585843)"
2056.0,"(1082.6250846143143, 759.1508331849068)","(282.5269201300678, 602.8489115079)","(727.296702245571, 122.42051405117914)"
2057.0,"(1082.3838604940981, 759.085175559105)","(282.30823570688597, 602.9700606847755)","(727.4702187343432, 122.42841148092324)"
2058.0,"(1082.142636373882, 759.0195179333032)","(282.0895512837041, 603.091209861651)","(727.6428676406715, 122.43626942351862)"
2059.0,"(1081.9014122536657, 758.9538603075014)","(281.87086686052226, 603.2123590385265)","(727.8146533024682, 122.44408807640103)"
2060.0,"(1081.6601881334495, 758.8882026816996)","(281.6521824373404, 603.333508215402)","(727.9855800359559, 122.45186763601903)"
2061.0,"(1081.4189640132333, 758.8225450558978)","(281.43349801415854, 603.4546573922776)","(728.1556521357761, 122.45960829783894)"
2062.0,"(1081.1777398930171, 758.756887430096)","(281.2148135909767, 603.5758065691531)","(728.3248738750972, 122.46731025634975)"
2063.0,"(1080.936515772801, 758.6912298042942)","(280.99612916779483, 603.6969557460286)","(728.4932495057217, 122.474973705068)"
2064.0,"(1080.6952916525847, 758.6255721784923)","(280.777444744613, 603.8181049229041)","(728.6607832581931, 122.48259883654265)"
2065.0,"(1080.4540675323685, 758.5599145526905)","(280.5587603214311, 603.9392540997796)","(728.8274793419021, 122.49018584235994)"
2066.0,"(1080.2128434121523, 758.4942569268887)","(280.34007589824927, 604.0604032766552)","(728.9933419451926, 122.49773491314814)"
2067.0,"(1079.9716192919361, 758.4285993010869)","(280.1213914750674, 604.1815524535307)","(729.1583752354666, 122.5052462385824)"
2068.0,"(1079.73039517172, 758.3629416752851)","(279.90270705188556, 604.3027016304062)","(729.3225833592892, 122.51272000738949)"
2069.0,"(1079.4891710515037, 758.2972840494833)","(279.6840226287037, 604.4238508072817)","(729.4859704424928, 122.52015640735254)"
2070.0,"(1079.2479469312875, 758.2316264236815)","(279.46533820552185, 604.5449999841572)","(729.6485405902803, 122.52755562531578)"
2071.0,"(1079.0067228110713, 758.1659687978797)","(279.24665378234, 604.6661491610328)","(729.8102978873288, 122.5349178471892)"
2072.0,"(1078.765498690855, 758.1003111720779)","(279.02796935915813, 604.7872983379083)","(729.9712463978922, 122.54224325795326)"
2073.0,"(1078.524274570639, 758.0346535462761)","(278.8092849359763, 604.9084475147838)","(730.1313901659028, 122.5495320416635)"
2074.0,"(1078.2830504504227, 757.9689959204743)","(278.5906005127944, 605.0295966916593)","(730.2907332150733, 122.55678438145517)"
2075.0,"(1078.0418263302065, 757.9033382946725)","(278.37191608961257, 605.1507458685348)","(730.4492795489979, 122.5640004595479)"
2076.0,"(1077.8006022099903, 757.8376806688707)","(278.1532316664307, 605.2718950454104)","(730.6070331512528, 122.57118045725016)"
2077.0,"(1077.559378089774, 757.7720230430689)","(277.93454724324886, 605.3930442222859)","(730.7639979854965, 122.57832455496391)"
2078.0,"(1077.318153969558, 757.7063654172671)","(277.715862820067, 605.5141933991614)","(730.920177995569, 122.5854329321891)"
2079.0,"(1077.0769298493417, 757.6407077914653)","(277.49717839688515, 605.6353425760369)","(731.0755771055912, 122.59250576752815)"
2080.0,"(1076.8357057291255, 757.5750501656635)","(277.2784939737033, 605.7564917529124)","(731.2301992200632, 122.59954323869052)"
2081.0,"(1076.5944816089093, 757.5093925398617)","(277.05980955052144, 605.877640929788)","(731.384048223963, 122.60654552249706)"
2082.0,"(1076.353257488693, 757.4437349140599)","(276.8411251273396, 605.9987901066635)","(731.5371279828431, 122.61351279488457)"
2083.0,"(1076.112033368477, 757.378077288258)","(276.6224407041577, 606.119939283539)","(731.6894423429289, 122.62044523091015)"
2084.0,"(1075.8708092482607, 757.3124196624563)","(276.40375628097587, 606.2410884604145)","(731.8409951312143, 122.6273430047556)"
2085.0,"(1075.6295851280445, 757.2467620366544)","(276.185071857794, 606.36223763729)","(731.9917901555582, 122.63420628973182)"
2086.0,"(1075.3883610078283, 757.1811044108526)","(275.96638743461216, 606.4833868141656)","(732.1418312047804, 122.64103525828317)"
2087.0,"(1075.147136887612, 757.1154467850508)","(275.7477030114303, 606.6045359910411)","(732.2911220487565, 122.64783008199176)"
2088.0,"(1074.9059127673959, 757.049789159249)","(275.52901858824845, 606.7256851679166)","(732.4396664385127, 122.6545909315818)"
2089.0,"(1074.6646886471797, 756.9841315334472)","(275.3103341650666, 606.8468343447921)","(732.5874681063202, 122.66131797692388)"
2090.0,"(1074.4234645269635, 756.9184739076454)","(275.09164974188474, 606.9679835216676)","(732.7345307657886, 122.66801138703926)"
2091.0,"(1074.1822404067473, 756.8528162818436)","(274.8729653187029, 607.0891326985432)","(732.8808581119596, 122.67467133010406)"
2092.0,"(1073.941016286531, 756.7871586560418)","(274.654280895521, 607.2102818754187)","(733.0264538213997, 122.68129797345354)"
2093.0,"(1073.6997921663149, 756.72150103024)","(274.43559647233917, 607.3314310522942)","(733.1713215522927, 122.68789148358627)"
2094.0,"(1073.4585680460987, 756.6558434044382)","(274.2169120491573, 607.4525802291697)","(733.3154649445313, 122.69445202616834)"
2095.0,"(1073.2173439258825, 756.5901857786364)","(273.99822762597546, 607.5737294060452)","(733.4588876198086, 122.70097976603749)"
2096.0,"(1072.9761198056663, 756.5245281528346)","(273.7795432027936, 607.6948785829208)","(733.6015931817095, 122.70747486720731)"
2097.0,"(1072.73489568545, 756.4588705270328)","(273.56085877961175, 607.8160277597963)","(733.743585215801, 122.71393749287127)"
2098.0,"(1072.4936715652339, 756.393212901231)","(273.3421743564299, 607.9371769366718)","(733.884867289722, 122.72036780540691)"
2099.0,"(1072.2524474450177, 756.3275552754292)","(273.12348993324804, 608.0583261135473)","(734.0254429532735, 122.72676596637987)"
2100.0,"(1072.0112233248014, 756.2618976496274)","(272.9048055100662, 608.1794752904228)","(734.165315738507, 122.73313213654798)"
2101.0,"(1071.7699992045852, 756.1962400238256)","(272.6861210868843, 608.3006244672983)","(734.3044891598145, 122.73946647586524)"
2102.0,"(1071.528775084369, 756.1305823980238)","(272.4674366637025, 608.4217736441739)","(734.4429667140154, 122.74576914348592)"
2103.0,"(1071.2875509641528, 756.064924772222)","(272.2487522405206, 608.5429228210494)","(734.5807518804453, 122.75204029776849)"
2104.0,"(1071.0463268439366, 755.9992671464202)","(272.03006781733876, 608.6640719979249)","(734.7178481210431, 122.75828009627965)"
2105.0,"(1070.8051027237204, 755.9336095206183)","(271.8113833941569, 608.7852211748004)","(734.8542588804379, 122.76448869579825)"
2106.0,"(1070.5638786035042, 755.8679518948165)","(271.59269897097505, 608.906370351676)","(734.9899875860357, 122.77066625231926)"
2107.0,"(1070.322654483288, 755.8022942690147)","(271.3740145477932, 609.0275195285515)","(735.1250376481055, 122.77681292105767)"
2108.0,"(1070.0814303630718, 755.7366366432129)","(271.15533012461134, 609.148668705427)","(735.259412459865, 122.78292885645239)"
2109.0,"(1069.8402062428556, 755.6709790174111)","(270.9366457014295, 609.2698178823025)","(735.3931153975657, 122.78901421217013)"
2110.0,"(1069.5989821226394, 755.6053213916093)","(270.7179612782476, 609.390967059178)","(735.5261498205779, 122.79506914110928)"
2111.0,"(1069.3577580024232, 755.5396637658075)","(270.4992768550658, 609.5121162360535)","(735.658519071475, 122.80109379540373)"
2112.0,"(1069.116533882207, 755.4740061400057)","(270.2805924318839, 609.6332654129291)","(735.7902264761176, 122.80708832642671)"
2113.0,"(1068.8753097619908, 755.4083485142039)","(270.06190800870206, 609.7544145898046)","(735.921275343737, 122.81305288479457)"
2114.0,"(1068.6340856417746, 755.3426908884021)","(269.8432235855202, 609.8755637666801)","(736.0516689670183, 122.8189876203706)"
2115.0,"(1068.3928615215584, 755.2770332626003)","(269.62453916233835, 609.9967129435556)","(736.1814106221832, 122.82489268226875)"
2116.0,"(1068.1516374013422, 755.2113756367985)","(269.4058547391565, 610.1178621204311)","(736.3105035690722, 122.83076821885741)"
2117.0,"(1067.910413281126, 755.1457180109967)","(269.18717031597464, 610.2390112973067)","(736.4389510512269, 122.83661437776313)"
2118.0,"(1067.6691891609098, 755.0800603851949)","(268.9684858927928, 610.3601604741822)","(736.5667562959708, 122.84243130587431)"
2119.0,"(1067.4279650406936, 755.0144027593931)","(268.74980146961093, 610.4813096510577)","(736.693922514491, 122.84821914934494)"
2120.0,"(1067.1867409204774, 754.9487451335913)","(268.5311170464291, 610.6024588279332)","(736.8204529019185, 122.85397805359821)"
2121.0,"(1066.9455168002612, 754.8830875077895)","(268.3124326232472, 610.7236080048087)","(736.946350637409, 122.85970816333023)"
2122.0,"(1066.704292680045, 754.8174298819877)","(268.09374820006536, 610.8447571816843)","(737.071618884222, 122.86540962251357)"
2123.0,"(1066.4630685598288, 754.7517722561859)","(267.8750637768835, 610.9659063585598)","(737.1962607898008, 122.871082574401)"
2124.0,"(1066.2218444396126, 754.686114630384)","(267.65637935370165, 611.0870555354353)","(737.3202794858519, 122.87672716152899)"
2125.0,"(1065.9806203193964, 754.6204570045822)","(267.4376949305198, 611.2082047123108)","(737.4436780884226, 122.88234352572134)"
2126.0,"(1065.7393961991802, 754.5547993787804)","(267.21901050733794, 611.3293538891863)","(737.5664596979806, 122.88793180809273)"
2127.0,"(1065.498172078964, 754.4891417529786)","(267.0003260841561, 611.4505030660619)","(737.6886273994907, 122.89349214905226)"
2128.0,"(1065.2569479587478, 754.4234841271768)","(266.78164166097423, 611.5716522429374)","(737.8101842624932, 122.89902468830701)"
2129.0,"(1065.0157238385316, 754.357826501375)","(266.5629572377924, 611.6928014198129)","(737.9311333411807, 122.90452956486547)"
2130.0,"(1064.7744997183154, 754.2921688755732)","(266.3442728146105, 611.8139505966884)","(738.0514776744748, 122.91000691704114)"
2131.0,"(1064.5332755980992, 754.2265112497714)","(266.12558839142866, 611.9350997735639)","(738.1712202861024, 122.91545688245594)"
2132.0,"(1064.292051477883, 754.1608536239696)","(265.9069039682468, 612.0562489504395)","(738.290364184672, 122.92087959804367)"
2133.0,"(1064.0508273576668, 754.0951959981678)","(265.68821954506495, 612.177398127315)","(738.4089123637486, 122.92627520005345)"
2134.0,"(1063.8096032374506, 754.029538372366)","(265.4695351218831, 612.2985473041905)","(738.5268678019299, 122.93164382405318)"
2135.0,"(1063.5683791172344, 753.9638807465642)","(265.25085069870124, 612.419696481066)","(738.6442334629203, 122.93698560493291)"
2136.0,"(1063.3271549970182, 753.8982231207624)","(265.0321662755194, 612.5408456579415)","(738.7610122956057, 122.94230067690825)"
2137.0,"(1063.085930876802, 753.8325654949606)","(264.81348185233753, 612.661994834817)","(738.8772072341277, 122.94758917352371)"
2138.0,"(1062.8447067565858, 753.7669078691588)","(264.5947974291557, 612.7831440116926)","(738.992821197957, 122.9528512276561)"
2139.0,"(1062.6034826363696, 753.701250243357)","(264.3761130059738, 612.9042931885681)","(739.1078570919673, 122.95808697151782)"
2140.0,"(1062.3622585161534, 753.6355926175552)","(264.15742858279197, 613.0254423654436)","(739.2223178065075, 122.96329653666022)"
2141.0,"(1062.1210343959372, 753.5699349917534)","(263.9387441596101, 613.1465915423191)","(739.3362062174749, 122.96848005397692)"
2142.0,"(1061.879810275721, 753.5042773659516)","(263.72005973642825, 613.2677407191946)","(739.4495251863875, 122.97363765370703)"
2143.0,"(1061.6385861555048, 753.4386197401498)","(263.5013753132464, 613.3888898960702)","(739.5622775604555, 122.97876946543849)"
2144.0,"(1061.3973620352886, 753.372962114348)","(263.28269089006454, 613.5100390729457)","(739.6744661726533, 122.9838756181113)"
2145.0,"(1061.1561379150723, 753.3073044885462)","(263.0640064668827, 613.6311882498212)","(739.78609384179, 122.98895624002074)"
2146.0,"(1060.9149137948561, 753.2416468627443)","(262.84532204370083, 613.7523374266967)","(739.8971633725811, 122.99401145882064)"
2147.0,"(1060.67368967464, 753.1759892369425)","(262.626637620519, 613.8734866035722)","(740.0076775557181, 122.99904140152654)"
2148.0,"(1060.4324655544237, 753.1103316111407)","(262.4079531973371, 613.9946357804478)","(740.1176391679395, 123.0040461945189)"
2149.0,"(1060.1912414342075, 753.0446739853389)","(262.18926877415527, 614.1157849573233)","(740.2270509720998, 123.0090259635463)"
2150.0,"(1059.9500173139913, 752.9790163595371)","(261.9705843509734, 614.2369341341988)","(740.3359157172393, 123.01398083372858)"
2151.0,"(1059.7087931937751, 752.9133587337353)","(261.75189992779156, 614.3580833110743)","(740.4442361386532, 123.01891092955994)"
2152.0,"(1059.467569073559, 752.8477011079335)","(261.5332155046097, 614.4792324879498)","(740.55201495796, 123.02381637491213)"
2153.0,"(1059.2263449533427, 752.7820434821317)","(261.31453108142784, 614.6003816648254)","(740.6592548831702, 123.02869729303757)"
2154.0,"(1058.9851208331265, 752.7163858563299)","(261.095846658246, 614.7215308417009)","(740.7659586087543, 123.03355380657239)"
2155.0,"(1058.7438967129103, 752.6507282305281)","(260.87716223506413, 614.8426800185764)","(740.8721288157105, 123.03838603753952)"
2156.0,"(1058.5026725926941, 752.5850706047263)","(260.6584778118823, 614.9638291954519)","(740.977768171632, 123.04319410735182)"
2157.0,"(1058.261448472478, 752.5194129789245)","(260.4397933887004, 615.0849783723274)","(741.0828793307738, 123.04797813681506)"
2158.0,"(1058.0202243522617, 752.4537553531227)","(260.22110896551857, 615.206127549203)","(741.1874649341199, 123.05273824613099)"
2159.0,"(1057.7790002320455, 752.3880977273209)","(260.0024245423367, 615.3272767260785)","(741.2915276094493, 123.05747455490032)"
2160.0,"(1057.5377761118293, 752.3224401015191)","(259.78374011915486, 615.448425902954)","(741.3950699714021, 123.06218718212583)"
2161.0,"(1057.2965519916131, 752.2567824757173)","(259.565055695973, 615.5695750798295)","(741.4980946215451, 123.0668762462152)"
2162.0,"(1057.055327871397, 752.1911248499155)","(259.34637127279115, 615.690724256705)","(741.6006041484374, 123.07154186498413)"
2163.0,"(1056.8141037511807, 752.1254672241137)","(259.1276868496093, 615.8118734335806)","(741.7026011276952, 123.0761841556592)"
2164.0,"(1056.5728796309645, 752.0598095983119)","(258.90900242642743, 615.9330226104561)","(741.8040881220567, 123.0808032348809)"
2165.0,"(1056.3316555107483, 751.99415197251)","(258.6903180032456, 616.0541717873316)","(741.9050676814464, 123.0853992187065)"
2166.0,"(1056.090431390532, 751.9284943467082)","(258.4716335800637, 616.1753209642071)","(742.0055423430392, 123.08997222261297)"
2167.0,"(1055.849207270316, 751.8628367209064)","(258.25294915688187, 616.2964701410826)","(742.105514631324, 123.09452236149991)"
2168.0,"(1055.6079831500997, 751.7971790951046)","(258.0342647337, 616.4176193179582)","(742.2049870581674, 123.09904974969241)"
2169.0,"(1055.3667590298835, 751.7315214693028)","(257.81558031051816, 616.5387684948337)","(742.3039621228766, 123.10355450094394)"
2170.0,"(1055.1255349096673, 751.665863843501)","(257.5968958873363, 616.6599176717092)","(742.4024423122622, 123.10803672843922)"
2171.0,"(1054.884310789451, 751.6002062176992)","(257.37821146415445, 616.7810668485847)","(742.5004301007009, 123.11249654479703)"
2172.0,"(1054.643086669235, 751.5345485918974)","(257.1595270409726, 616.9022160254602)","(742.5979279501973, 123.11693406207304)"
2173.0,"(1054.4018625490187, 751.4688909660956)","(256.94084261779074, 617.0233652023358)","(742.6949383104463, 123.12134939176268)"
2174.0,"(1054.1606384288025, 751.4032333402938)","(256.7221581946089, 617.1445143792113)","(742.7914636188941, 123.12574264480386)"
2175.0,"(1053.9194143085863, 751.337575714492)","(256.503473771427, 617.2656635560868)","(742.8875063007996, 123.13011393157984)"
2176.0,"(1053.67819018837, 751.2719180886902)","(256.28478934824517, 617.3868127329623)","(742.9830687692956, 123.13446336192195)"
2177.0,"(1053.4369660681539, 751.2062604628884)","(256.0661049250633, 617.5079619098378)","(743.0781534254492, 123.13879104511234)"
2178.0,"(1053.1957419479377, 751.1406028370866)","(255.8474205018815, 617.6291110867134)","(743.1727626583219, 123.14309708988678)"
2179.0,"(1052.9545178277215, 751.0749452112848)","(255.62873607869966, 617.7502602635889)","(743.2668988450303, 123.14738160443734)"
2180.0,"(1052.7132937075053, 751.009287585483)","(255.41005165551783, 617.8714094404644)","(743.3605643508051, 123.15164469641516)"
2181.0,"(1052.472069587289, 750.9436299596812)","(255.191367232336, 617.9925586173399)","(743.4537615290511, 123.15588647293309)"
2182.0,"(1052.2308454670729, 750.8779723338794)","(254.97268280915418, 618.1137077942154)","(743.5464927214059, 123.16010704056842)"
2183.0,"(1051.9896213468567, 750.8123147080776)","(254.75399838597235, 618.234856971091)","(743.6387602577989, 123.16430650536557)"
2184.0,"(1051.7483972266405, 750.7466570822758)","(254.53531396279053, 618.3560061479665)","(743.7305664565099, 123.16848497283874)"
2185.0,"(1051.5071731064243, 750.680999456474)","(254.3166295396087, 618.477155324842)","(743.8219136242274, 123.17264254797455)"
2186.0,"(1051.265948986208, 750.6153418306722)","(254.09794511642687, 618.5983045017175)","(743.9128040561062, 123.17677933523467)"
2187.0,"(1051.0247248659919, 750.5496842048703)","(253.87926069324504, 618.719453678593)","(744.0032400358257, 123.1808954385585)"
2188.0,"(1050.7835007457757, 750.4840265790685)","(253.66057627006322, 618.8406028554685)","(744.0932238356465, 123.1849909613657)"
2189.0,"(1050.5422766255595, 750.4183689532667)","(253.4418918468814, 618.9617520323441)","(744.1827577164684, 123.18906600655887)"
2190.0,"(1050.3010525053433, 750.3527113274649)","(253.22320742369956, 619.0829012092196)","(744.271843927886, 123.19312067652608)"
2191.0,"(1050.059828385127, 750.2870537016631)","(253.00452300051774, 619.2040503860951)","(744.3604847082466, 123.19715507314345)"
2192.0,"(1049.8186042649108, 750.2213960758613)","(252.7858385773359, 619.3251995629706)","(744.4486822847055, 123.20116929777774)"
2193.0,"(1049.5773801446946, 750.1557384500595)","(252.56715415415408, 619.4463487398461)","(744.5364388732819, 123.20516345128885)"
2194.0,"(1049.3361560244784, 750.0900808242577)","(252.34846973097225, 619.5674979167217)","(744.6237566789155, 123.20913763403242)"
2195.0,"(1049.0949319042622, 750.0244231984559)","(252.12978530779043, 619.6886470935972)","(744.7106378955209, 123.21309194586226)"
2196.0,"(1048.853707784046, 749.9587655726541)","(251.9111008846086, 619.8097962704727)","(744.7970847060433, 123.21702648613295)"
2197.0,"(1048.6124836638298, 749.8931079468523)","(251.69241646142677, 619.9309454473482)","(744.8830992825131, 123.22094135370229)"
2198.0,"(1048.3712595436136, 749.8274503210505)","(251.47373203824495, 620.0520946242237)","(744.9686837861005, 123.22483664693378)"
2199.0,"(1048.1300354233974, 749.7617926952487)","(251.25504761506312, 620.1732438010993)","(745.05384036717, 123.22871246369911)"
2200.0,"(1047.8888113031812, 749.6961350694469)","(251.0363631918813, 620.2943929779748)","(745.1385711653342, 123.23256890138062)"
2201.0,"(1047.647587182965, 749.6304774436451)","(250.81767876869947, 620.4155421548503)","(745.2228783095075, 123.23640605687372)"
2202.0,"(1047.4063630627488, 749.5648198178433)","(250.59899434551764, 620.5366913317258)","(745.3067639179599, 123.24022402658935)"
2203.0,"(1047.1651389425326, 749.4991621920415)","(250.3803099223358, 620.6578405086013)","(745.3902300983701, 123.2440229064564)"
2204.0,"(1046.9239148223164, 749.4335045662397)","(250.16162549915398, 620.7789896854769)","(745.4732789478783, 123.24780279192412)"
2205.0,"(1046.7241456414642, 749.3398918335284)","(249.94294107597216, 620.9001388623524)","(745.5559125531389, 123.25156377796449)"
2206.0,"(1046.565838313337, 749.2183342485431)","(249.72425665279033, 621.0212880392279)","(745.6381329903733, 123.25530595907468)"
2207.0,"(1046.448999750216, 749.0688420697919)","(249.5055722296085, 621.1424372161034)","(745.7199423254214, 123.25902942927931)"
2208.0,"(1046.3736368635973, 748.8914255600968)","(249.28688780642668, 621.2635863929789)","(745.8013426137943, 123.26273428213291)"
2209.0,"(1046.3397565644875, 748.686094987036)","(249.06820338324485, 621.3847355698545)","(745.8823359007254, 123.26642061072225)"
2210.0,"(1046.3473657636982, 748.4528606233885)","(248.84951896006302, 621.50588474673)","(745.9629242212218, 123.27008850766863)"
2211.0,"(1046.3772499943648, 748.2046531844237)","(248.6308345368812, 621.6270339236055)","(746.0431096001157, 123.27373806513029)"
2212.0,"(1046.4071342250313, 747.956445745459)","(248.41215011369937, 621.748183100481)","(746.1228940521152, 123.27736937480464)"
2213.0,"(1046.4370184556979, 747.7082383064942)","(248.19346569051754, 621.8693322773565)","(746.2022795818546, 123.28098252793062)"
2214.0,"(1046.4669026863644, 747.4600308675294)","(247.97478126733571, 621.990481454232)","(746.2812681839453, 123.28457761529097)"
2215.0,"(1046.496786917031, 747.2118234285647)","(247.7560968441539, 622.1116306311076)","(746.3598618430256, 123.28815472721452)"
2216.0,"(1046.5266711476975, 746.9636159895999)","(247.53741242097206, 622.2327798079831)","(746.4380625338105, 123.29171395357845)"
2217.0,"(1046.556555378364, 746.7154085506352)","(247.31872799779023, 622.3539289848586)","(746.5158722211414, 123.29525538381056)"
2218.0,"(1046.5864396090305, 746.4672011116704)","(247.1000435746084, 622.4750781617341)","(746.5932928600357, 123.2987791068915)"
2219.0,"(1046.616323839697, 746.2189936727057)","(246.88135915142658, 622.5962273386097)","(746.6703263957355, 123.30228521135705)"
2220.0,"(1046.6462080703636, 745.9707862337409)","(246.66267472824475, 622.7173765154852)","(746.7469747637568, 123.30577378530026)"
2221.0,"(1046.6760923010302, 745.7225787947762)","(246.44399030506293, 622.8385256923607)","(746.823239889938, 123.30924491637376)"
2222.0,"(1046.7059765316967, 745.4743713558114)","(246.2253058818811, 622.9596748692362)","(746.8991236904883, 123.3126986917919)"
2223.0,"(1046.7358607623632, 745.2261639168466)","(246.00662145869927, 623.0808240461117)","(746.9746280720359, 123.31613519833293)"
2224.0,"(1046.7657449930298, 744.9779564778819)","(245.78793703551744, 623.2019732229872)","(747.0497549316757, 123.31955452234126)"
2225.0,"(1046.7956292236963, 744.7297490389171)","(245.56925261233562, 623.3231223998628)","(747.1245061570173, 123.32295674972956)"
2226.0,"(1046.8255134543629, 744.4815415999524)","(245.3505681891538, 623.4442715767383)","(747.1988836262323, 123.3263419659809)"
2227.0,"(1046.8553976850294, 744.2333341609876)","(245.13188376597196, 623.5654207536138)","(747.2728892081011, 123.329710256151)"
2228.0,"(1046.885281915696, 743.9851267220229)","(244.91319934279014, 623.6865699304893)","(747.3465247620607, 123.33306170487025)"
2229.0,"(1046.9151661463625, 743.7369192830581)","(244.6945149196083, 623.8077191073648)","(747.4197921382504, 123.33639639634589)"
2230.0,"(1046.945050377029, 743.4887118440934)","(244.47583049642648, 623.9288682842404)","(747.4926931775591, 123.33971441436417)"
2231.0,"(1046.9749346076956, 743.2405044051286)","(244.25714607324466, 624.0500174611159)","(747.5652297116713, 123.34301584229235)"
2232.0,"(1047.004818838362, 742.9922969661638)","(244.03846165006283, 624.1711666379914)","(747.637403563113, 123.34630076308089)"
2233.0,"(1047.0347030690286, 742.7440895271991)","(243.819777226881, 624.2923158148669)","(747.7092165452974, 123.34956925926548)"
2234.0,"(1047.0645872996952, 742.4958820882343)","(243.60109280369917, 624.4134649917424)","(747.7806704625709, 123.35282141296915)"
2235.0,"(1047.0944715303617, 742.2476746492696)","(243.38240838051735, 624.534614168618)","(747.851767110258, 123.3560573059043)"
2236.0,"(1047.1243557610283, 741.9994672103048)","(243.16372395733552, 624.6557633454935)","(747.9225082747067, 123.35927701937477)"
2237.0,"(1047.1542399916948, 741.7512597713401)","(242.9450395341537, 624.776912522369)","(747.9928957333332, 123.3624806342779)"
2238.0,"(1047.1841242223613, 741.5030523323753)","(242.72635511097187, 624.8980616992445)","(748.0629312546665, 123.36566823110651)"
2239.0,"(1047.2140084530279, 741.2548448934106)","(242.50767068779004, 625.01921087612)","(748.1326165983932, 123.36883988995098)"
2240.0,"(1047.2438926836944, 741.0066374544458)","(242.2889862646082, 625.1403600529956)","(748.2019535154012, 123.37199569050122)"
2241.0,"(1047.273776914361, 740.758430015481)","(242.07030184142639, 625.2615092298711)","(748.2709437478242, 123.37513571204872)"
2242.0,"(1047.3036611450275, 740.5102225765163)","(241.85161741824456, 625.3826584067466)","(748.339589029085, 123.37826003348847)"
2243.0,"(1047.333545375694, 740.2620151375515)","(241.63293299506273, 625.5038075836221)","(748.4078910839396, 123.38136873332103)"
2244.0,"(1047.3634296063606, 740.0138076985868)","(241.4142485718809, 625.6249567604976)","(748.4758516285199, 123.38446188965442)"
2245.0,"(1047.393313837027, 739.765600259622)","(241.19556414869908, 625.7461059373732)","(748.5434723703772, 123.38753958020615)"
2246.0,"(1047.4231980676936, 739.5173928206573)","(240.97687972551725, 625.8672551142487)","(748.6107550085253, 123.39060188230512)"
2247.0,"(1047.4530822983602, 739.2691853816925)","(240.75819530233542, 625.9884042911242)","(748.6777012334827, 123.39364887289359)"
2248.0,"(1047.4829665290267, 739.0209779427278)","(240.5395108791536, 626.1095534679997)","(748.7443127273153, 123.39668062852913)"
2249.0,"(1047.5128507596933, 738.772770503763)","(240.32082645597177, 626.2307026448752)","(748.8105911636787, 123.39969722538648)"
2250.0,"(1047.5427349903598, 738.5245630647983)","(240.10214203278994, 626.3518518217508)","(748.8765382078603, 123.40269873925955)"
2251.0,"(1047.5726192210263, 738.2763556258335)","(239.88345760960812, 626.4730009986263)","(748.942155516821, 123.40568524556325)"
2252.0,"(1047.6025034516929, 738.0281481868687)","(239.6647731864263, 626.5941501755018)","(749.0074447392369, 123.40865681933543)"
2253.0,"(1047.6323876823594, 737.779940747904)","(239.44608876324446, 626.7152993523773)","(749.0724075155407, 123.41161353523876)"
2254.0,"(1047.662271913026, 737.5317333089392)","(239.22740434006263, 626.8364485292528)","(749.137045477963, 123.41455546756256)"
2255.0,"(1047.6921561436925, 737.2835258699745)","(239.0087199168808, 626.9575977061284)","(749.2013602505732, 123.41748269022476)"
2256.0,"(1047.722040374359, 737.0353184310097)","(238.79003549369898, 627.0787468830039)","(749.2653534493203, 123.42039527677363)"
2257.0,"(1047.7519246050256, 736.787110992045)","(238.57135107051715, 627.1998960598794)","(749.3290266820737, 123.42329330038976)"
2258.0,"(1047.7818088356921, 736.5389035530802)","(238.35266664733533, 627.3210452367549)","(749.3923815486634, 123.42617683388781)"
2259.0,"(1047.8116930663587, 736.2906961141155)","(238.1339822241535, 627.4421944136304)","(749.45541964092, 123.42904594971837)"
2260.0,"(1047.8415772970252, 736.0424886751507)","(237.91529780097167, 627.563343590506)","(749.5181425427154, 123.43190071996978)"
2261.0,"(1047.8714615276917, 735.794281236186)","(237.69661337778984, 627.6844927673815)","(749.5805518300018, 123.43474121636993)"
2262.0,"(1047.9013457583583, 735.5460737972212)","(237.47792895460802, 627.805641944257)","(749.6426490708518, 123.43756751028808)"
2263.0,"(1047.9312299890248, 735.2978663582564)","(237.2592445314262, 627.9267911211325)","(749.7044358254975, 123.44037967273664)"
2264.0,"(1047.9611142196914, 735.0496589192917)","(237.04056010824436, 628.047940298008)","(749.76591364637, 123.44317777437296)"
2265.0,"(1047.990998450358, 734.8014514803269)","(236.82187568506254, 628.1690894748837)","(749.8270840781381, 123.44596188550109)"
2266.0,"(1048.0208826810244, 734.5532440413622)","(236.6031912618807, 628.2902386517592)","(749.8879486577474, 123.44873207607358)"
2267.0,"(1048.050766911691, 734.3050366023974)","(236.38450683869888, 628.4113878286348)","(749.9485089144587, 123.45148841569322)"
2268.0,"(1048.0806511423575, 734.0568291634327)","(236.16582241551706, 628.5325370055103)","(750.0087663698864, 123.45423097361476)"
2269.0,"(1048.110535373024, 733.8086217244679)","(235.94713799233523, 628.653686182386)","(750.068722538037, 123.45695981874668)"
2270.0,"(1048.1404196036906, 733.5604142855032)","(235.7284535691534, 628.7748353592615)","(750.1283789253469, 123.45967501965295)"
2271.0,"(1048.1703038343571, 733.3122068465384)","(235.50981130130762, 628.8959611824652)","(750.1877370307201, 123.46237664455468)"
2272.0,"(1048.2001880650237, 733.0639994075736)","(235.2922622448011, 629.0164813765529)","(750.2467983455665, 123.4650647613319)"
2273.0,"(1048.2300722956902, 732.8157919686089)","(235.07580093357709, 629.13639896967)","(750.3055643538387, 123.46773943752524)"
2274.0,"(1048.2599565263567, 732.5675845296441)","(234.8604219289092, 629.2557169748217)","(750.3640365320695, 123.47040074033761)"
2275.0,"(1048.2898407570233, 732.3193770906794)","(234.64611981926467, 629.3744383899476)","(750.4222163494092, 123.47304873663592)"
2276.0,"(1048.3197249876898, 732.0711696517146)","(234.43288922016833, 629.4925661979979)","(750.4801052676621, 123.47568349295274)"
2277.0,"(1048.3496092183564, 731.8229622127499)","(234.2207247740675, 629.6101033670079)","(750.5377047413238, 123.47830507548798)"
2278.0,"(1048.379493449023, 731.5747547737851)","(234.00962115019715, 629.7270528501729)","(750.5950162176172, 123.48091355011054)"
2279.0,"(1048.4093776796894, 731.3265473348204)","(233.79957304444616, 629.843417585922)","(750.6520411365291, 123.48350898236)"
2280.0,"(1048.439261910356, 731.0783398958556)","(233.59057517922392, 629.9592004979924)","(750.7087809308464, 123.4860914374482)"
2281.0,"(1048.4691461410225, 730.8301324568909)","(233.3826223033278, 630.0744044955024)","(750.7652370261922, 123.48866098026096)"
2282.0,"(1048.499030371689, 730.5819250179261)","(233.17570919181117, 630.1890324730249)","(750.8214108410612, 123.49121767535965)"
2283.0,"(1048.5289146023556, 730.3337175789613)","(232.9698306458521, 630.3030873106597)","(750.8773037868558, 123.49376158698286)"
2284.0,"(1048.5587988330221, 730.0855101399966)","(232.76498149262287, 630.4165718741065)","(750.9329172679215, 123.49629277904795)"
2285.0,"(1048.5886830636887, 729.8373027010318)","(232.56115658515975, 630.529489014736)","(750.9882526815819, 123.49881131515271)"
2286.0,"(1048.6185672943552, 729.5890952620671)","(232.35835080223396, 630.6418415696623)","(751.043311418174, 123.50131725857695)"
2287.0,"(1048.6484515250218, 729.3408878231023)","(232.1565590482228, 630.7536323618141)","(751.0980948610832, 123.50381067228406)"
2288.0,"(1048.6783357556883, 729.0926803841376)","(231.95577625298168, 630.8648642000051)","(751.1526043867777, 123.50629161892265)"
2289.0,"(1048.7082199863548, 728.8444729451728)","(231.75599737171677, 630.975539879005)","(751.2068413648439, 123.50876016082803)"
2290.0,"(1048.7381042170214, 728.596265506208)","(231.55721738485818, 631.08566217961)","(751.2608071580196, 123.5112163600239)"
2291.0,"(1048.767988447688, 728.3480580672433)","(231.3594312979339, 631.195233868712)","(751.3145031222294, 123.51366027822378)"
2292.0,"(1048.7978726783545, 728.0998506282785)","(231.16263414144422, 631.3042576993685)","(751.3679306066183, 123.51609197683267)"
2293.0,"(1048.827756909021, 727.8516431893138)","(230.966820970737, 631.4127364108716)","(751.4210909535852, 123.51851151694851)"
2294.0,"(1048.8576411396875, 727.603435750349)","(230.7719868658833, 631.5206727288172)","(751.4739854988173, 123.52091895936377)"
2295.0,"(1048.887525370354, 727.3552283113843)","(230.57812693155387, 631.6280693651731)","(751.5266155713233, 123.52331436456694)"
2296.0,"(1048.9174096010206, 727.1070208724195)","(230.3852362968961, 631.7349290183473)","(751.5789824934667, 123.52569779274411)"
2297.0,"(1048.9472938316871, 726.8588134334548)","(230.1933101154116, 631.8412543732555)","(751.6310875809994, 123.52806930378038)"
2298.0,"(1048.9771780623537, 726.61060599449)","(230.00234356483455, 631.9470481013892)","(751.6829321430944, 123.53042895726148)"
2299.0,"(1049.0070622930202, 726.3623985555253)","(229.81233184701037, 632.0523128608822)","(751.7345174823789, 123.53277681247518)"
2300.0,"(1049.0369465236868, 726.1141911165605)","(229.62327018777532, 632.1570512965778)","(751.785844894967, 123.5351129284128)"
2301.0,"(1049.0668307543533, 725.8659836775958)","(229.43515383683643, 632.2612660400949)","(751.8369156704922, 123.53743736377074)"
2302.0,"(1049.0967149850198, 725.617776238631)","(229.24797806765224, 632.3649597098945)","(751.8379935208711, 123.54060289087036)"
2303.0,"(1049.1265992156864, 725.3695687996662)","(229.06173817731397, 632.468134911345)","(751.8862099588883, 123.56044035713325)"
2304.0,"(1049.156483446353, 725.1213613607015)","(228.8764294864274, 632.5707942367883)","(751.9815651006105, 123.59694943438653)"
2305.0,"(1049.1863676770195, 724.8731539217367)","(228.69204733899528, 632.6729402656043)","(752.1240590621495, 123.65012979432234)"
2306.0,"(1049.216251907686, 724.624946482772)","(228.5085871023003, 632.7745755642763)","(752.3136919596931, 123.71998110841054)"
2307.0,"(1049.2461361383525, 724.3767390438072)","(228.32604416678882, 632.8757026864549)","(752.5484978134255, 123.80580774211478)"
2308.0,"(1049.276020369019, 724.1285316048425)","(228.14441394595488, 632.9763241730227)","(752.7833036671578, 123.89163437581902)"
2309.0,"(1049.3059045996856, 723.8803241658777)","(227.9636918762251, 633.0764425521576)","(753.0181095208902, 123.97746100952327)"
2310.0,"(1049.3357888303522, 723.632116726913)","(227.783873416844, 633.1760603393968)","(753.2529153746226, 124.06328764322751)"
2311.0,"(1049.3656730610187, 723.3839092879482)","(227.60495404975975, 633.2751800376999)","(753.487721228355, 124.14911427693175)"
2312.0,"(1049.3955572916852, 723.1357018489834)","(227.42692927951094, 633.3738041375113)","(753.7225270820874, 124.234940910636)"
2313.0,"(1049.4254415223518, 722.8874944100187)","(227.2497946331134, 633.4719351168238)","(753.9573329358197, 124.32076754434024)"
2314.0,"(1049.4553257530183, 722.6392869710539)","(227.07354565994783, 633.5695754412397)","(754.1921387895521, 124.40659417804449)"
2315.0,"(1049.4852099836849, 722.3910795320892)","(226.8981779316481, 633.6667275640335)","(754.4269446432845, 124.49242081174873)"
2316.0,"(1049.5150942143514, 722.1428720931244)","(226.72368704198985, 633.7633939262133)","(754.6617504970169, 124.57824744545297)"
2317.0,"(1049.544978445018, 721.8946646541597)","(226.5500686067799, 633.8595769565823)","(754.8965563507493, 124.66407407915722)"
2318.0,"(1049.5748626756845, 721.6464572151949)","(226.377318263746, 633.9552790717994)","(755.1313622044817, 124.74990071286146)"
2319.0,"(1049.604746906351, 721.3982497762302)","(226.20543167242727, 634.0505026764404)","(755.366168058214, 124.8357273465657)"
2320.0,"(1049.6346311370175, 721.1500423372654)","(226.03440451406513, 634.1452501630582)","(755.6009739119464, 124.92155398026995)"
2321.0,"(1049.664515367684, 720.9018348983006)","(225.86423249149482, 634.2395239122429)","(755.8357797656788, 125.00738061397419)"
2322.0,"(1049.6943995983506, 720.6536274593359)","(225.69491132903735, 634.3333262926817)","(756.0705856194112, 125.09320724767844)"
2323.0,"(1049.7242838290172, 720.4054200203711)","(225.52643677239217, 634.4266596612183)","(756.3053914731436, 125.17903388138268)"
2324.0,"(1049.7541680596837, 720.1572125814064)","(225.3588045885302, 634.5195263629122)","(756.540197326876, 125.26486051508692)"
2325.0,"(1049.7840522903502, 719.9090051424416)","(225.19201056558757, 634.6119287310976)","(756.7750031806083, 125.35068714879117)"
2326.0,"(1049.8139365210168, 719.6607977034769)","(225.02605051275964, 634.7038690874421)","(757.0098090343407, 125.43651378249541)"
2327.0,"(1049.8438207516833, 719.4125902645121)","(224.86092026019585, 634.7953497420049)","(757.2446148880731, 125.52234041619965)"
2328.0,"(1049.8737049823499, 719.1643828255474)","(224.69661565889487, 634.8863729932948)","(757.4794207418055, 125.6081670499039)"
2329.0,"(1049.9035892130164, 718.9161753865826)","(224.5331325806004, 634.9769411283283)","(757.7142265955379, 125.69399368360814)"
2330.0,"(1049.933473443683, 718.6679679476179)","(224.3704669176974, 635.0670564226867)","(757.9490324492702, 125.77982031731239)"
2331.0,"(1049.9633576743495, 718.4197605086531)","(224.20861458310893, 635.1567211405733)","(758.1838383030026, 125.86564695101663)"
2332.0,"(1049.993241905016, 718.1715530696883)","(224.0475715101934, 635.2459375348704)","(758.418644156735, 125.95147358472087)"
2333.0,"(1050.0231261356826, 717.9233456307236)","(223.88733365264244, 635.3347078471961)","(758.6534500104674, 126.03730021842512)"
2334.0,"(1050.053010366349, 717.6751381917588)","(223.7278969843792, 635.4230343079602)","(758.8882558641998, 126.12312685212936)"
2335.0,"(1050.0828945970156, 717.4269307527941)","(223.5692574994573, 635.5109191364204)","(759.1230617179322, 126.2089534858336)"
2336.0,"(1050.1127788276822, 717.1787233138293)","(223.41141121196003, 635.5983645407383)","(759.3578675716645, 126.29478011953785)"
2337.0,"(1050.1426630583487, 716.9305158748646)","(223.25435415590022, 635.6853727180346)","(759.5926734253969, 126.38060675324209)"
2338.0,"(1050.1725472890153, 716.6823084358998)","(223.0980823851207, 635.7719458544444)","(759.8274792791293, 126.46643338694633)"
2339.0,"(1050.2024315196818, 716.4341009969351)","(222.9425919731951, 635.8580861251722)","(760.0622851328617, 126.55226002065058)"
2340.0,"(1050.2323157503483, 716.1858935579703)","(222.78787901332913, 635.9437956945463)","(760.2970909865941, 126.63808665435482)"
2341.0,"(1050.2621999810149, 715.9376861190055)","(222.63393961826247, 636.0290767160736)","(760.5318968403265, 126.72391328805907)"
2342.0,"(1050.2920842116814, 715.6894786800408)","(222.48076992017116, 636.1139313324933)","(760.7667026940588, 126.80973992176331)"
2343.0,"(1050.321968442348, 715.441271241076)","(222.3283660705703, 636.1983616758308)","(761.0015085477912, 126.89556655546755)"
2344.0,"(1050.3518526730145, 715.1930638021113)","(222.17672424021745, 636.2823698674516)","(761.2363144015236, 126.9813931891718)"
2345.0,"(1050.381736903681, 714.9448563631465)","(222.02584061901638, 636.3659580181144)","(761.471120255256, 127.06721982287604)"
2346.0,"(1050.4116211343476, 714.6966489241818)","(221.8757114159213, 636.4491282280238)","(761.7059261089884, 127.15304645658028)"
2347.0,"(1050.441505365014, 714.448441485217)","(221.7263328588417, 636.5318825868837)","(761.9407319627207, 127.23887309028453)"
2348.0,"(1050.4713895956806, 714.2002340462523)","(221.57770119454747, 636.6142231739493)","(762.1755378164531, 127.32469972398877)"
2349.0,"(1050.5012738263472, 713.9520266072875)","(221.42981268857474, 636.6961520580795)","(762.4103436701855, 127.41052635769302)"
2350.0,"(1050.5311580570137, 713.7038191683228)","(221.28266362513187, 636.7776712977891)","(762.6451495239179, 127.49635299139726)"
2351.0,"(1050.5610422876803, 713.455611729358)","(221.1362503070062, 636.8587829413001)","(762.8799553776503, 127.5821796251015)"
2352.0,"(1050.5909265183468, 713.2074042903932)","(220.99056905547118, 636.9394890265936)","(763.1147612313827, 127.66800625880575)"
2353.0,"(1050.6208107490133, 712.9591968514285)","(220.84561621019384, 637.0197915814606)","(763.349567085115, 127.75383289250999)"
2354.0,"(1050.6506949796799, 712.7109894124637)","(220.70138812914286, 637.0996926235533)","(763.5843729388474, 127.83965952621423)"
2355.0,"(1050.6805792103464, 712.462781973499)","(220.55788118849713, 637.1791941604356)","(763.8191787925798, 127.92548615991848)"
2356.0,"(1050.710463441013, 712.2145745345342)","(220.41509178255464, 637.2582981896335)","(764.0539846463122, 128.01131279362272)"
2357.0,"(1050.7403476716795, 711.9663670955695)","(220.27301632364185, 637.3370066986853)","(764.2887905000446, 128.09713942732697)"
2358.0,"(1050.770231902346, 711.7181596566047)","(220.13165124202365, 637.4153216651919)","(764.523596353777, 128.1829660610312)"
2359.0,"(1050.8001161330126, 711.46995221764)","(219.99099298581353, 637.4932450568659)","(764.7584022075093, 128.26879269473545)"
2360.0,"(1050.8300003636791, 711.2217447786752)","(219.85103802088446, 637.5707788315816)","(764.9932080612417, 128.3546193284397)"
2361.0,"(1050.8598845943457, 710.9735373397104)","(219.71178283078004, 637.6479249374237)","(765.2280139149741, 128.44044596214394)"
2362.0,"(1050.8897688250122, 710.7253299007457)","(219.57322391662615, 637.7246853127366)","(765.4628197687065, 128.52627259584818)"
2363.0,"(1050.9196530556787, 710.4771224617809)","(219.43535779704303, 637.8010618861729)","(765.6976256224389, 128.61209922955243)"
2364.0,"(1050.9495372863453, 710.2289150228162)","(219.2981810080578, 637.877056576742)","(765.9324314761712, 128.69792586325667)"
2365.0,"(1050.9794215170118, 709.9807075838514)","(219.16169010301752, 637.9526712938583)","(766.1672373299036, 128.78375249696091)"
2366.0,"(1051.0093057476784, 709.7325001448867)","(219.02588165250242, 638.027907937389)","(766.402043183636, 128.86957913066516)"
2367.0,"(1051.039189978345, 709.4842927059219)","(218.8907522442399, 638.1027683977021)","(766.6368490373684, 128.9554057643694)"
2368.0,"(1051.0690742090114, 709.2360852669572)","(218.7562984830187, 638.1772545557136)","(766.8716548911008, 129.04123239807365)"
2369.0,"(1051.098958439678, 708.9878778279924)","(218.6225169906036, 638.251368282935)","(767.1064607448332, 129.1270590317779)"
2370.0,"(1051.1288426703445, 708.7396703890277)","(218.4894044056506, 638.3251114415203)","(767.3412665985655, 129.21288566548213)"
2371.0,"(1051.158726901011, 708.4914629500629)","(218.35695738362233, 638.3984858843128)","(767.5760724522979, 129.29871229918638)"
2372.0,"(1051.1886111316776, 708.2432555110981)","(218.22517259670423, 638.4714934548912)","(767.8108783060303, 129.38453893289062)"
2373.0,"(1051.2184953623441, 707.9950480721334)","(218.09404673372072, 638.5441359876168)","(768.0456841597627, 129.47036556659486)"
2374.0,"(1051.2483795930107, 707.7468406331686)","(217.9635765000521, 638.6164153076787)","(768.2804900134951, 129.5561922002991)"
2375.0,"(1051.2782638236772, 707.4986331942039)","(217.83375861755187, 638.6883332311403)","(768.5152958672275, 129.64201883400335)"
2376.0,"(1051.3081480543437, 707.2504257552391)","(217.7045898244641, 638.7598915649846)","(768.7501017209598, 129.7278454677076)"
2377.0,"(1051.3380322850103, 707.0022183162744)","(217.57606687534178, 638.8310921071597)","(768.9849075746922, 129.81367210141184)"
2378.0,"(1051.3679165156768, 706.7540108773096)","(217.44818654096508, 638.901936646624)","(769.2197134284246, 129.89949873511608)"
2379.0,"(1051.3978007463434, 706.5058034383449)","(217.32094560826025, 638.9724269633908)","(769.454519282157, 129.98532536882033)"
2380.0,"(1051.42768497701, 706.2575959993801)","(217.19434088021893, 639.0425648285739)","(769.6893251358894, 130.07115200252457)"
2381.0,"(1051.4575692076764, 706.0093885604153)","(217.06836917581785, 639.112352004431)","(769.9241309896217, 130.1569786362288)"
2382.0,"(1051.487453438343, 705.7611811214506)","(216.94302732993876, 639.181790244409)","(770.1589368433541, 130.24280526993306)"
2383.0,"(1051.5173376690095, 705.5129736824858)","(216.81831219328907, 639.2508812931869)","(770.3937426970865, 130.3286319036373)"
2384.0,"(1051.547221899676, 705.2647662435211)","(216.69422063232264, 639.319626886721)","(770.6285485508189, 130.41445853734155)"
2385.0,"(1051.5771061303426, 705.0165588045563)","(216.57074952916102, 639.3880287522875)","(770.8633544045513, 130.5002851710458)"
2386.0,"(1051.6069903610091, 704.7683513655916)","(216.44789578151523, 639.456088608526)","(771.0981602582837, 130.58611180475003)"
2387.0,"(1051.6368745916757, 704.5201439266268)","(216.32565630260765, 639.5238081654834)","(771.332966112016, 130.67193843845428)"
2388.0,"(1051.6667588223422, 704.2719364876621)","(216.20402802109462, 639.591189124656)","(771.5677719657484, 130.75776507215852)"
2389.0,"(1051.6966430530088, 704.0237290486973)","(216.08300788098913, 639.6582331790328)","(771.8025778194808, 130.84359170586276)"
2390.0,"(1051.7265272836753, 703.7755216097326)","(215.96259284158418, 639.7249420131376)","(772.0373836732132, 130.929418339567)"
2391.0,"(1051.7564115143418, 703.5273141707678)","(215.84277987737627, 639.7913173030719)","(772.2721895269456, 131.01524497327125)"
2392.0,"(1051.7862957450084, 703.279106731803)","(215.72356597798938, 639.8573607165565)","(772.506995380678, 131.1010716069755)"
2393.0,"(1051.816179975675, 703.0308992928383)","(215.60494814809942, 639.9230739129737)","(772.7418012344103, 131.18689824067974)"
2394.0,"(1051.8460642063415, 702.7826918538735)","(215.48692340735892, 639.9884585434088)","(772.9766070881427, 131.27272487438398)"
2395.0,"(1051.875948437008, 702.5344844149088)","(215.36948879032212, 640.0535162506917)","(773.2114129418751, 131.35855150808823)"
2396.0,"(1051.9058326676745, 702.286276975944)","(215.25264134637052, 640.1182486694382)","(773.4462187956075, 131.44437814179247)"
2397.0,"(1051.935716898341, 702.0380695369793)","(215.13637813963868, 640.182657426091)","(773.6810246493399, 131.5302047754967)"
2398.0,"(1051.9656011290076, 701.7898620980145)","(215.02069624894048, 640.2467441389606)","(773.9158305030722, 131.61603140920096)"
2399.0,"(1051.9954853596741, 701.5416546590498)","(214.90559276769577, 640.3105104182658)","(774.1506363568046, 131.7018580429052)"
2400.0,"(1052.0253695903407, 701.293447220085)","(214.7910648038573, 640.3739578661745)","(774.385442210537, 131.78768467660944)"
2401.0,"(1052.0552538210072, 701.0452397811202)","(214.677109479838, 640.4370880768436)","(774.6202480642694, 131.8735113103137)"
2402.0,"(1052.0851380516738, 700.7970323421555)","(214.56372393243882, 640.4999026364593)","(774.8550539180018, 131.95933794401793)"
2403.0,"(1052.1150222823403, 700.5488249031907)","(214.45090531277663, 640.562403123277)","(775.0898597717342, 132.04516457772218)"
2404.0,"(1052.1449065130068, 700.300617464226)","(214.33865078621275, 640.6245911076606)","(775.3246656254665, 132.13099121142642)"
2405.0,"(1052.1747907436734, 700.0524100252612)","(214.2269575322817, 640.6864681521223)","(775.5594714791989, 132.21681784513066)"
2406.0,"(1052.20467497434, 699.8042025862965)","(214.1158227446203, 640.7480358113617)","(775.7942773329313, 132.3026444788349)"
2407.0,"(1052.2345592050065, 699.5559951473317)","(214.00524363089718, 640.8092956323048)","(776.0290831866637, 132.38847111253915)"
2408.0,"(1052.264443435673, 699.307787708367)","(213.8952174127427, 640.8702491541433)","(776.2638890403961, 132.4742977462434)"
2409.0,"(1052.2943276663395, 699.0595802694022)","(213.785741325679, 640.9308979083726)","(776.4986948941284, 132.56012437994764)"
2410.0,"(1052.324211897006, 698.8113728304374)","(213.6768126190506, 640.9912434188307)","(776.7335007478608, 132.64595101365188)"
2411.0,"(1052.3540961276726, 698.5631653914727)","(213.56842855595534, 641.0512872017365)","(776.9683066015932, 132.73177764735613)"
2412.0,"(1052.3839803583392, 698.3149579525079)","(213.46058641317555, 641.1110307657278)","(777.2031124553256, 132.81760428106037)"
2413.0,"(1052.4138645890057, 698.0667505135432)","(213.35328348110966, 641.1704756118992)","(777.437918309058, 132.9034309147646)"
2414.0,"(1052.4437488196722, 697.8185430745784)","(213.24651706370412, 641.2296232338397)","(777.6727241627904, 132.98925754846886)"
2415.0,"(1052.4736330503388, 697.5703356356137)","(213.1402844783856, 641.2884751176705)","(777.9075300165227, 133.0750841821731)"
2416.0,"(1052.5035172810053, 697.3221281966489)","(213.0345830559937, 641.3470327420821)","(778.1423358702551, 133.16091081587734)"
2417.0,"(1052.5334015116719, 697.0739207576842)","(212.9294101407137, 641.4052975783717)","(778.3771417239875, 133.2467374495816)"
2418.0,"(1052.5632857423384, 696.8257133187194)","(212.82476309001015, 641.4632710904798)","(778.6119475777199, 133.33256408328583)"
2419.0,"(1052.593169973005, 696.5775058797547)","(212.7206392745601, 641.5209547350274)","(778.8467534314523, 133.41839071699007)"
2420.0,"(1052.6230542036715, 696.3292984407899)","(212.6170360781873, 641.5783499613523)","(779.0815592851847, 133.50421735069432)"
2421.0,"(1052.652938434338, 696.0810910018251)","(212.51395089779638, 641.6354582115455)","(779.316365138917, 133.59004398439856)"
2422.0,"(1052.6828226650046, 695.8328835628604)","(212.4113811433074, 641.6922809204877)","(779.5511709926494, 133.6758706181028)"
2423.0,"(1052.712706895671, 695.5846761238956)","(212.30932423759089, 641.7488195158853)","(779.7859768463818, 133.76169725180705)"
2424.0,"(1052.7425911263376, 695.3364686849309)","(212.20777761640292, 641.8050754183059)","(780.0207827001142, 133.8475238855113)"
2425.0,"(1052.7724753570042, 695.0882612459661)","(212.10673872832092, 641.8610500412144)","(780.2555885538466, 133.93335051921554)"
2426.0,"(1052.8023595876707, 694.8400538070014)","(212.0062050346793, 641.9167447910083)","(780.490394407579, 134.01917715291978)"
2427.0,"(1052.8322438183372, 694.5918463680366)","(211.90617400950592, 641.9721610670533)","(780.7252002613113, 134.10500378662402)"
2428.0,"(1052.8621280490038, 694.3436389290719)","(211.8066431394584, 642.0273002617181)","(780.9600061150437, 134.19083042032827)"
2429.0,"(1052.8920122796703, 694.0954314901071)","(211.7076099237611, 642.0821637604095)","(781.1948119687761, 134.2766570540325)"
2430.0,"(1052.9218965103369, 693.8472240511423)","(211.6090718741423, 642.1367529416074)","(781.4296178225085, 134.36248368773676)"
2431.0,"(1052.9517807410034, 693.5990166121776)","(211.5110265147716, 642.1910691768993)","(781.6644236762409, 134.448310321441)"
2432.0,"(1052.98166497167, 693.3508091732128)","(211.41347138219774, 642.2451138310148)","(781.8992295299732, 134.53413695514524)"
2433.0,"(1053.0115492023365, 693.1026017342481)","(211.31640402528674, 642.2988882618597)","(782.1340353837056, 134.6199635888495)"
2434.0,"(1053.041433433003, 692.8543942952833)","(211.2198220051603, 642.3523938205504)","(782.368841237438, 134.70579022255373)"
2435.0,"(1053.0713176636696, 692.6061868563186)","(211.1237228951345, 642.4056318514477)","(782.6036470911704, 134.79161685625797)"
2436.0,"(1053.101201894336, 692.3579794173538)","(211.02810428065882, 642.4586036921904)","(782.8384529449028, 134.87744348996222)"
2437.0,"(1053.1310861250026, 692.1097719783891)","(210.93296375925553, 642.5113106737294)","(783.0732587986352, 134.96327012366646)"
2438.0,"(1053.1609703556692, 691.8615645394243)","(210.83829894045925, 642.5637541203608)","(783.3080646523675, 135.0490967573707)"
2439.0,"(1053.1908545863357, 691.6133571004596)","(210.74410744575695, 642.6159353497591)","(783.5428705060999, 135.13492339107495)"
2440.0,"(1053.2207388170023, 691.3651496614948)","(210.65038690852816, 642.6678556730103)","(783.7776763598323, 135.2207500247792)"
2441.0,"(1053.2506230476688, 691.11694222253)","(210.5571349739855, 642.7195163946452)","(784.0124822135647, 135.30657665848344)"
2442.0,"(1053.2805072783353, 690.8687347835653)","(210.46434929911558, 642.770918812672)","(784.2472880672971, 135.39240329218768)"
2443.0,"(1053.3103915090019, 690.6205273446005)","(210.37202755262, 642.8220642186086)","(784.4820939210294, 135.47822992589192)"
2444.0,"(1053.3402757396684, 690.3723199056358)","(210.28016741485692, 642.8729538975156)","(784.7168997747618, 135.56405655959617)"
2445.0,"(1053.370159970335, 690.124112466671)","(210.18876657778264, 642.923589128028)","(784.9517056284942, 135.6498831933004)"
2446.0,"(1053.4000442010015, 689.8759050277063)","(210.09782274489373, 642.9739711823878)","(785.1865114822266, 135.73570982700465)"
2447.0,"(1053.429928431668, 689.6276975887415)","(210.00733363116927, 643.0241013264758)","(785.421317335959, 135.8215364607089)"
2448.0,"(1053.4598126623346, 689.3794901497768)","(209.91729696301343, 643.0739808198434)","(785.6561231896914, 135.90736309441314)"
2449.0,"(1053.489696893001, 689.131282710812)","(209.82771047819836, 643.1236109157442)","(785.8909290434237, 135.9931897281174)"
2450.0,"(1053.5195811236676, 688.8830752718472)","(209.73857192580738, 643.1729928611654)","(786.1257348971561, 136.07901636182163)"
2451.0,"(1053.5494653543342, 688.6348678328825)","(209.64987906617833, 643.2221278968595)","(786.3605407508885, 136.16484299552587)"
2452.0,"(1053.5793495850007, 688.3866603939177)","(209.56162967084742, 643.2710172573752)","(786.5953466046209, 136.25066962923012)"
2453.0,"(1053.6092338156673, 688.138452954953)","(209.47382152249318, 643.3196621710883)","(786.8301524583533, 136.33649626293436)"
2454.0,"(1053.6391180463338, 687.8902455159882)","(209.38645241488072, 643.368063860233)","(787.0649583120857, 136.4223228966386)"
2455.0,"(1053.6690022770003, 687.6420380770235)","(209.2995201528063, 643.4162235409318)","(787.299764165818, 136.50814953034285)"
2456.0,"(1053.6988865076669, 687.3938306380587)","(209.21302255204228, 643.4641424232271)","(787.5345700195504, 136.5939761640471)"
2457.0,"(1053.7287707383334, 687.145623199094)","(209.12695743928205, 643.511821711111)","(787.7693758732828, 136.67980279775134)"
2458.0,"(1053.758654969, 686.8974157601292)","(209.04132265208565, 643.5592626025555)","(788.0041817270152, 136.76562943145558)"
2459.0,"(1053.7885391996665, 686.6492083211645)","(208.95611603882523, 643.6064662895427)","(788.2389875807476, 136.85145606515982)"
2460.0,"(1053.818423430333, 686.4010008821997)","(208.8713354586311, 643.653433958095)","(788.47379343448, 136.93728269886407)"
2461.0,"(1053.8483076609996, 686.1527934432349)","(208.78697878133795, 643.7001667883045)","(788.7085992882123, 137.0231093325683)"
2462.0,"(1053.8781918916661, 685.9045860042702)","(208.70304388743125, 643.7466659543629)","(788.9434051419447, 137.10893596627255)"
2463.0,"(1053.9080761223327, 685.6563785653054)","(208.6195286679941, 643.7929326245911)","(789.1782109956771, 137.1947625999768)"
2464.0,"(1053.9379603529992, 685.4081711263407)","(208.53643102465412, 643.8389679614681)","(789.4130168494095, 137.28058923368104)"
2465.0,"(1053.9678445836657, 685.1599636873759)","(208.45374886953084, 643.8847731216608)","(789.6478227031419, 137.36641586738529)"
2466.0,"(1053.9977288143323, 684.9117562484112)","(208.37148012518318, 643.9303492560525)","(789.8826285568742, 137.45224250108953)"
2467.0,"(1054.0276130449988, 684.6635488094464)","(208.28962272455726, 643.9756975097723)","(790.1174344106066, 137.53806913479377)"
2468.0,"(1054.0574972756654, 684.4153413704817)","(208.20817461093446, 644.0208190222235)","(790.352240264339, 137.62389576849802)"
2469.0,"(1054.087381506332, 684.1671339315169)","(208.1271337378798, 644.0657149271124)","(790.5870461180714, 137.70972240220226)"
2470.0,"(1054.1172657369984, 683.9189264925521)","(208.0464980691904, 644.1103863524768)","(790.8218519718038, 137.7955490359065)"
2471.0,"(1054.147149967665, 683.6707190535874)","(207.96626557884443, 644.1548344207145)","(791.0566578255361, 137.88137566961075)"
2472.0,"(1054.1770341983315, 683.4225116146226)","(207.8864342509502, 644.1990602486109)","(791.2914636792685, 137.967202303315)"
2473.0,"(1054.206918428998, 683.1743041756579)","(207.80700207969545, 644.2430649473678)","(791.5262695330009, 138.05302893701923)"
2474.0,"(1054.2368026596646, 682.9260967366931)","(207.72796706929697, 644.2868496226309)","(791.7610753867333, 138.13885557072348)"
2475.0,"(1054.2666868903311, 682.6778892977284)","(207.6493272339505, 644.3304153745178)","(791.9958812404657, 138.22468220442772)"
2476.0,"(1054.2965711209977, 682.4296818587636)","(207.57108059778074, 644.3737632976452)","(792.2306870941981, 138.31050883813197)"
2477.0,"(1054.3264553516642, 682.1814744197989)","(207.49322519479182, 644.4168944811569)","(792.4654929479304, 138.3963354718362)"
2478.0,"(1054.3563395823307, 681.9332669808341)","(207.41575906881786, 644.4598100087511)","(792.7002988016628, 138.48216210554045)"
2479.0,"(1054.3862238129973, 681.6850595418694)","(207.33868027347378, 644.5025109587074)","(792.9351046553952, 138.5679887392447)"
2480.0,"(1054.4161080436638, 681.4368521029046)","(207.2619868721064, 644.5449984039138)","(793.1699105091276, 138.65381537294894)"
2481.0,"(1054.4459922743304, 681.1886446639398)","(207.18567693774588, 644.5872734118942)","(793.40471636286, 138.73964200665318)"
2482.0,"(1054.475876504997, 680.9404372249751)","(207.10974855305716, 644.6293370448348)","(793.6395222165924, 138.82546864035743)"
2483.0,"(1054.5057607356634, 680.6922297860103)","(207.03419981029188, 644.6711903596106)","(793.8743280703247, 138.91129527406167)"
2484.0,"(1054.53564496633, 680.4440223470456)","(206.95902881124042, 644.7128344078126)","(794.1091339240571, 138.99712190776592)"
2485.0,"(1054.5655291969965, 680.1958149080808)","(206.88423366718422, 644.7542702357736)","(794.3439397777895, 139.08294854147016)"
2486.0,"(1054.595413427663, 679.9476074691161)","(206.8098124988483, 644.7954988845947)","(794.5787456315219, 139.1687751751744)"
2487.0,"(1054.6252976583296, 679.6994000301513)","(206.73576343635403, 644.8365213901718)","(794.8135514852543, 139.25460180887865)"
2488.0,"(1054.6551818889961, 679.4511925911866)","(206.66208461917228, 644.8773387832209)","(795.0483573389866, 139.3404284425829)"
2489.0,"(1054.6850661196627, 679.2029851522218)","(206.58877419607643, 644.9179520893048)","(795.283163192719, 139.42625507628713)"
2490.0,"(1054.7149503503292, 678.954777713257)","(206.51583032509603, 644.9583623288582)","(795.5179690464514, 139.51208170999138)"
2491.0,"(1054.7448345809958, 678.7065702742923)","(206.44325117347054, 644.9985705172139)","(795.7527749001838, 139.59790834369562)"
2492.0,"(1054.7747188116623, 678.4583628353275)","(206.3710349176032, 645.0385776646278)","(795.9875807539162, 139.68373497739987)"
2493.0,"(1054.8046030423288, 678.2101553963628)","(206.29917974301517, 645.0783847763047)","(796.2223866076486, 139.7695616111041)"
2494.0,"(1054.8344872729954, 677.961947957398)","(206.2276838443001, 645.1179928524232)","(796.4571924613809, 139.85538824480835)"
2495.0,"(1054.864371503662, 677.7137405184333)","(206.15654542507858, 645.1574028881611)","(796.6919983151133, 139.9412148785126)"
2496.0,"(1054.8942557343285, 677.4655330794685)","(206.0857626979532, 645.1966158737202)","(796.9268041688457, 140.02704151221684)"
2497.0,"(1054.924139964995, 677.2173256405038)","(206.01533388446342, 645.2356327943517)","(797.1616100225781, 140.11286814592108)"
2498.0,"(1054.9540241956615, 676.969118201539)","(205.9452572150411, 645.2744546303799)","(797.3964158763105, 140.19869477962533)"
2499.0,"(1054.983908426328, 676.7209107625742)","(205.8755309289659, 645.3130823572279)","(797.6312217300429, 140.28452141332957)"
2500.0,"(1055.0137926569946, 676.4727033236095)","(205.80615327432108, 645.3515169454417)","(797.8660275837752, 140.37034804703381)"
2501.0,"(1055.0436768876611, 676.2244958846447)","(205.73712250794946, 645.3897593607145)","(798.1008334375076, 140.45617468073806)"
2502.0,"(1055.0735611183277, 675.97628844568)","(205.6684368954097, 645.427810563911)","(798.33563929124, 140.5420013144423)"
2503.0,"(1055.1034453489942, 675.7280810067152)","(205.60009471093267, 645.4656715110914)","(798.5704451449724, 140.62782794814655)"
2504.0,"(1055.1333295796608, 675.4798735677505)","(205.532094237378, 645.503343153536)","(798.8052509987048, 140.7136545818508)"
2505.0,"(1055.1632138103273, 675.2316661287857)","(205.46443376619112, 645.5408264377683)","(799.0400568524371, 140.79948121555503)"
2506.0,"(1055.1930980409938, 674.983458689821)","(205.39711159736015, 645.5781223055794)","(799.2748627061695, 140.88530784925928)"
2507.0,"(1055.2229822716604, 674.7352512508562)","(205.33012603937334, 645.6152316940515)","(799.5096685599019, 140.97113448296352)"
2508.0,"(1055.252866502327, 674.4870438118915)","(205.26347540917646, 645.6521555355813)","(799.7444744136343, 141.05696111666776)"
2509.0,"(1055.2827507329935, 674.2388363729267)","(205.19715803213057, 645.6888947579034)","(799.9792802673667, 141.142787750372)"
2510.0,"(1055.31263496366, 673.990628933962)","(205.13117224196992, 645.7254502841139)","(800.2140861210991, 141.22861438407625)"
2511.0,"(1055.3425191943265, 673.7424214949972)","(205.06551638076007, 645.7618230326933)","(800.4488919748314, 141.3144410177805)"
2512.0,"(1055.372403424993, 673.4942140560324)","(205.00018879885627, 645.7980139175298)","(800.6836978285638, 141.40026765148474)"
2513.0,"(1055.4022876556596, 673.2460066170677)","(204.935187854862, 645.8340238479421)","(800.9185036822962, 141.48609428518898)"
2514.0,"(1055.4321718863262, 672.9977991781029)","(204.87051191558768, 645.8698537287024)","(801.1533095360286, 141.57192091889323)"
2515.0,"(1055.4620561169927, 672.7495917391382)","(204.80615935600974, 645.9055044600589)","(801.388115389761, 141.65774755259747)"
2516.0,"(1055.4919403476592, 672.5013843001734)","(204.74212855922968, 645.9409769377586)","(801.6229212434934, 141.74357418630171)"
2517.0,"(1055.5218245783258, 672.2531768612087)","(204.67841791643355, 645.9762720530698)","(801.8577270972257, 141.82940082000596)"
2518.0,"(1055.5517088089923, 672.0049694222439)","(204.61502582685137, 646.0113906928044)","(802.0925329509581, 141.9152274537102)"
2519.0,"(1055.5815930396589, 671.7567619832791)","(204.5519506977171, 646.0463337393404)","(802.3273388046905, 142.00105408741445)"
2520.0,"(1055.6114772703254, 671.5085545443144)","(204.4891909442285, 646.0811020706437)","(802.5621446584229, 142.0868807211187)"
2521.0,"(1055.641361500992, 671.2603471053496)","(204.42674498950737, 646.1156965602905)","(802.7969505121553, 142.17270735482293)"
2522.0,"(1055.6712457316585, 671.0121396663849)","(204.36461126455984, 646.1501180774891)","(803.0317563658876, 142.25853398852718)"
2523.0,"(1055.701129962325, 670.7639322274201)","(204.30278820823705, 646.1843674871017)","(803.26656221962, 142.34436062223142)"
2524.0,"(1055.7310141929916, 670.5157247884554)","(204.24127426719585, 646.2184456496661)","(803.5013680733524, 142.43018725593566)"
2525.0,"(1055.760898423658, 670.2675173494906)","(204.18006789585988, 646.2523534214178)","(803.7361739270848, 142.5160138896399)"
2526.0,"(1055.7907826543246, 670.0193099105259)","(204.11916755638057, 646.2860916543107)","(803.9709797808172, 142.60184052334415)"
2527.0,"(1055.8206668849912, 669.7711024715611)","(204.05857171859867, 646.3196611960391)","(804.2057856345496, 142.6876671570484)"
2528.0,"(1055.8505511156577, 669.5228950325964)","(203.99827886000568, 646.3530628900589)","(804.4405914882819, 142.77349379075264)"
2529.0,"(1055.8804353463242, 669.2746875936316)","(203.93828746570566, 646.3862975756086)","(804.6753973420143, 142.85932042445688)"
2530.0,"(1055.9103195769908, 669.0264801546668)","(203.87859602837713, 646.4193660877306)","(804.9102031957467, 142.94514705816113)"
2531.0,"(1055.9402038076573, 668.7782727157021)","(203.81920304823524, 646.452269257292)","(805.1450090494791, 143.03097369186537)"
2532.0,"(1055.9700880383239, 668.5300652767373)","(203.76010703299406, 646.4850079110055)","(805.3798149032115, 143.1168003255696)"
2533.0,"(1055.9999722689904, 668.2818578377726)","(203.70130649782908, 646.5175828714505)","(805.6146207569439, 143.20262695927386)"
2534.0,"(1056.029856499657, 668.0336503988078)","(203.64279996533995, 646.5499949570932)","(805.8494266106762, 143.2884535929781)"
2535.0,"(1056.0597407303235, 667.7854429598431)","(203.58458596551324, 646.5822449823078)","(806.0842324644086, 143.37428022668234)"
2536.0,"(1056.08962496099, 667.5372355208783)","(203.5266630356857, 646.6143337573963)","(806.319038318141, 143.4601068603866)"
2537.0,"(1056.1195091916566, 667.2890280819136)","(203.46902972050725, 646.6462620886093)","(806.5538441718734, 143.54593349409083)"
2538.0,"(1056.149393422323, 667.0408206429488)","(203.41168457190471, 646.6780307781663)","(806.7886500256058, 143.63176012779508)"
2539.0,"(1056.1792776529896, 666.792613203984)","(203.3546261490452, 646.7096406242755)","(807.0234558793381, 143.71758676149932)"
2540.0,"(1056.2091618836562, 666.5444057650193)","(203.29785301829997, 646.7410924211541)","(807.2582617330705, 143.80341339520356)"
2541.0,"(1056.2390461143227, 666.2961983260545)","(203.24136375320847, 646.7723869590484)","(807.4930675868029, 143.8892400289078)"
2542.0,"(1056.2689303449893, 666.0479908870898)","(203.18515693444243, 646.8035250242532)","(807.7278734405353, 143.97506666261205)"
2543.0,"(1056.2988145756558, 665.799783448125)","(203.12923114977022, 646.8345073991319)","(807.9626792942677, 144.0608932963163)"
2544.0,"(1056.3286988063223, 665.5515760091603)","(203.07358499402136, 646.8653348621363)","(808.197485148, 144.14671993002054)"
2545.0,"(1056.3585830369889, 665.3033685701955)","(203.01821706905125, 646.8960081878256)","(808.4322910017324, 144.23254656372478)"
2546.0,"(1056.3884672676554, 665.0551611312308)","(202.963125983706, 646.9265281468864)","(808.6670968554648, 144.31837319742903)"
2547.0,"(1056.418351498322, 664.806953692266)","(202.90831035378747, 646.956895506152)","(808.9019027091972, 144.40419983113327)"
2548.0,"(1056.4482357289885, 664.5587462533013)","(202.85376880201852, 646.9871110286213)","(809.1367085629296, 144.4900264648375)"
2549.0,"(1056.478119959655, 664.3105388143365)","(202.79949995800843, 647.0171754734781)","(809.371514416662, 144.57585309854176)"
2550.0,"(1056.5080041903216, 664.0623313753717)","(202.7455024582184, 647.0470895961107)","(809.6063202703943, 144.661679732246)"
2551.0,"(1056.537888420988, 663.814123936407)","(202.6917749459273, 647.0768541481301)","(809.8411261241267, 144.74750636595024)"
2552.0,"(1056.5677726516546, 663.5659164974422)","(202.63831607119766, 647.1064698773895)","(810.0759319778591, 144.8333329996545)"
2553.0,"(1056.5976568823212, 663.3177090584775)","(202.58512449084168, 647.1359375280025)","(810.3107378315915, 144.91915963335873)"
2554.0,"(1056.6275411129877, 663.0695016195127)","(202.53219886838747, 647.1652578403625)","(810.5455436853239, 145.00498626706298)"
2555.0,"(1056.6574253436543, 662.821294180548)","(202.47953787404552, 647.1944315511607)","(810.7803495390563, 145.09081290076722)"
2556.0,"(1056.6873095743208, 662.5730867415832)","(202.4271401846753, 647.2234593934049)","(811.0151553927886, 145.17663953447146)"
2557.0,"(1056.7171938049873, 662.3248793026185)","(202.37500448375192, 647.2523420964379)","(811.249961246521, 145.2624661681757)"
2558.0,"(1056.7470780356539, 662.0766718636537)","(202.32312946133317, 647.2810803859558)","(811.4847671002534, 145.34829280187995)"
2559.0,"(1056.7769622663204, 661.828464424689)","(202.2715138140265, 647.309674984026)","(811.7195729539858, 145.4341194355842)"
2560.0,"(1056.806846496987, 661.5802569857242)","(202.22015624495637, 647.3381266091059)","(811.9543788077182, 145.51994606928844)"
2561.0,"(1056.8367307276535, 661.3320495467594)","(202.16905546373158, 647.3664359760603)","(812.1891846614506, 145.60577270299268)"
2562.0,"(1056.86661495832, 661.0838421077947)","(202.1182101864129, 647.39460379618)","(812.4239905151829, 145.69159933669692)"
2563.0,"(1056.8964991889866, 660.8356346688299)","(202.06761913548084, 647.4226307771992)","(812.6587963689153, 145.77742597040117)"
2564.0,"(1056.9263834196531, 660.5874272298652)","(202.01728103980344, 647.4505176233132)","(812.8936022226477, 145.8632526041054)"
2565.0,"(1056.9562676503197, 660.3392197909004)","(201.96719463460443, 647.4782650351966)","(813.1284080763801, 145.94907923780966)"
2566.0,"(1056.9861518809862, 660.0910123519357)","(201.9173586614314, 647.5058737100206)","(813.3632139301125, 146.0349058715139)"
2567.0,"(1057.0160361116527, 659.8428049129709)","(201.86777186812424, 647.5333443414705)","(813.5980197838448, 146.12073250521814)"
2568.0,"(1057.0459203423193, 659.5945974740062)","(201.81843300878361, 647.5606776197632)","(813.8328256375772, 146.2065591389224)"
2569.0,"(1057.0758045729858, 659.3463900350414)","(201.76934084373968, 647.5878742316644)","(814.0676314913096, 146.29238577262663)"
2570.0,"(1057.1056888036524, 659.0981825960766)","(201.72049413952098, 647.6149348605061)","(814.302437345042, 146.37821240633087)"
2571.0,"(1057.135573034319, 658.8499751571119)","(201.67189166882338, 647.6418601862035)","(814.5372431987744, 146.46403904003512)"
2572.0,"(1057.1654572649854, 658.6017677181471)","(201.57679098294273, 647.6504030206446)","(814.7720490525068, 146.54986567373936)"
2573.0,"(1057.195341495652, 658.3535602791824)","(201.43522326615138, 647.6404846785699)","(815.0068549062391, 146.6356923074436)"
2574.0,"(1057.2252257263185, 658.1053528402176)","(201.24724095102553, 647.6119737287856)","(815.2416607599715, 146.72151894114785)"
2575.0,"(1057.255109956985, 657.8571454012529)","(201.0360047462704, 647.5739138601417)","(815.4764666137039, 146.8073455748521)"
2576.0,"(1057.2849941876516, 657.6089379622881)","(200.82582472253907, 647.536044290841)","(815.7112724674363, 146.89317220855634)"
2577.0,"(1057.3148784183181, 657.3607305233234)","(200.61669559892638, 647.4983640693868)","(815.9460783211687, 146.97899884226058)"
2578.0,"(1057.3447626489847, 657.1125230843586)","(200.40861212093176, 647.4608722490398)","(816.180884174901, 147.06482547596482)"
2579.0,"(1057.3746468796512, 656.8643156453938)","(200.2015690603271, 647.4235678877945)","(816.4156900286334, 147.15065210966907)"
2580.0,"(1057.4045311103177, 656.6161082064291)","(199.99556121502548, 647.3864500483555)","(816.6504958823658, 147.2364787433733)"
2581.0,"(1057.4344153409843, 656.3679007674643)","(199.79058340895034, 647.3495177981138)","(816.8853017360982, 147.32230537707756)"
2582.0,"(1057.4642995716508, 656.1196933284996)","(199.5866304919056, 647.3127702091232)","(817.1201075898306, 147.4081320107818)"
2583.0,"(1057.4941838023174, 655.8714858895348)","(199.38369733944606, 647.2762063580776)","(817.354913443563, 147.49395864448604)"
2584.0,"(1057.524068032984, 655.6232784505701)","(199.18177885274883, 647.2398253262872)","(817.5897192972953, 147.5797852781903)"
2585.0,"(1057.5539522636504, 655.3750710116053)","(198.9808699584851, 647.2036261996558)","(817.8245251510277, 147.66561191189453)"
2586.0,"(1057.583836494317, 655.1268635726406)","(198.78096560869267, 647.1676080686575)","(818.0593310047601, 147.75143854559877)"
2587.0,"(1057.6137207249835, 654.8786561336758)","(198.58206078064921, 647.1317700283142)","(818.2941368584925, 147.83726517930302)"
2588.0,"(1057.64360495565, 654.630448694711)","(198.38415047674596, 647.0961111781727)","(818.5289427122249, 147.92309181300726)"
2589.0,"(1057.6734891863166, 654.3822412557463)","(198.18722972436223, 647.0606306222818)","(818.7637485659573, 148.0089184467115)"
2590.0,"(1057.7033734169831, 654.1340338167815)","(197.99129357574043, 647.0253274691704)","(818.9985544196896, 148.09474508041575)"
2591.0,"(1057.7332576476497, 653.8858263778168)","(197.79633710786172, 646.9902008318246)","(819.233360273422, 148.18057171412)"
2592.0,"(1057.7631418783162, 653.637618938852)","(197.6023554223224, 646.9552498276655)","(819.4681661271544, 148.26639834782424)"
2593.0,"(1057.7930261089828, 653.3894114998873)","(197.40934364521078, 646.9204735785272)","(819.7029719808868, 148.35222498152848)"
2594.0,"(1057.8229103396493, 653.1412040609225)","(197.21729692698472, 646.8858712106346)","(819.9377778346192, 148.43805161523272)"
2595.0,"(1057.8527945703158, 652.8929966219578)","(197.0262104423498, 646.8514418545815)","(820.1725836883516, 148.52387824893697)"
2596.0,"(1057.8826788009824, 652.644789182993)","(196.83607939013805, 646.8171846453085)","(820.4073895420839, 148.6097048826412)"
2597.0,"(1057.912563031649, 652.3965817440283)","(196.64689899318736, 646.783098722082)","(820.6421953958163, 148.69553151634545)"
2598.0,"(1057.9424472623155, 652.1483743050635)","(196.45866449822142, 646.7491832284716)","(820.8770012495487, 148.7813581500497)"
2599.0,"(1057.972331492982, 651.9001668660987)","(196.2713711757303, 646.7154373123292)","(821.1118071032811, 148.86718478375394)"
2600.0,"(1058.0022157236485, 651.651959427134)","(196.08501431985167, 646.6818601257676)","(821.3466129570135, 148.95301141745819)"
2601.0,"(1058.032099954315, 651.4037519881692)","(195.8995892482524, 646.6484508251388)","(821.5814188107458, 149.03883805116243)"
2602.0,"(1058.0619841849816, 651.1555445492045)","(195.71509130201113, 646.6152085710131)","(821.8162246644782, 149.12466468486667)"
2603.0,"(1058.0918684156482, 650.9073371102397)","(195.53151584550108, 646.582132528158)","(822.0510305182106, 149.21049131857092)"
2604.0,"(1058.1217526463147, 650.659129671275)","(195.34885826627357, 646.5492218655172)","(822.285836371943, 149.29631795227516)"
2605.0,"(1058.1516368769812, 650.4109222323102)","(195.1671139749422, 646.5164757561896)","(822.5206422256754, 149.3821445859794)"
2606.0,"(1058.1815211076478, 650.1627147933455)","(194.98627840506748, 646.4838933774087)","(822.7554480794078, 149.46797121968365)"
2607.0,"(1058.2114053383143, 649.9145073543807)","(194.80634701304214, 646.4514739105216)","(822.9902539331401, 149.5537978533879)"
2608.0,"(1058.2412895689808, 649.666299915416)","(194.62731527797692, 646.419216540969)","(823.2250597868725, 149.63962448709214)"
2609.0,"(1058.2711737996474, 649.4180924764512)","(194.44917870158704, 646.3871204582642)","(823.4598656406049, 149.72545112079638)"
2610.0,"(1058.301058030314, 649.1698850374864)","(194.2719328080791, 646.3551848559729)","(823.6946714943373, 149.81127775450062)"
2611.0,"(1058.3309422609805, 648.9216775985217)","(194.0955731440387, 646.323408931693)","(823.9294773480697, 149.89710438820487)"
2612.0,"(1058.360826491647, 648.6734701595569)","(193.9200952783185, 646.2917918870346)","(824.164283201802, 149.9829310219091)"
2613.0,"(1058.3907107223135, 648.4252627205922)","(193.74549480192692, 646.2603329275994)","(824.3990890555344, 150.06875765561335)"
2614.0,"(1058.42059495298, 648.1770552816274)","(193.57176732791729, 646.2290312629614)","(824.6338949092668, 150.1545842893176)"
2615.0,"(1058.4504791836466, 647.9288478426627)","(193.3989084912777, 646.1978861066466)","(824.8687007629992, 150.24041092302184)"
2616.0,"(1058.4803634143132, 647.6806404036979)","(193.2269139488213, 646.1668966761133)","(825.1035066167316, 150.32623755672608)"
2617.0,"(1058.5102476449797, 647.4324329647332)","(193.0557793790772, 646.1360621927328)","(825.338312470464, 150.41206419043033)"
2618.0,"(1058.5401318756462, 647.1842255257684)","(192.8855004821818, 646.1053818817691)","(825.5731183241963, 150.49789082413457)"
2619.0,"(1058.5700161063128, 646.9360180868036)","(192.7160729797709, 646.0748549723602)","(825.8079241779287, 150.58371745783882)"
2620.0,"(1058.5999003369793, 646.6878106478389)","(192.54749261487206, 646.0444806974983)","(826.0427300316611, 150.66954409154306)"
2621.0,"(1058.6297845676459, 646.4396032088741)","(192.3797551517977, 646.0142582940108)","(826.2775358853935, 150.7553707252473)"
2622.0,"(1058.6596687983124, 646.1913957699094)","(192.2128563760387, 645.9841870025407)","(826.5123417391259, 150.84119735895155)"
2623.0,"(1058.689553028979, 645.9431883309446)","(192.04679209415852, 645.954266067528)","(826.7471475928583, 150.9270239926558)"
2624.0,"(1058.7194372596455, 645.6949808919799)","(191.88155813368772, 645.9244947371903)","(826.9819534465906, 151.01285062636003)"
2625.0,"(1058.749321490312, 645.4467734530151)","(191.71715034301928, 645.8948722635043)","(827.216759300323, 151.09867726006428)"
2626.0,"(1058.7792057209786, 645.1985660140504)","(191.5535645913042, 645.8653979021868)","(827.4515651540554, 151.18450389376852)"
2627.0,"(1058.809089951645, 644.9503585750856)","(191.39079676834768, 645.836070912676)","(827.6863710077878, 151.27033052747277)"
2628.0,"(1058.8389741823116, 644.7021511361208)","(191.22884278450596, 645.8068905581126)","(827.9211768615202, 151.356157161177)"
2629.0,"(1058.8688584129782, 644.4539436971561)","(191.06769857058342, 645.777856105322)","(828.1559827152525, 151.44198379488125)"
2630.0,"(1058.8987426436447, 644.2057362581913)","(190.9073600777305, 645.7489668247954)","(828.3907885689849, 151.5278104285855)"
2631.0,"(1058.9286268743112, 643.9575288192266)","(190.74782327734184, 645.7202219906715)","(828.6255944227173, 151.61363706228974)"
2632.0,"(1058.9585111049778, 643.7093213802618)","(190.58908416095514, 645.6916208807181)","(828.8604002764497, 151.69946369599398)"
2633.0,"(1058.9883953356443, 643.4611139412971)","(190.43113874015037, 645.6631627763145)","(829.0952061301821, 151.78529032969823)"
2634.0,"(1059.0182795663109, 643.2129065023323)","(190.27398304644962, 645.6348469624329)","(829.3300119839145, 151.87111696340247)"
2635.0,"(1059.0481637969774, 642.9646990633676)","(190.11761313121735, 645.6066727276208)","(829.5648178376468, 151.95694359710672)"
2636.0,"(1059.078048027644, 642.7164916244028)","(189.96202506556128, 645.5786393639827)","(829.7996236913792, 152.04277023081096)"
2637.0,"(1059.1079322583105, 642.468284185438)","(189.80721494023348, 645.5507461671627)","(830.0344295451116, 152.1285968645152)"
2638.0,"(1059.137816488977, 642.2200767464733)","(189.6531788655323, 645.522992436327)","(830.269235398844, 152.21442349821945)"
2639.0,"(1059.1677007196436, 641.9718693075085)","(189.49991297120465, 645.4953774741454)","(830.5040412525764, 152.3002501319237)"
2640.0,"(1059.19758495031, 641.7236618685438)","(189.34741340634864, 645.4679005867746)","(830.7388471063088, 152.38607676562793)"
2641.0,"(1059.2274691809766, 641.475454429579)","(189.1956763393169, 645.4405610838407)","(830.9736529600411, 152.47190339933218)"
2642.0,"(1059.2573534116432, 641.2272469906143)","(189.04469795762031, 645.4133582784216)","(831.2084588137735, 152.55773003303642)"
2643.0,"(1059.2872376423097, 640.9790395516495)","(188.89447446783223, 645.3862914870294)","(831.4432646675059, 152.64355666674066)"
2644.0,"(1059.3171218729763, 640.7308321126848)","(188.74500209549308, 645.3593600295943)","(831.6780705212383, 152.7293833004449)"
2645.0,"(1059.3470061036428, 640.48262467372)","(188.5962770850156, 645.3325632294464)","(831.9128763749707, 152.81520993414915)"
2646.0,"(1059.3768903343093, 640.2344172347553)","(188.44829569959052, 645.3059004132991)","(832.147682228703, 152.9010365678534)"
2647.0,"(1059.4067745649759, 639.9862097957905)","(188.30105422109256, 645.2793709112326)","(832.3824880824354, 152.98686320155764)"
2648.0,"(1059.4366587956424, 639.7380023568257)","(188.1545489499871, 645.2529740566764)","(832.6172939361678, 153.07268983526188)"
2649.0,"(1059.466543026309, 639.489794917861)","(188.00877620523715, 645.226709186393)","(832.8520997899002, 153.15851646896613)"
2650.0,"(1059.4964272569755, 639.2415874788962)","(187.86373232421096, 645.200575640461)","(833.0869056436326, 153.24434310267037)"
2651.0,"(1059.526311487642, 638.9933800399315)","(187.71941366258991, 645.1745727622587)","(833.321711497365, 153.33016973637461)"
2652.0,"(1059.5561957183086, 638.7451726009667)","(187.57581659427697, 645.1486998984474)","(833.5565173510973, 153.41599637007886)"
2653.0,"(1059.586079948975, 638.496965162002)","(187.4329375113056, 645.1229563989551)","(833.7913232048297, 153.5018230037831)"
2654.0,"(1059.6159641796417, 638.2487577230372)","(187.29077282374908, 645.0973416169603)","(834.0261290585621, 153.58764963748735)"
2655.0,"(1059.6458484103082, 638.0005502840725)","(187.14931895963034, 645.0718549088755)","(834.2609349122945, 153.6734762711916)"
2656.0,"(1059.6757326409747, 637.7523428451077)","(187.0085723648322, 645.0464956343311)","(834.4957407660269, 153.75930290489583)"
2657.0,"(1059.7056168716413, 637.504135406143)","(186.86852950300803, 645.0212631561594)","(834.7305466197593, 153.84512953860008)"
2658.0,"(1059.7355011023078, 637.2559279671782)","(186.729186855493, 644.9961568403786)","(834.9653524734916, 153.93095617230432)"
2659.0,"(1059.7653853329743, 637.0077205282134)","(186.59054092121553, 644.9711760561767)","(835.200158327224, 154.01678280600856)"
2660.0,"(1059.7952695636409, 636.7595130892487)","(186.45258821660946, 644.9463201758957)","(835.4349641809564, 154.1026094397128)"
2661.0,"(1059.8251537943074, 636.5113056502839)","(186.31532527552642, 644.9215885750162)","(835.6697700346888, 154.18843607341705)"
2662.0,"(1059.855038024974, 636.2630982113192)","(186.1787486491488, 644.8969806321412)","(835.9045758884212, 154.2742627071213)"
2663.0,"(1059.8849222556405, 636.0148907723544)","(186.04285490590306, 644.8724957289805)","(836.1393817421535, 154.36008934082554)"
2664.0,"(1059.914806486307, 635.7666833333897)","(185.90764063137354, 644.8481332503356)","(836.3741875958859, 154.44591597452978)"
2665.0,"(1059.9446907169736, 635.5184758944249)","(185.77310242821667, 644.823892584084)","(836.6089934496183, 154.53174260823403)"
2666.0,"(1059.9745749476401, 635.2702684554602)","(185.6392369160756, 644.7997731211635)","(836.8437993033507, 154.61756924193827)"
2667.0,"(1060.0044591783067, 635.0220610164954)","(185.5060407314952, 644.7757742555577)","(837.0786051570831, 154.7033958756425)"
2668.0,"(1060.0343434089732, 634.7738535775306)","(185.37351052783774, 644.7518953842799)","(837.3134110108155, 154.78922250934676)"
2669.0,"(1060.0642276396397, 634.5256461385659)","(185.24164297519854, 644.7281359073585)","(837.5482168645478, 154.875049143051)"
2670.0,"(1060.0941118703063, 634.2774386996011)","(185.11043476032256, 644.7044952278217)","(837.7830227182802, 154.96087577675524)"
2671.0,"(1060.1239961009728, 634.0292312606364)","(184.97988258652094, 644.6809727516826)","(838.0178285720126, 155.0467024104595)"
2672.0,"(1060.1538803316394, 633.7810238216716)","(184.84998317358833, 644.6575678879242)","(838.252634425745, 155.13252904416373)"
2673.0,"(1060.183764562306, 633.5328163827069)","(184.72073325772038, 644.6342800484846)","(838.4874402794774, 155.21835567786798)"
2674.0,"(1060.2136487929724, 633.2846089437421)","(184.59212959143179, 644.6111086482422)","(838.7222461332098, 155.30418231157222)"
2675.0,"(1060.243533023639, 633.0364015047774)","(184.46416894347462, 644.588053105001)","(838.9570519869421, 155.39000894527646)"
2676.0,"(1060.2734172543055, 632.7881940658126)","(184.33684809875726, 644.565112839476)","(839.1918578406745, 155.4758355789807)"
2677.0,"(1060.303301484972, 632.5399866268478)","(184.21016385826348, 644.5422872752786)","(839.4266636944069, 155.56166221268495)"
2678.0,"(1060.3331857156386, 632.2917791878831)","(184.08411303897216, 644.5195758389021)","(839.6614695481393, 155.6474888463892)"
2679.0,"(1060.3630699463051, 632.0435717489183)","(183.9586924737773, 644.4969779597076)","(839.8962754018717, 155.73331548009344)"
2680.0,"(1060.3929541769717, 631.7953643099536)","(183.8338990114084, 644.474493069909)","(840.131081255604, 155.81914211379768)"
2681.0,"(1060.4228384076382, 631.5471568709888)","(183.70972951635136, 644.4521206045595)","(840.3658871093364, 155.90496874750193)"
2682.0,"(1060.4527226383047, 631.2989494320241)","(183.5861808687696, 644.4298600015367)","(840.6006929630688, 155.99079538120617)"
2683.0,"(1060.4826068689713, 631.0507419930593)","(183.46324996442573, 644.407710701529)","(840.8354988168012, 156.0766220149104)"
2684.0,"(1060.5124910996378, 630.8025345540946)","(183.3409337146036, 644.3856721480214)","(841.0703046705336, 156.16244864861466)"
2685.0,"(1060.5423753303044, 630.5543271151298)","(183.2192290460306, 644.3637437872812)","(841.305110524266, 156.2482752823189)"
2686.0,"(1060.572259560971, 630.306119676165)","(183.09813290080044, 644.3419250683448)","(841.5399163779983, 156.33410191602314)"
2687.0,"(1060.6021437916374, 630.0579122372003)","(182.97764223629645, 644.3202154430031)","(841.7747222317307, 156.4199285497274)"
2688.0,"(1060.632028022304, 629.8097047982355)","(182.85775402511496, 644.2986143657881)","(842.0095280854631, 156.50575518343163)"
2689.0,"(1060.6619122529705, 629.5614973592708)","(182.7384652549894, 644.2771212939592)","(842.2443339391955, 156.59158181713588)"
2690.0,"(1060.691796483637, 629.313289920306)","(182.61977292871444, 644.2557356874894)","(842.4791397929279, 156.67740845084012)"
2691.0,"(1060.7216807143036, 629.0650824813413)","(182.50167406407087, 644.234457009052)","(842.7139456466602, 156.76323508454436)"
2692.0,"(1060.7515649449701, 628.8168750423765)","(182.3841656937505, 644.2132847240067)","(842.9487515003926, 156.8490617182486)"
2693.0,"(1060.7814491756367, 628.5686676034118)","(182.26724486528175, 644.1922183003867)","(843.183557354125, 156.93488835195285)"
2694.0,"(1060.8113334063032, 628.320460164447)","(182.15090864095535, 644.1712572088848)","(843.4183632078574, 157.0207149856571)"
2695.0,"(1060.8412176369698, 628.0722527254823)","(182.03515409775056, 644.1504009228403)","(843.6531690615898, 157.10654161936134)"
2696.0,"(1060.8711018676363, 627.8240452865175)","(181.91997832726182, 644.129648918226)","(843.8879749153222, 157.19236825306558)"
2697.0,"(1060.9009860983028, 627.5758378475527)","(181.8053784356255, 644.1090006736349)","(844.1227807690545, 157.27819488676982)"
2698.0,"(1060.9308703289694, 627.327630408588)","(181.69135154344738, 644.0884556702667)","(844.3575866227869, 157.36402152047407)"
2699.0,"(1060.960754559636, 627.0794229696232)","(181.57789478573014, 644.0680133919154)","(844.5923924765193, 157.4498481541783)"
2700.0,"(1060.9906387903025, 626.8312155306585)","(181.4650053118015, 644.0476733249559)","(844.8271983302517, 157.53567478788256)"
2701.0,"(1061.020523020969, 626.5830080916937)","(181.35268028524249, 644.0274349583311)","(845.0620041839841, 157.6215014215868)"
2702.0,"(1061.0504072516355, 626.334800652729)","(181.24091688381628, 644.0072977835395)","(845.2968100377165, 157.70732805529104)"
2703.0,"(1061.080291482302, 626.0865932137642)","(181.1297122993972, 643.9872612946217)","(845.5316158914488, 157.7931546889953)"
2704.0,"(1061.1101757129686, 625.8383857747995)","(181.0190637379002, 643.9673249881486)","(845.7664217451812, 157.87898132269953)"
2705.0,"(1061.1400599436352, 625.5901783358347)","(180.9089684192107, 643.9474883632079)","(846.0012275989136, 157.96480795640377)"
2706.0,"(1061.1699441743017, 625.34197089687)","(180.79942357711465, 643.9277509213919)","(846.236033452646, 158.05063459010802)"
2707.0,"(1061.1998284049682, 625.0937634579052)","(180.6904264592291, 643.9081121667849)","(846.4708393063784, 158.13646122381226)"
2708.0,"(1061.2297126356348, 624.8455560189404)","(180.58197432693294, 643.888571605951)","(846.7056451601107, 158.2222878575165)"
2709.0,"(1061.2595968663013, 624.5973485799757)","(180.47406445529828, 643.8691287479213)","(846.9404510138431, 158.30811449122075)"
2710.0,"(1061.2894810969678, 624.3491411410109)","(180.36669413302178, 643.8497831041817)","(847.1752568675755, 158.393941124925)"
2711.0,"(1061.3193653276344, 624.1009337020462)","(180.25986066235666, 643.8305341886607)","(847.4100627213079, 158.47976775862924)"
2712.0,"(1061.349249558301, 623.8527262630814)","(180.1535613590449, 643.8113815177175)","(847.6448685750403, 158.56559439233348)"
2713.0,"(1061.3791337889675, 623.6045188241167)","(180.04779355224966, 643.7923246101288)","(847.8796744287727, 158.65142102603772)"
2714.0,"(1061.409018019634, 623.3563113851519)","(179.94255458448842, 643.7733629870781)","(848.114480282505, 158.73724765974197)"
2715.0,"(1061.4389022503005, 623.1081039461872)","(179.83784181156597, 643.7544961721428)","(848.3492861362374, 158.8230742934462)"
2716.0,"(1061.468786480967, 622.8598965072224)","(179.73365260250813, 643.7357236912821)","(848.5840919899698, 158.90890092715046)"
2717.0,"(1061.4986707116336, 622.6116890682576)","(179.6299843394956, 643.7170450728257)","(848.8188978437022, 158.9947275608547)"
2718.0,"(1061.5285549423002, 622.3634816292929)","(179.5268344177981, 643.6984598474615)","(849.0537036974346, 159.08055419455894)"
2719.0,"(1061.5584391729667, 622.1152741903281)","(179.42420024570913, 643.6799675482242)","(849.288509551167, 159.1663808282632)"
2720.0,"(1061.5883234036332, 621.8670667513634)","(179.3220792444806, 643.6615677104832)","(849.5233154048993, 159.25220746196743)"
2721.0,"(1061.6182076342998, 621.6188593123986)","(179.22046884825818, 643.6432598719307)","(849.7581212586317, 159.33803409567167)"
2722.0,"(1061.6480918649663, 621.3706518734339)","(179.11936650401688, 643.625043572571)","(849.9929271123641, 159.42386072937592)"
2723.0,"(1061.6779760956329, 621.1224444344691)","(179.01876967149678, 643.6069183547082)","(850.2277329660965, 159.50968736308016)"
2724.0,"(1061.7078603262994, 620.8742369955044)","(178.9186758231393, 643.5888837629346)","(850.4625388198289, 159.5955139967844)"
2725.0,"(1061.737744556966, 620.6260295565396)","(178.8190824440236, 643.57093934412)","(850.6973446735612, 159.68134063048865)"
2726.0,"(1061.7676287876325, 620.3778221175749)","(178.71998703180347, 643.5530846473994)","(850.9321505272936, 159.7671672641929)"
2727.0,"(1061.797513018299, 620.1296146786101)","(178.62138709664444, 643.5353192241623)","(851.166956381026, 159.85299389789714)"
2728.0,"(1061.8273972489656, 619.8814072396453)","(178.5232801611612, 643.5176426280415)","(851.4017622347584, 159.93882053160138)"
2729.0,"(1061.857281479632, 619.6331998006806)","(178.4256637603554, 643.5000544149012)","(851.6365680884908, 160.02464716530562)"
2730.0,"(1061.8871657102986, 619.3849923617158)","(178.32853544155364, 643.4825541428268)","(851.8713739422232, 160.11047379900987)"
2731.0,"(1061.9170499409652, 619.1367849227511)","(178.23189276434587, 643.4651413721126)","(852.1061797959555, 160.1963004327141)"
2732.0,"(1061.9469341716317, 618.8885774837863)","(178.13573330052415, 643.447815665252)","(852.3409856496879, 160.28212706641835)"
2733.0,"(1061.9768184022982, 618.6403700448216)","(178.04005463402154, 643.4305765869258)","(852.5757915034203, 160.3679537001226)"
2734.0,"(1062.0067026329648, 618.3921626058568)","(177.94485436085142, 643.4134237039912)","(852.8105973571527, 160.45378033382684)"
2735.0,"(1062.0365868636313, 618.143955166892)","(177.85013008904716, 643.3963565854712)","(853.0454032108851, 160.53960696753109)"
2736.0,"(1062.0664710942979, 617.8957477279273)","(177.7558794386019, 643.3793748025438)","(853.2802090646175, 160.62543360123533)"
2737.0,"(1062.0963553249644, 617.6475402889625)","(177.6621000414089, 643.3624779285311)","(853.5150149183498, 160.71126023493957)"
2738.0,"(1062.126239555631, 617.3993328499978)","(177.56878954120185, 643.3456655388885)","(853.7498207720822, 160.79708686864382)"
2739.0,"(1062.1561237862975, 617.151125411033)","(177.47594559349585, 643.3289372111941)","(853.9846266258146, 160.88291350234806)"
2740.0,"(1062.186008016964, 616.9029179720683)","(177.38356586552837, 643.3122925251381)","(854.219432479547, 160.9687401360523)"
2741.0,"(1062.2158922476306, 616.6547105331035)","(177.2916480362007, 643.2957310625125)","(854.4542383332794, 161.05456676975655)"
2742.0,"(1062.245776478297, 616.4065030941388)","(177.2001897960197, 643.2792524071999)","(854.6890441870117, 161.1403934034608)"
2743.0,"(1062.2756607089636, 616.158295655174)","(177.1091888470396, 643.2628561451639)","(854.9238500407441, 161.22622003716504)"
2744.0,"(1062.2260116798266, 616.1642095291782)","(177.0186429028044, 643.2465418644381)","(855.1586558944765, 161.31204667086928)"
2745.0,"(1062.1267136215522, 616.1760372771865)","(176.9285496882904, 643.230309155116)","(855.1086819292843, 161.31043335039095)"
2746.0,"(1062.0496755702175, 616.1430934707093)","(176.83890693984893, 643.2141576093404)","(855.0087339988999, 161.30720670943427)"
2747.0,"(1062.0000272410573, 616.1490132183052)","(176.7497124051497, 643.1980868212937)","(854.9571071336138, 161.31682820716574)"
2748.0,"(1061.900730582737, 616.160852713497)","(176.66096384312394, 643.1820963871872)","(854.953802413582, 161.33929378049777)"
2749.0,"(1061.7517855952563, 616.1786119562846)","(176.57265902390833, 643.1661859052513)","(854.998820918447, 161.37459936689726)"
2750.0,"(1061.5531922786154, 616.2022909466682)","(176.48479572878878, 643.150354975725)","(855.092163727739, 161.4227409028777)"
2751.0,"(1061.3049506328143, 616.2318896846476)","(176.39737175014483, 643.1346032008464)","(855.2338319212764, 161.48371432248976)"
2752.0,"(1061.0567089870133, 616.261488422627)","(176.3103848913941, 643.1189301848422)","(855.4238265795669, 161.55751555580767)"
2753.0,"(1060.8084673412122, 616.2910871606065)","(176.22383296693712, 643.103335533918)","(855.6586772918427, 161.6432193651956)"
2754.0,"(1060.5602256954112, 616.3206858985859)","(176.13771380210244, 643.0878188562484)","(855.8935280041184, 161.7289231745835)"
2755.0,"(1060.3119840496101, 616.3502846365653)","(176.05202523309194, 643.0723797619672)","(856.1283787163941, 161.81462698397144)"
2756.0,"(1060.063742403809, 616.3798833745448)","(175.9667651069265, 643.0570178631574)","(856.3632294286698, 161.90033079335936)"
2757.0,"(1059.815500758008, 616.4094821125242)","(175.88193128139184, 643.0417327738417)","(856.5980801409455, 161.98603460274728)"
2758.0,"(1059.567259112207, 616.4390808505036)","(175.79752162498488, 643.0265241099725)","(856.8329308532212, 162.0717384121352)"
2759.0,"(1059.319017466406, 616.468679588483)","(175.71353401685997, 643.0113914894226)","(857.067781565497, 162.15744222152313)"
2760.0,"(1059.070775820605, 616.4982783264625)","(175.62996634677566, 642.9963345319755)","(857.3026322777727, 162.24314603091105)"
2761.0,"(1058.8225341748039, 616.5278770644419)","(175.54681651504177, 642.9813528593156)","(857.5374829900484, 162.32884984029897)"
2762.0,"(1058.5742925290028, 616.5574758024213)","(175.46408243246657, 642.966446095019)","(857.7723337023241, 162.4145536496869)"
2763.0,"(1058.3260508832018, 616.5870745404007)","(175.38176202030422, 642.9516138645439)","(858.0071844145998, 162.50025745907482)"
2764.0,"(1058.0778092374007, 616.6166732783802)","(175.2998532102027, 642.9368557952212)","(858.2420351268755, 162.58596126846274)"
2765.0,"(1057.8295675915997, 616.6462720163596)","(175.2183539441517, 642.922171516245)","(858.4768858391512, 162.67166507785066)"
2766.0,"(1057.5813259457987, 616.675870754339)","(175.13726217443093, 642.9075606586638)","(858.711736551427, 162.75736888723858)"
2767.0,"(1057.3330842999976, 616.7054694923185)","(175.05657586355878, 642.8930228553704)","(858.9465872637027, 162.8430726966265)"
2768.0,"(1057.0848426541966, 616.7350682302979)","(174.97629298424098, 642.8785577410936)","(859.1814379759784, 162.92877650601443)"
2769.0,"(1056.8366010083955, 616.7646669682773)","(174.89641151931977, 642.8641649523881)","(859.4162886882541, 163.01448031540235)"
2770.0,"(1056.5883593625945, 616.7942657062567)","(174.81692946172316, 642.8498441276262)","(859.6511394005298, 163.10018412479027)"
2771.0,"(1056.3401177167934, 616.8238644442362)","(174.73784481441456, 642.835594906988)","(859.8859901128055, 163.1858879341782)"
2772.0,"(1056.0918760709924, 616.8534631822156)","(174.6591555903425, 642.8214169324531)","(860.1208408250812, 163.27159174356612)"
2773.0,"(1055.8436344251913, 616.883061920195)","(174.58085981239077, 642.8073098477909)","(860.355691537357, 163.35729555295404)"
2774.0,"(1055.5953927793903, 616.9126606581744)","(174.50295551332883, 642.7932732985519)","(860.5905422496327, 163.44299936234196)"
2775.0,"(1055.3471511335893, 616.9422593961539)","(174.42544073576218, 642.7793069320591)","(860.8253929619084, 163.5287031717299)"
2776.0,"(1055.0989094877882, 616.9718581341333)","(174.34831353208338, 642.7654103973988)","(861.0602436741841, 163.6144069811178)"
2777.0,"(1054.8506678419872, 617.0014568721127)","(174.27157196442298, 642.7515833454117)","(861.2950943864598, 163.70011079050573)"
2778.0,"(1054.6024261961861, 617.0310556100922)","(174.19521410460086, 642.7378254286847)","(861.5299450987355, 163.78581459989365)"
2779.0,"(1054.354184550385, 617.0606543480716)","(174.11923803407785, 642.7241363015413)","(861.7647958110113, 163.87151840928158)"
2780.0,"(1054.105942904584, 617.090253086051)","(174.04364184390747, 642.7105156200336)","(861.999646523287, 163.9572222186695)"
2781.0,"(1053.857701258783, 617.1198518240304)","(173.96842363468792, 642.6969630419334)","(862.2344972355627, 164.04292602805742)"
2782.0,"(1053.609459612982, 617.1494505620099)","(173.89358151651447, 642.6834782267237)","(862.4693479478384, 164.12862983744535)"
2783.0,"(1053.361217967181, 617.1790492999893)","(173.8191136089319, 642.67006083559)","(862.7041986601141, 164.21433364683327)"
2784.0,"(1053.1129763213798, 617.2086480379687)","(173.74501804088723, 642.656710531412)","(862.9390493723898, 164.3000374562212)"
2785.0,"(1052.8647346755788, 617.2382467759481)","(173.67129295068278, 642.643426978755)","(863.1739000846655, 164.3857412656091)"
2786.0,"(1052.6164930297778, 617.2678455139276)","(173.59793648592938, 642.6302098438612)","(863.4087507969413, 164.47144507499704)"
2787.0,"(1052.3682513839767, 617.297444251907)","(173.52494680349974, 642.6170587946418)","(863.643601509217, 164.55714888438496)"
2788.0,"(1052.1200097381757, 617.3270429898864)","(173.45232206948225, 642.6039735006686)","(863.8784522214927, 164.64285269377288)"
2789.0,"(1051.8717680923746, 617.3566417278658)","(173.38006045913482, 642.5909536331653)","(864.1133029337684, 164.7285565031608)"
2790.0,"(1051.6235264465736, 617.3862404658453)","(173.30816015683916, 642.5779988649995)","(864.3481536460441, 164.81426031254873)"
2791.0,"(1051.3752848007725, 617.4158392038247)","(173.23661935605497, 642.5651088706745)","(864.5830043583198, 164.89996412193665)"
2792.0,"(1051.1270431549715, 617.4454379418041)","(173.16543625927468, 642.5522833263211)","(864.8178550705956, 164.98566793132457)"
2793.0,"(1050.8788015091704, 617.4750366797836)","(173.0946090779783, 642.5395219096895)","(865.0527057828713, 165.0713717407125)"
2794.0,"(1050.6305598633694, 617.504635417763)","(173.02413603258842, 642.526824300141)","(865.287556495147, 165.15707555010042)"
2795.0,"(1050.3823182175684, 617.5342341557424)","(172.95401535242547, 642.5141901786403)","(865.5224072074227, 165.24277935948834)"
2796.0,"(1050.1340765717673, 617.5638328937218)","(172.88424527566335, 642.5016192277471)","(865.7572579196984, 165.32848316887626)"
2797.0,"(1049.8858349259663, 617.5934316317013)","(172.81482404928502, 642.4891111316084)","(865.9921086319741, 165.41418697826418)"
2798.0,"(1049.6375932801652, 617.6230303696807)","(172.7457499290386, 642.4766655759504)","(866.2269593442498, 165.4998907876521)"
2799.0,"(1049.3893516343642, 617.6526291076601)","(172.6770211793934, 642.4642822480706)","(866.4618100565256, 165.58559459704003)"
2800.0,"(1049.1411099885631, 617.6822278456395)","(172.60863607349643, 642.4519608368303)","(866.6966607688013, 165.67129840642795)"
2801.0,"(1048.892868342762, 617.711826583619)","(172.54059289312895, 642.4397010326461)","(866.931511481077, 165.75700221581587)"
2802.0,"(1048.644626696961, 617.7414253215984)","(172.4728899286633, 642.4275025274828)","(867.1663621933527, 165.8427060252038)"
2803.0,"(1048.39638505116, 617.7710240595778)","(172.40552547901999, 642.4153650148454)","(867.4012129056284, 165.92840983459172)"
2804.0,"(1048.148143405359, 617.8006227975573)","(172.33849785162488, 642.4032881897712)","(867.6360636179041, 166.01411364397964)"
2805.0,"(1047.899901759558, 617.8302215355367)","(172.27180536236676, 642.3912717488223)","(867.8709143301799, 166.09981745336756)"
2806.0,"(1047.6516601137569, 617.8598202735161)","(172.20544633555494, 642.3793153900782)","(868.1057650424556, 166.1855212627555)"
2807.0,"(1047.4034184679558, 617.8894190114955)","(172.13941910387717, 642.3674188131279)","(868.3406157547313, 166.2712250721434)"
2808.0,"(1047.1551768221548, 617.919017749475)","(172.07372200835778, 642.3555817190622)","(868.575466467007, 166.35692888153133)"
2809.0,"(1046.9069351763537, 617.9486164874544)","(172.008353398316, 642.343803810467)","(868.8103171792827, 166.44263269091925)"
2810.0,"(1046.6586935305527, 617.9782152254338)","(171.9433116313244, 642.3320847914147)","(869.0451678915584, 166.52833650030718)"
2811.0,"(1046.4104518847516, 618.0078139634132)","(171.8785950731678, 642.3204243674576)","(869.2800186038342, 166.6140403096951)"
2812.0,"(1046.1622102389506, 618.0374127013927)","(171.81420209780194, 642.3088222456203)","(869.5148693161099, 166.69974411908302)"
2813.0,"(1045.9139685931495, 618.0670114393721)","(171.75013108731292, 642.2972781343922)","(869.7497200283856, 166.78544792847094)"
2814.0,"(1045.6657269473485, 618.0966101773515)","(171.68638043187636, 642.2857917437202)","(869.9845707406613, 166.87115173785887)"
2815.0,"(1045.4174853015475, 618.126208915331)","(171.62294852971698, 642.2743627850016)","(870.219421452937, 166.9568555472468)"
2816.0,"(1045.1692436557464, 618.1558076533104)","(171.55983378706838, 642.2629909710765)","(870.4542721652127, 167.0425593566347)"
2817.0,"(1044.9210020099454, 618.1854063912898)","(171.49703461813306, 642.2516760162212)","(870.6891228774884, 167.12826316602263)"
2818.0,"(1044.6727603641443, 618.2150051292692)","(171.4345494450424, 642.24041763614)","(870.9239735897642, 167.21396697541056)"
2819.0,"(1044.4245187183433, 618.2446038672487)","(171.37237669781717, 642.2292155479594)","(871.1588243020399, 167.29967078479848)"
2820.0,"(1044.1762770725422, 618.2742026052281)","(171.3105148143281, 642.2180694702196)","(871.3936750143156, 167.3853745941864)"
2821.0,"(1043.9280354267412, 618.3038013432075)","(171.24896224025645, 642.2069791228685)","(871.6285257265913, 167.47107840357432)"
2822.0,"(1043.6797937809401, 618.3334000811869)","(171.18771742905517, 642.1959442272541)","(871.863376438867, 167.55678221296225)"
2823.0,"(1043.431552135139, 618.3629988191664)","(171.1267788419099, 642.1849645061178)","(872.0982271511427, 167.64248602235017)"
2824.0,"(1043.183310489338, 618.3925975571458)","(171.06614494770034, 642.1740396835872)","(872.3330778634185, 167.7281898317381)"
2825.0,"(1042.935068843537, 618.4221962951252)","(171.00581422296185, 642.1631694851693)","(872.5679285756942, 167.81389364112601)"
2826.0,"(1042.686827197736, 618.4517950331046)","(170.94578515184705, 642.1523536377434)","(872.8027792879699, 167.89959745051394)"
2827.0,"(1042.438585551935, 618.4813937710841)","(170.88605622608782, 642.1415918695548)","(873.0376300002456, 167.98530125990186)"
2828.0,"(1042.1903439061339, 618.5109925090635)","(170.82662594495739, 642.130883910207)","(873.2724807125213, 168.07100506928978)"
2829.0,"(1041.9421022603328, 618.5405912470429)","(170.7674928152326, 642.1202294906559)","(873.507331424797, 168.1567088786777)"
2830.0,"(1041.6938606145318, 618.5701899850224)","(170.70865535115644, 642.1096283432026)","(873.7421821370727, 168.24241268806563)"
2831.0,"(1041.4456189687307, 618.5997887230018)","(170.65011207440065, 642.0990802014867)","(873.9770328493485, 168.32811649745355)"
2832.0,"(1041.1973773229297, 618.6293874609812)","(170.59186151402864, 642.0885848004792)","(874.2118835616242, 168.41382030684147)"
2833.0,"(1040.9491356771287, 618.6589861989606)","(170.5339022064585, 642.0781418764768)","(874.4467342738999, 168.4995241162294)"
2834.0,"(1040.7008940313276, 618.6885849369401)","(170.4762326954262, 642.0677511670945)","(874.6815849861756, 168.58522792561732)"
2835.0,"(1040.4526523855266, 618.7181836749195)","(170.4188515319491, 642.057412411259)","(874.9164356984513, 168.67093173500524)"
2836.0,"(1040.2044107397255, 618.7477824128989)","(170.36175727428935, 642.0471253492027)","(875.151286410727, 168.75663554439316)"
2837.0,"(1039.9561690939245, 618.7773811508783)","(170.3049484879179, 642.0368897224566)","(875.3861371230028, 168.84233935378109)"
2838.0,"(1039.7079274481234, 618.8069798888578)","(170.2484237454783, 642.0267052738443)","(875.6209878352785, 168.928043163169)"
2839.0,"(1039.4596858023224, 618.8365786268372)","(170.1921816267509, 642.016571747475)","(875.8558385475542, 169.01374697255693)"
2840.0,"(1039.2114441565213, 618.8661773648166)","(170.13622071861715, 642.0064888887376)","(876.0906892598299, 169.09945078194485)"
2841.0,"(1038.9632025107203, 618.895776102796)","(170.08053961502407, 641.9964564442939)","(876.3255399721056, 169.18515459133278)"
2842.0,"(1038.7149608649192, 618.9253748407755)","(170.02513691694895, 641.9864741620725)","(876.5603906843813, 169.2708584007207)"
2843.0,"(1038.4667192191182, 618.9549735787549)","(169.97001123236421, 641.9765417912621)","(876.795241396657, 169.35656221010862)"
2844.0,"(1038.2184775733172, 618.9845723167343)","(169.9151611762024, 641.9666590823058)","(877.0300921089328, 169.44226601949654)"
2845.0,"(1037.9702359275161, 619.0141710547138)","(169.8605853703214, 641.9568257868942)","(877.2649428212085, 169.52796982888447)"
2846.0,"(1037.721994281715, 619.0437697926932)","(169.80628244346977, 641.9470416579597)","(877.4997935334842, 169.6136736382724)"
2847.0,"(1037.473752635914, 619.0733685306726)","(169.75225103125243, 641.9373064496699)","(877.7346442457599, 169.6993774476603)"
2848.0,"(1037.225510990113, 619.102967268652)","(169.69848977609615, 641.9276199174216)","(877.9694949580356, 169.78508125704823)"
2849.0,"(1036.977269344312, 619.1325660066315)","(169.64499732721566, 641.9179818178344)","(878.2043456703113, 169.87078506643616)"
2850.0,"(1036.729027698511, 619.1621647446109)","(169.59177234057958, 641.9083919087452)","(878.439196382587, 169.95648887582408)"
2851.0,"(1036.4807860527098, 619.1917634825903)","(169.53881347887668, 641.8988499492015)","(878.6740470948628, 170.042192685212)"
2852.0,"(1036.2325444069088, 619.2213622205697)","(169.4861194114823, 641.8893556994555)","(878.9088978071385, 170.12789649459992)"
2853.0,"(1035.9843027611078, 619.2509609585492)","(169.43368881442487, 641.8799089209582)","(879.1437485194142, 170.21360030398785)"
2854.0,"(1035.7360611153067, 619.2805596965286)","(169.38152037035275, 641.8705093763534)","(879.3785992316899, 170.29930411337577)"
2855.0,"(1035.4878194695057, 619.310158434508)","(169.329612768501, 641.8611568294716)","(879.6134499439656, 170.3850079227637)"
2856.0,"(1035.2395778237046, 619.3397571724875)","(169.2779647046585, 641.8518510453242)","(879.8483006562413, 170.4707117321516)"
2857.0,"(1034.9913361779036, 619.3693559104669)","(169.2265748811352, 641.8425917900976)","(880.0831513685171, 170.55641554153954)"
2858.0,"(1034.7430945321025, 619.3989546484463)","(169.17544200672953, 641.8333788311471)","(880.3180020807928, 170.64211935092746)"
2859.0,"(1034.4948528863015, 619.4285533864257)","(169.12456479669586, 641.8242119369913)","(880.5528527930685, 170.72782316031538)"
2860.0,"(1034.2466112405004, 619.4581521244052)","(169.0739419727124, 641.8150908773064)","(880.7877035053442, 170.8135269697033)"
2861.0,"(1033.9983695946994, 619.4877508623846)","(169.02357226284883, 641.8060154229198)","(881.0225542176199, 170.89923077909123)"
2862.0,"(1033.7501279488984, 619.517349600364)","(168.97345440153458, 641.7969853458052)","(881.2574049298956, 170.98493458847915)"
2863.0,"(1033.5018863030973, 619.5469483383434)","(168.9235871295269, 641.7880004190762)","(881.4922556421714, 171.07063839786707)"
2864.0,"(1033.2536446572963, 619.5765470763229)","(168.87396919387928, 641.7790604169808)","(881.7271063544471, 171.156342207255)"
2865.0,"(1033.0054030114952, 619.6061458143023)","(168.82459934790987, 641.7701651148959)","(881.9619570667228, 171.24204601664292)"
2866.0,"(1032.7571613656942, 619.6357445522817)","(168.7754763511703, 641.7613142893215)","(882.1968077789985, 171.32774982603084)"
2867.0,"(1032.5089197198931, 619.6653432902611)","(168.72659896941445, 641.7525077178749)","(882.4316584912742, 171.41345363541876)"
2868.0,"(1032.260678074092, 619.6949420282406)","(168.67796597456737, 641.7437451792855)","(882.6665092035499, 171.49915744480668)"
2869.0,"(1032.012436428291, 619.72454076622)","(168.62957614469454, 641.7350264533891)","(882.9013599158257, 171.5848612541946)"
2870.0,"(1031.76419478249, 619.7541395041994)","(168.58142826397108, 641.7263513211221)","(883.1362106281014, 171.67056506358253)"
2871.0,"(1031.515953136689, 619.7837382421789)","(168.53352112265122, 641.7177195645165)","(883.3710613403771, 171.75626887297045)"
2872.0,"(1031.267711490888, 619.8133369801583)","(168.48585351703798, 641.7091309666939)","(883.6059120526528, 171.84197268235837)"
2873.0,"(1031.0194698450869, 619.8429357181377)","(168.4384242494528, 641.7005853118604)","(883.8407627649285, 171.9276764917463)"
2874.0,"(1030.7712281992858, 619.8725344561171)","(168.39123212820553, 641.6920823853011)","(884.0756134772042, 172.01338030113422)"
2875.0,"(1030.5229865534848, 619.9021331940966)","(168.3442759675645, 641.6836219733746)","(884.31046418948, 172.09908411052214)"
2876.0,"(1030.2747449076837, 619.931731932076)","(168.29755458772667, 641.6752038635077)","(884.5453149017557, 172.18478791991006)"
2877.0,"(1030.0265032618827, 619.9613306700554)","(168.25106681478803, 641.6668278441902)","(884.7801656140314, 172.270491729298)"
2878.0,"(1029.7782616160816, 619.9909294080348)","(168.20481148071408, 641.6584937049691)","(885.0150163263071, 172.3561955386859)"
2879.0,"(1029.5300199702806, 620.0205281460143)","(168.1587874233105, 641.6502012364443)","(885.2498670385828, 172.44189934807383)"
2880.0,"(1029.2817783244795, 620.0501268839937)","(168.11299348619397, 641.6419502302621)","(885.4847177508585, 172.52760315746175)"
2881.0,"(1029.0335366786785, 620.0797256219731)","(168.067428518763, 641.6337404791108)","(885.7195684631342, 172.61330696684968)"
2882.0,"(1028.7852950328775, 620.1093243599526)","(168.0220913761692, 641.6255717767152)","(885.95441917541, 172.6990107762376)"
2883.0,"(1028.5370533870764, 620.138923097932)","(167.97698091928834, 641.6174439178317)","(886.1892698876857, 172.78471458562552)"
2884.0,"(1028.2888117412754, 620.1685218359114)","(167.9320960146919, 641.6093566982426)","(886.4241205999614, 172.87041839501344)"
2885.0,"(1028.0405700954743, 620.1981205738908)","(167.88743553461845, 641.6013099147514)","(886.6589713122371, 172.95612220440137)"
2886.0,"(1027.7923284496733, 620.2277193118703)","(167.84299835694534, 641.5933033651776)","(886.8938220245128, 173.0418260137893)"
2887.0,"(1027.5440868038722, 620.2573180498497)","(167.79878336516063, 641.5853368483517)","(887.1286727367885, 173.1275298231772)"
2888.0,"(1027.2958451580712, 620.2869167878291)","(167.75478944833483, 641.57741016411)","(887.3635234490642, 173.21323363256514)"
2889.0,"(1027.0476035122701, 620.3165155258085)","(167.71101550109316, 641.5695231132895)","(887.59837416134, 173.29893744195306)"
2890.0,"(1026.799361866469, 620.346114263788)","(167.6674604235877, 641.5616754977231)","(887.8332248736157, 173.38464125134098)"
2891.0,"(1026.551120220668, 620.3757130017674)","(167.62412312146975, 641.5538671202345)","(888.0680755858914, 173.4703450607289)"
2892.0,"(1026.302878574867, 620.4053117397468)","(167.58100250586241, 641.5460977846333)","(888.3029262981671, 173.55604887011683)"
2893.0,"(1026.054636929066, 620.4349104777262)","(167.5380974933331, 641.5383672957101)","(888.5377770104428, 173.64175267950475)"
2894.0,"(1025.806395283265, 620.4645092157057)","(167.49540700586644, 641.5306754592316)","(888.7726277227185, 173.72745648889267)"
2895.0,"(1025.5581536374639, 620.4941079536851)","(167.45292997083712, 641.5230220819354)","(889.0074784349943, 173.8131602982806)"
2896.0,"(1025.3099119916628, 620.5237066916645)","(167.41066532098293, 641.5154069715257)","(889.24232914727, 173.89886410766852)"
2897.0,"(1025.0616703458618, 620.553305429644)","(167.36861199437803, 641.5078299366681)","(889.4771798595457, 173.98456791705644)"
2898.0,"(1024.8134287000607, 620.5829041676234)","(167.32676893440615, 641.5002907869848)","(889.7120305718214, 174.07027172644436)"
2899.0,"(1024.5651870542597, 620.6125029056028)","(167.28513508973413, 641.4927893330499)","(889.9468812840971, 174.15597553583228)"
2900.0,"(1024.3169454084587, 620.6421016435822)","(167.24370941428546, 641.4853253863847)","(890.1817319963728, 174.2416793452202)"
2901.0,"(1024.0687037626576, 620.6717003815617)","(167.20249086721404, 641.4778987594528)","(890.4165827086485, 174.32738315460813)"
2902.0,"(1023.8204621168566, 620.7012991195411)","(167.16147841287795, 641.4705092656556)","(890.6514334209243, 174.41308696399605)"
2903.0,"(1023.5722204710555, 620.7308978575205)","(167.12067102081357, 641.4631567193272)","(890.8862841332, 174.49879077338397)"
2904.0,"(1023.3239788252545, 620.7604965955)","(167.08006766570952, 641.4558409357306)","(891.1211348454757, 174.5844945827719)"
2905.0,"(1023.0757371794534, 620.7900953334794)","(167.03966732738098, 641.448561731052)","(891.3559855577514, 174.67019839215982)"
2906.0,"(1022.8274955336524, 620.8196940714588)","(166.99946899074408, 641.4413189223967)","(891.5908362700271, 174.75590220154774)"
2907.0,"(1022.5792538878513, 620.8492928094382)","(166.95947164579036, 641.4341123277848)","(891.8256869823028, 174.84160601093566)"
2908.0,"(1022.3310122420503, 620.8788915474177)","(166.9196742875614, 641.4269417661459)","(892.0605376945786, 174.9273098203236)"
2909.0,"(1022.0827705962492, 620.9084902853971)","(166.8800759161236, 641.4198070573152)","(892.2953884068543, 175.0130136297115)"
2910.0,"(1021.8345289504482, 620.9380890233765)","(166.84067553654296, 641.4127080220286)","(892.53023911913, 175.09871743909943)"
2911.0,"(1021.5862873046472, 620.9676877613559)","(166.80147215886024, 641.4056444819184)","(892.7650898314057, 175.18442124848735)"
2912.0,"(1021.3380456588461, 620.9972864993354)","(166.76246479806593, 641.3986162595088)","(892.9999405436814, 175.27012505787528)"
2913.0,"(1021.0898040130451, 621.0268852373148)","(166.7236524740756, 641.3916231782113)","(893.2347912559571, 175.3558288672632)"
2914.0,"(1020.841562367244, 621.0564839752942)","(166.68503421170522, 641.3846650623202)","(893.4696419682328, 175.44153267665112)"
2915.0,"(1020.593320721443, 621.0860827132736)","(166.6466090406467, 641.3777417370086)","(893.7044926805086, 175.52723648603904)"
2916.0,"(1020.3450790756419, 621.1156814512531)","(166.60837599544345, 641.3708530283235)","(893.9393433927843, 175.61294029542697)"
2917.0,"(1020.0968374298409, 621.1452801892325)","(166.57033411546624, 641.3639987631818)","(894.17419410506, 175.6986441048149)"
2918.0,"(1019.8485957840398, 621.1748789272119)","(166.5324824448889, 641.3571787693659)","(894.4090448173357, 175.7843479142028)"
2919.0,"(1019.6003541382388, 621.2044776651913)","(166.49482003266445, 641.350392875519)","(894.6438955296114, 175.87005172359073)"
2920.0,"(1019.3521124924378, 621.2340764031708)","(166.45734593250114, 641.3436409111414)","(894.8787462418871, 175.95575553297866)"
2921.0,"(1019.1038708466367, 621.2636751411502)","(166.42005920283864, 641.3369227065857)","(895.1135969541629, 176.04145934236658)"
2922.0,"(1018.8556292008357, 621.2932738791296)","(166.38295890682446, 641.3302380930528)","(895.3484476664386, 176.1271631517545)"
2923.0,"(1018.6073875550346, 621.322872617109)","(166.34604411229034, 641.3235869025875)","(895.5832983787143, 176.21286696114242)"
2924.0,"(1018.3591459092336, 621.3524713550885)","(166.3093138917289, 641.3169689680745)","(895.81814909099, 176.29857077053035)"
2925.0,"(1018.1109042634325, 621.3820700930679)","(166.27276732227025, 641.3103841232341)","(896.0529998032657, 176.38427457991827)"
2926.0,"(1017.8626626176315, 621.4116688310473)","(166.2364034856589, 641.303832202618)","(896.2878505155414, 176.4699783893062)"
2927.0,"(1017.6144209718304, 621.4412675690268)","(166.2002214682306, 641.2973130416049)","(896.5227012278172, 176.55568219869411)"
2928.0,"(1017.3661793260294, 621.4708663070062)","(166.16422036088946, 641.2908264763969)","(896.7575519400929, 176.64138600808204)"
2929.0,"(1017.1179376802284, 621.5004650449856)","(166.128399259085, 641.2843723440149)","(896.9924026523686, 176.72708981746996)"
2930.0,"(1016.8696960344273, 621.530063782965)","(166.09275726278958, 641.2779504822947)","(897.2272533646443, 176.81279362685788)"
2931.0,"(1016.6214543886263, 621.5596625209445)","(166.05729347647562, 641.2715607298833)","(897.46210407692, 176.8984974362458)"
2932.0,"(1016.3732127428252, 621.5892612589239)","(166.02200700909324, 641.2652029262339)","(897.6969547891957, 176.98420124563373)"
2933.0,"(1016.1249710970242, 621.6188599969033)","(165.98689697404777, 641.2588769116027)","(897.9318055014714, 177.06990505502165)"
2934.0,"(1015.8767294512231, 621.6484587348828)","(165.95196248917753, 641.2525825270446)","(898.1666562137472, 177.15560886440957)"
2935.0,"(1015.6284878054221, 621.6780574728622)","(165.91720267673165, 641.2463196144095)","(898.4015069260229, 177.2413126737975)"
2936.0,"(1015.380246159621, 621.7076562108416)","(165.882616663348, 641.2400880163374)","(898.6363576382986, 177.32701648318542)"
2937.0,"(1015.13200451382, 621.737254948821)","(165.84820358003125, 641.2338875762557)","(898.8712083505743, 177.41272029257334)"
2938.0,"(1014.883762868019, 621.7668536868005)","(165.8139625621311, 641.2277181383745)","(899.10605906285, 177.49842410196126)"
2939.0,"(1014.6355212222179, 621.7964524247799)","(165.77989274932045, 641.2215795476826)","(899.3409097751257, 177.58412791134919)"
2940.0,"(1014.3872795764169, 621.8260511627593)","(165.74599328557386, 641.2154716499442)","(899.5757604874015, 177.6698317207371)"
2941.0,"(1014.1390379306158, 621.8556499007387)","(165.712263319146, 641.2093942916945)","(899.8106111996772, 177.75553553012503)"
2942.0,"(1013.8907962848148, 621.8852486387182)","(165.67870200255027, 641.203347320236)","(900.0454619119529, 177.84123933951295)"
2943.0,"(1013.6425546390137, 621.9148473766976)","(165.6453084925375, 641.1973305836349)","(900.2803126242286, 177.92694314890088)"
2944.0,"(1013.3943129932127, 621.944446114677)","(165.6120819500748, 641.1913439307167)","(900.5151633365043, 178.0126469582888)"
2945.0,"(1013.1460713474116, 621.9740448526564)","(165.57902154032445, 641.1853872110631)","(900.75001404878, 178.09835076767672)"
2946.0,"(1012.8978297016106, 622.0036435906359)","(165.54612643262283, 641.1794602750078)","(900.9848647610557, 178.18405457706464)"
2947.0,"(1012.6495880558095, 622.0332423286153)","(165.5133958004597, 641.1735629736328)","(901.2197154733315, 178.26975838645257)"
2948.0,"(1012.4013464100085, 622.0628410665947)","(165.4808288214574, 641.1676951587647)","(901.4545661856072, 178.3554621958405)"
2949.0,"(1012.1531047642075, 622.0924398045742)","(165.44842467735012, 641.1618566829709)","(901.6894168978829, 178.4411660052284)"
2950.0,"(1011.9048631184064, 622.1220385425536)","(165.41618255396338, 641.1560473995561)","(901.9242676101586, 178.52686981461633)"
2951.0,"(1011.6566214726054, 622.151637280533)","(165.38410164119355, 641.1502671625583)","(902.1591183224343, 178.61257362400426)"
2952.0,"(1011.4083798268043, 622.1812360185124)","(165.3521811329876, 641.1445158267455)","(902.39396903471, 178.69827743339218)"
2953.0,"(1011.1601381810033, 622.2108347564919)","(165.32042022732267, 641.1387932476118)","(902.6288197469858, 178.7839812427801)"
2954.0,"(1010.9118965352022, 622.2404334944713)","(165.28881812618604, 641.1330992813738)","(902.8636704592615, 178.86968505216802)"
2955.0,"(1010.6636548894012, 622.2700322324507)","(165.2573740355551, 641.1274337849669)","(903.0985211715372, 178.95538886155595)"
2956.0,"(1010.4154132436001, 622.2996309704301)","(165.22608716537732, 641.121796616042)","(903.3333718838129, 179.04109267094387)"
2957.0,"(1010.1671715977991, 622.3292297084096)","(165.19495672955043, 641.1161876329618)","(903.5682225960886, 179.1267964803318)"
2958.0,"(1009.918929951998, 622.358828446389)","(165.16398194590266, 641.110606694797)","(903.8030733083643, 179.2125002897197)"
2959.0,"(1009.670688306197, 622.3884271843684)","(165.13316203617316, 641.1050536613229)","(904.03792402064, 179.29820409910764)"
2960.0,"(1009.422446660396, 622.4180259223479)","(165.1024962259923, 641.0995283930163)","(904.2727747329158, 179.38390790849556)"
2961.0,"(1009.1742050145949, 622.4476246603273)","(165.07198374486234, 641.0940307510512)","(904.5076254451915, 179.46961171788348)"
2962.0,"(1008.9259633687939, 622.4772233983067)","(165.04162382613802, 641.0885605972959)","(904.7424761574672, 179.5553155272714)"
2963.0,"(1008.6777217229928, 622.5068221362861)","(165.01141570700733, 641.0831177943094)","(904.9773268697429, 179.64101933665933)"
2964.0,"(1008.4294800771918, 622.5364208742656)","(164.9813586284723, 641.0777022053378)","(905.2121775820186, 179.72672314604725)"
2965.0,"(1008.1812384313907, 622.566019612245)","(164.95145183532992, 641.0723136943111)","(905.4470282942943, 179.81242695543517)"
2966.0,"(1007.9329967855897, 622.5956183502244)","(164.92169457615327, 641.0669521258395)","(905.6818790065701, 179.8981307648231)"
2967.0,"(1007.6847551397886, 622.6252170882038)","(164.8920861032725, 641.0616173652103)","(905.9167297188458, 179.98383457421102)"
2968.0,"(1007.4365134939876, 622.6548158261833)","(164.86262567275614, 641.0563092783842)","(906.1515804311215, 180.06953838359894)"
2969.0,"(1007.1882718481866, 622.6844145641627)","(164.83331254439236, 641.0510277319923)","(906.3864311433972, 180.15524219298686)"
2970.0,"(1006.9400302023855, 622.7140133021421)","(164.8041459816704, 641.0457725933323)","(906.6212818556729, 180.24094600237478)"
2971.0,"(1006.6917885565845, 622.7436120401215)","(164.77512525176203, 641.0405437303657)","(906.8561325679486, 180.3266498117627)"
2972.0,"(1006.4435469107834, 622.773210778101)","(164.74624962550322, 641.0353410117139)","(907.0909832802243, 180.41235362115063)"
2973.0,"(1006.1953052649824, 622.8028095160804)","(164.7175183773757, 641.0301643066553)","(907.3258339925001, 180.49805743053855)"
2974.0,"(1005.9470636191813, 622.8324082540598)","(164.68893078548882, 641.025013485122)","(907.5606847047758, 180.58376123992647)"
2975.0,"(1005.6988219733803, 622.8620069920393)","(164.66048613156138, 641.0198884176964)","(907.7955354170515, 180.6694650493144)"
2976.0,"(1005.4505803275792, 622.8916057300187)","(164.63218370090357, 641.0147889756079)","(908.0303861293272, 180.75516885870232)"
2977.0,"(1005.2023386817782, 622.9212044679981)","(164.60402278239906, 641.0097150307298)","(908.2652368416029, 180.84087266809024)"
2978.0,"(1004.9540970359772, 622.9508032059775)","(164.57600266848706, 641.0046664555762)","(908.5000875538786, 180.92657647747816)"
2979.0,"(1004.7058553901761, 622.980401943957)","(164.54812265514462, 640.9996431232983)","(908.7349382661544, 181.0122802868661)"
2980.0,"(1004.4576137443751, 623.0100006819364)","(164.5203820418689, 640.9946449076817)","(908.9697889784301, 181.097984096254)"
2981.0,"(1004.209372098574, 623.0395994199158)","(164.49278013165957, 640.9896716831433)","(909.2046396907058, 181.18368790564193)"
2982.0,"(1003.961130452773, 623.0691981578952)","(164.46531623100128, 640.9847233247276)","(909.4394904029815, 181.26939171502985)"
2983.0,"(1003.7128888069719, 623.0987968958747)","(164.4379896498463, 640.979799708104)","(909.6743411152572, 181.35509552441778)"
2984.0,"(1003.4646471611709, 623.1283956338541)","(164.41079970159706, 640.9749007095635)","(909.9091918275329, 181.4407993338057)"
2985.0,"(1003.2164055153698, 623.1579943718335)","(164.38374570308906, 640.9700262060156)","(910.1440425398087, 181.52650314319362)"
2986.0,"(1002.9681638695688, 623.187593109813)","(164.3568269745736, 640.9651760749856)","(910.3788932520844, 181.61220695258154)"
2987.0,"(1002.7199222237678, 623.2171918477924)","(164.33004283970075, 640.9603501946107)","(910.6137439643601, 181.69791076196947)"
2988.0,"(1002.4716805779667, 623.2467905857718)","(164.30339262550225, 640.9555484436377)","(910.8485946766358, 181.7836145713574)"
2989.0,"(1002.2234389321657, 623.2763893237512)","(164.27687566237475, 640.9507707014195)","(911.0834453889115, 181.8693183807453)"
2990.0,"(1001.9751972863646, 623.3059880617307)","(164.2504912840629, 640.9460168479125)","(911.3182961011872, 181.95502219013323)"
2991.0,"(1001.7269556405636, 623.3355867997101)","(164.22423882764258, 640.9412867636729)","(911.553146813463, 182.04072599952116)"
2992.0,"(1001.4787139947625, 623.3651855376895)","(164.19811763350435, 640.9365803298546)","(911.7879975257387, 182.12642980890908)"
2993.0,"(1001.2304723489615, 623.3947842756689)","(164.17212704533682, 640.9318974282053)","(912.0228482380144, 182.212133618297)"
2994.0,"(1000.9822307031604, 623.4243830136484)","(164.14626641011014, 640.9272379410643)","(912.2576989502901, 182.29783742768493)"
2995.0,"(1000.7339890573594, 623.4539817516278)","(164.1205350780596, 640.9226017513589)","(912.4925496625658, 182.38354123707285)"
2996.0,"(1000.4857474115583, 623.4835804896072)","(164.0949324026693, 640.9179887426021)","(912.7274003748415, 182.46924504646077)"
2997.0,"(1000.2375057657573, 623.5131792275866)","(164.06945774065593, 640.9133987988891)","(912.9622510871172, 182.5549488558487)"
2998.0,"(999.9892641199563, 623.5427779655661)","(164.04411045195266, 640.9088318048947)","(913.197101799393, 182.64065266523662)"
2999.0,"(999.7410224741552, 623.5723767035455)","(164.0188898996929, 640.9042876458702)","(913.4319525116687, 182.72635647462454)"
3000.0,"(999.4927808283542, 623.6019754415249)","(163.99379545019445, 640.8997662076408)","(913.6668032239444, 182.81206028401246)"
3001.0,"(999.2445391825531, 623.6315741795044)","(163.96882647294348, 640.8952673766026)","(913.9016539362201, 182.89776409340038)"
3002.0,"(998.9962975367521, 623.6611729174838)","(163.94398234057877, 640.8907910397196)","(914.1365046484958, 182.9834679027883)"
3003.0,"(998.748055890951, 623.6907716554632)","(163.91926242887587, 640.886337084521)","(914.3713553607715, 183.06917171217623)"
3004.0,"(998.49981424515, 623.7203703934426)","(163.89466611673149, 640.8819053990984)","(914.6062060730472, 183.15487552156415)"
3005.0,"(998.251572599349, 623.7499691314221)","(163.87019278614784, 640.8774958721029)","(914.841056785323, 183.24057933095207)"
3006.0,"(998.0033309535479, 623.7795678694015)","(163.8458418222171, 640.8731083927424)","(915.0759074975987, 183.32628314034)"
3007.0,"(997.7550893077469, 623.8091666073809)","(163.821612613106, 640.8687428507787)","(915.3107582098744, 183.41198694972792)"
3008.0,"(997.5068476619458, 623.8387653453603)","(163.79750455004046, 640.8643991365249)","(915.5456089221501, 183.49769075911584)"
3009.0,"(997.2586060161448, 623.8683640833398)","(163.77351702729027, 640.8600771408422)","(915.7804596344258, 183.58339456850376)"
3010.0,"(997.0103643703437, 623.8979628213192)","(163.7496494421538, 640.855776755138)","(916.0153103467015, 183.6690983778917)"
3011.0,"(996.7621227245427, 623.9275615592986)","(163.72590119494305, 640.8514978713623)","(916.2501610589773, 183.7548021872796)"
3012.0,"(996.5138810787416, 623.957160297278)","(163.70227168896832, 640.8472403820055)","(916.485011771253, 183.84050599666753)"
3013.0,"(996.2656394329406, 623.9867590352575)","(163.6787603305235, 640.8430041800955)","(916.7198624835287, 183.92620980605545)"
3014.0,"(996.0173977871395, 624.0163577732369)","(163.65536652887087, 640.838789159195)","(916.9547131958044, 184.01191361544338)"
3015.0,"(995.7691561413385, 624.0459565112163)","(163.63208969622653, 640.8345952133991)","(917.1895639080801, 184.0976174248313)"
3016.0,"(995.5209144955375, 624.0755552491958)","(163.6089292477454, 640.8304222373321)","(917.4244146203558, 184.18332123421922)"
3017.0,"(995.2726728497364, 624.1051539871752)","(163.58588460150668, 640.8262701261455)","(917.6592653326315, 184.26902504360714)"
3018.0,"(995.0244312039354, 624.1347527251546)","(163.56295517849915, 640.8221387755148)","(917.8941160449073, 184.35472885299507)"
3019.0,"(994.7761895581343, 624.164351463134)","(163.54014040260665, 640.8180280816372)","(918.128966757183, 184.440432662383)"
3020.0,"(994.5279479123333, 624.1939502011135)","(163.51743970059363, 640.813937941229)","(918.3638174694587, 184.5261364717709)"
3021.0,"(994.2797062665322, 624.2235489390929)","(163.49485250209065, 640.8098682515229)","(918.5986681817344, 184.61184028115883)"
3022.0,"(994.0314646207312, 624.2531476770723)","(163.4723782395802, 640.8058189102652)","(918.8335188940101, 184.69754409054676)"
3023.0,"(993.7832229749301, 624.2827464150517)","(163.4500163483823, 640.8017898157138)","(919.0683696062858, 184.78324789993468)"
3024.0,"(993.5349813291291, 624.3123451530312)","(163.4277662666404, 640.7977808666353)","(919.3032203185616, 184.8689517093226)"
3025.0,"(993.286739683328, 624.3419438910106)","(163.4056274353072, 640.7937919623022)","(919.5380710308373, 184.95465551871052)"
3026.0,"(993.038498037527, 624.37154262899)","(163.38359929813066, 640.7898230024907)","(919.772921743113, 185.04035932809845)"
3027.0,"(992.790256391726, 624.4011413669695)","(163.36168130164, 640.7858738874783)","(920.0077724553887, 185.12606313748637)"
3028.0,"(992.5420147459249, 624.4307401049489)","(163.3398728951318, 640.7819445180409)","(920.2426231676644, 185.2117669468743)"
3029.0,"(992.2937731001239, 624.4603388429283)","(163.31817353065614, 640.7780347954507)","(920.4774738799401, 185.29747075626221)"
3030.0,"(992.0455314543228, 624.4899375809077)","(163.29658266300285, 640.7741446214735)","(920.7123245922159, 185.38317456565014)"
3031.0,"(991.7972898085218, 624.5195363188872)","(163.27509974968783, 640.7702738983661)","(920.9471753044916, 185.46887837503806)"
3032.0,"(991.5490481627207, 624.5491350568666)","(163.2537242509394, 640.7664225288743)","(921.1820260167673, 185.55458218442598)"
3033.0,"(991.3008065169197, 624.578733794846)","(163.2324556296847, 640.76259041623)","(921.416876729043, 185.6402859938139)"
3034.0,"(991.0525648711186, 624.6083325328254)","(163.21129335153628, 640.7587774641488)","(921.6517274413187, 185.72598980320183)"
3035.0,"(990.8043232253176, 624.6379312708049)","(163.1902368847786, 640.7549835768281)","(921.8865781535944, 185.81169361258975)"
3036.0,"(990.5560815795166, 624.6675300087843)","(163.16928570035472, 640.7512086589439)","(922.1214288658701, 185.89739742197767)"
3037.0,"(990.3078399337155, 624.6971287467637)","(163.14843927185294, 640.7474526156492)","(922.3562795781459, 185.9831012313656)"
3038.0,"(990.0595982879145, 624.7267274847432)","(163.12769707549367, 640.7437153525709)","(922.5911302904216, 186.06880504075352)"
3039.0,"(989.8113566421134, 624.7563262227226)","(163.1070585901162, 640.7399967758081)","(922.8259810026973, 186.15450885014144)"
3040.0,"(989.5631149963124, 624.785924960702)","(163.08652329716563, 640.736296791929)","(923.060831714973, 186.24021265952936)"
3041.0,"(989.3148733505113, 624.8155236986814)","(163.0660906806798, 640.7326153079694)","(923.2956824272487, 186.32591646891728)"
3042.0,"(989.0666317047103, 624.8451224366609)","(163.0457602272764, 640.7289522314295)","(923.5305331395244, 186.4116202783052)"
3043.0,"(988.8183900589092, 624.8747211746403)","(163.02553142614002, 640.7253074702724)","(923.7653838518002, 186.49732408769313)"
3044.0,"(988.5701484131082, 624.9043199126197)","(163.00540376900932, 640.721680932921)","(924.0002345640759, 186.58302789708105)"
3045.0,"(988.3219067673072, 624.9339186505991)","(162.98537675016428, 640.7180725282564)","(924.2350852763516, 186.66873170646898)"
3046.0,"(988.0736651215061, 624.9635173885786)","(162.96544986641345, 640.7144821656151)","(924.4699359886273, 186.7544355158569)"
3047.0,"(987.8254234757051, 624.993116126558)","(162.9456226170814, 640.710909754787)","(924.704786700903, 186.84013932524482)"
3048.0,"(987.577181829904, 625.0227148645374)","(162.92589450399598, 640.7073552060131)","(924.9396374131787, 186.92584313463274)"
3049.0,"(987.328940184103, 625.0523136025168)","(162.906265031476, 640.703818429983)","(925.1744881254544, 187.01154694402067)"
3050.0,"(987.0806985383019, 625.0819123404963)","(162.88673370631864, 640.7002993378331)","(925.4093388377302, 187.0972507534086)"
3051.0,"(986.8324568925009, 625.1115110784757)","(162.86730003778703, 640.696797841144)","(925.6441895500059, 187.1829545627965)"
3052.0,"(986.5842152466998, 625.1411098164551)","(162.8479635375981, 640.6933138519382)","(925.8790402622816, 187.26865837218443)"
3053.0,"(986.3359736008988, 625.1707085544346)","(162.8287237199101, 640.6898472826786)","(926.1138909745573, 187.35436218157236)"
3054.0,"(986.0877319550978, 625.200307292414)","(162.80958010131056, 640.6863980462651)","(926.348741686833, 187.44006599096028)"
3055.0,"(985.8394903092967, 625.2299060303934)","(162.790532200804, 640.6829660560338)","(926.5835923991087, 187.5257698003482)"
3056.0,"(985.5912486634957, 625.2595047683728)","(162.77157953979997, 640.6795512257537)","(926.8184431113845, 187.61147360973612)"
3057.0,"(985.3430070176946, 625.2891035063523)","(162.75272164210097, 640.676153469625)","(927.0532938236602, 187.69717741912405)"
3058.0,"(985.0947653718936, 625.3187022443317)","(162.73395803389047, 640.6727727022768)","(927.2881445359359, 187.78288122851197)"
3059.0,"(984.8465237260925, 625.3483009823111)","(162.71528824372103, 640.6694088387654)","(927.5229952482116, 187.8685850378999)"
3060.0,"(984.5982820802915, 625.3778997202905)","(162.69671180250242, 640.6660617945716)","(927.7578459604873, 187.9542888472878)"
3061.0,"(984.3500404344904, 625.40749845827)","(162.6782282434899, 640.6627314855988)","(927.992696672763, 188.03999265667574)"
3062.0,"(984.1017987886894, 625.4370971962494)","(162.65983710227246, 640.6594178281708)","(928.2275473850387, 188.12569646606366)"
3063.0,"(983.8535571428883, 625.4666959342288)","(162.6415379167611, 640.65612073903)","(928.4623980973145, 188.21140027545158)"
3064.0,"(983.6053154970873, 625.4962946722083)","(162.6233302271773, 640.6528401353348)","(928.6972488095902, 188.2971040848395)"
3065.0,"(983.3570738512863, 625.5258934101877)","(162.6052135760414, 640.6495759346582)","(928.9320995218659, 188.38280789422743)"
3066.0,"(983.1088322054852, 625.5554921481671)","(162.58718750816118, 640.6463280549849)","(929.1669502341416, 188.46851170361535)"
3067.0,"(982.8605905596842, 625.5850908861465)","(162.56925157062037, 640.6430964147099)","(929.4018009464173, 188.55421551300327)"
3068.0,"(982.6123489138831, 625.614689624126)","(162.55140531276726, 640.6398809326364)","(929.636651658693, 188.6399193223912)"
3069.0,"(982.3641072680821, 625.6442883621054)","(162.53364828620343, 640.6366815279732)","(929.8715023709688, 188.72562313177912)"
3070.0,"(982.115865622281, 625.6738871000848)","(162.51598004477242, 640.6334981203333)","(930.1063530832445, 188.81132694116704)"
3071.0,"(981.86762397648, 625.7034858380642)","(162.49840014454855, 640.6303306297317)","(930.3412037955202, 188.89703075055496)"
3072.0,"(981.619382330679, 625.7330845760437)","(162.48090814382581, 640.6271789765831)","(930.5760545077959, 188.98273455994288)"
3073.0,"(981.3711406848779, 625.7626833140231)","(162.4635036031067, 640.6240430817002)","(930.8109052200716, 189.0684383693308)"
3074.0,"(981.1228990390769, 625.7922820520025)","(162.44618608509114, 640.6209228662917)","(931.0457559323473, 189.15414217871873)"
3075.0,"(980.8746573932758, 625.821880789982)","(162.4289551546657, 640.6178182519602)","(931.280606644623, 189.23984598810665)"
3076.0,"(980.6264157474748, 625.8514795279614)","(162.41181037889237, 640.6147291607004)","(931.5154573568988, 189.32554979749457)"
3077.0,"(980.3781741016737, 625.8810782659408)","(162.39475132699792, 640.6116555148969)","(931.7503080691745, 189.4112536068825)"
3078.0,"(980.1299324558727, 625.9106770039202)","(162.37777757036292, 640.6085972373224)","(931.9851587814502, 189.49695741627042)"
3079.0,"(979.8816908100716, 625.9402757418997)","(162.3608886825111, 640.6055542511358)","(932.2200094937259, 189.58266122565834)"
3080.0,"(979.6334491642706, 625.9698744798791)","(162.34408423909855, 640.6025264798801)","(932.4548602060016, 189.66836503504626)"
3081.0,"(979.3852075184695, 625.9994732178585)","(162.32736381790306, 640.5995138474807)","(932.6897109182773, 189.7540688444342)"
3082.0,"(979.1369658726685, 626.0290719558379)","(162.31072699881355, 640.5965162782433)","(932.9245616305531, 189.8397726538221)"
3083.0,"(978.8887242268675, 626.0586706938174)","(162.29417336381948, 640.5935336968521)","(933.1594123428288, 189.92547646321003)"
3084.0,"(978.6404825810664, 626.0882694317968)","(162.27770249700038, 640.5905660283678)","(933.3942630551045, 190.01118027259795)"
3085.0,"(978.3922409352654, 626.1178681697762)","(162.26131398451537, 640.587613198226)","(933.6291137673802, 190.09688408198588)"
3086.0,"(978.1439992894643, 626.1474669077556)","(162.2450074145928, 640.5846751322349)","(933.8639644796559, 190.1825878913738)"
3087.0,"(977.8957576436633, 626.1770656457351)","(162.22878237751985, 640.5817517565737)","(934.0988151919316, 190.26829170076172)"
3088.0,"(977.6475159978622, 626.2066643837145)","(162.21263846563224, 640.5788429977908)","(934.3336659042074, 190.35399551014964)"
3089.0,"(977.3992743520612, 626.2362631216939)","(162.1965752733041, 640.5759487828019)","(934.5685166164831, 190.43969931953757)"
3090.0,"(977.1510327062601, 626.2658618596734)","(162.18059239693758, 640.5730690388879)","(934.8033673287588, 190.5254031289255)"
3091.0,"(976.9027910604591, 626.2954605976528)","(162.1646894349529, 640.5702036936934)","(935.0382180410345, 190.6111069383134)"
3092.0,"(976.654549414658, 626.3250593356322)","(162.14886598777812, 640.5673526752249)","(935.2730687533102, 190.69681074770133)"
3093.0,"(976.406307768857, 626.3546580736116)","(162.13312165783924, 640.5645159118488)","(935.5079194655859, 190.78251455708926)"
3094.0,"(976.158066123056, 626.3842568115911)","(162.11745604955004, 640.5616933322896)","(935.7427701778616, 190.86821836647718)"
3095.0,"(975.9098244772549, 626.4138555495705)","(162.10186876930229, 640.5588848656281)","(935.9776208901374, 190.9539221758651)"
3096.0,"(975.6615828314539, 626.4434542875499)","(162.08635942545578, 640.5560904413)","(936.2124716024131, 191.03962598525302)"
3097.0,"(975.4133411856528, 626.4730530255293)","(162.0709276283285, 640.5533099890935)","(936.4473223146888, 191.12532979464095)"
3098.0,"(975.1650995398518, 626.5026517635088)","(162.05557299018685, 640.550543439148)","(936.6821730269645, 191.21103360402887)"
3099.0,"(974.9168578940507, 626.5322505014882)","(162.0402951252359, 640.5477907219522)","(936.9170237392402, 191.2967374134168)"
3100.0,"(974.6686162482497, 626.5618492394676)","(162.02509364960972, 640.5450517683424)","(937.1518744515159, 191.38244122280472)"
3101.0,"(974.4203746024486, 626.591447977447)","(162.00996818136167, 640.5423265095008)","(937.3867251637917, 191.46814503219264)"
3102.0,"(974.1721329566476, 626.6210467154265)","(161.99491834045486, 640.5396148769532)","(937.6215758760674, 191.55384884158056)"
3103.0,"(973.9238913108466, 626.6506454534059)","(161.9799437487526, 640.5369168025685)","(937.8564265883431, 191.63955265096848)"
3104.0,"(973.6756496650455, 626.6802441913853)","(161.9650440300088, 640.5342322185556)","(938.0912773006188, 191.7252564603564)"
3105.0,"(973.4274080192445, 626.7098429293648)","(161.95021880985877, 640.5315610574629)","(938.3261280128945, 191.81096026974433)"
3106.0,"(973.1791663734434, 626.7394416673442)","(161.93546771580947, 640.5289032521756)","(938.5609787251702, 191.89666407913225)"
3107.0,"(972.9309247276424, 626.7690404053236)","(161.92079037723042, 640.5262587359148)","(938.795829437446, 191.98236788852017)"
3108.0,"(972.6826830818413, 626.798639143303)","(161.90618642534426, 640.5236274422352)","(939.0306801497217, 192.0680716979081)"
3109.0,"(972.4344414360403, 626.8282378812825)","(161.89165549321754, 640.5210093050241)","(939.2655308619974, 192.15377550729602)"
3110.0,"(972.1861997902392, 626.8578366192619)","(161.87719721575147, 640.518404258499)","(939.5003815742731, 192.23947931668394)"
3111.0,"(971.9379581444382, 626.8874353572413)","(161.8628112296727, 640.5158122372065)","(939.7352322865488, 192.32518312607186)"
3112.0,"(971.6897164986372, 626.9170340952207)","(161.84849717352435, 640.5132331760205)","(939.9700829988245, 192.41088693545979)"
3113.0,"(971.4414748528361, 626.9466328332002)","(161.83425468765674, 640.5106670101404)","(940.2049337111002, 192.4965907448477)"
3114.0,"(971.1932332070351, 626.9762315711796)","(161.82008341421846, 640.5081136750897)","(940.439784423376, 192.58229455423563)"
3115.0,"(970.944991561234, 627.005830309159)","(161.80598299714737, 640.5055731067142)","(940.6746351356517, 192.66799836362355)"
3116.0,"(970.696749915433, 627.0354290471385)","(161.79195308216163, 640.5030452411806)","(940.9094858479274, 192.75370217301148)"
3117.0,"(970.4485082696319, 627.0650277851179)","(161.7779933167508, 640.5005300149747)","(941.1443365602031, 192.8394059823994)"
3118.0,"(970.2002666238309, 627.0946265230973)","(161.76410335016706, 640.4980273648998)","(941.3791872724788, 192.92510979178732)"
3119.0,"(969.9520249780298, 627.1242252610767)","(161.75028283341624, 640.4955372280754)","(941.6140379847545, 193.01081360117524)"
3120.0,"(969.7037833322288, 627.1538239990562)","(161.73653141924916, 640.4930595419349)","(941.8488886970302, 193.09651741056317)"
3121.0,"(969.4555416864278, 627.1834227370356)","(161.72284876215292, 640.4905942442252)","(942.083739409306, 193.1822212199511)"
3122.0,"(969.2073000406267, 627.213021475015)","(161.70923451834216, 640.4881412730041)","(942.3185901215817, 193.267925029339)"
3123.0,"(968.9590583948257, 627.2426202129944)","(161.69568834575045, 640.485700566639)","(942.5534408338574, 193.35362883872693)"
3124.0,"(968.7108167490246, 627.2722189509739)","(161.6822099040217, 640.4832720638059)","(942.7882915461331, 193.43933264811486)"
3125.0,"(968.4625751032236, 627.3018176889533)","(161.6687988545016, 640.4808557034869)","(943.0231422584088, 193.52503645750278)"
3126.0,"(968.2143334574225, 627.3314164269327)","(161.6554548602291, 640.4784514249694)","(943.2579929706845, 193.6107402668907)"
3127.0,"(967.9660918116215, 627.3610151649121)","(161.64217758592795, 640.4760591678446)","(943.4928436829603, 193.69644407627862)"
3128.0,"(967.7178501658204, 627.3906139028916)","(161.62896669799832, 640.4736788720054)","(943.727694395236, 193.78214788566655)"
3129.0,"(967.4696085200194, 627.420212640871)","(161.61582186450832, 640.4713104776454)","(943.9625451075117, 193.86785169505447)"
3130.0,"(967.2213668742183, 627.4498113788504)","(161.60274275518577, 640.4689539252571)","(944.1973958197874, 193.9535555044424)"
3131.0,"(966.9731252284173, 627.4794101168299)","(161.58972904140984, 640.4666091556309)","(944.4322465320631, 194.0392593138303)"
3132.0,"(966.7248835826163, 627.5090088548093)","(161.5767803962028, 640.4642761098527)","(944.6670972443388, 194.12496312321824)"
3133.0,"(966.4766419368152, 627.5386075927887)","(161.56389649422178, 640.4619547293034)","(944.9019479566145, 194.21066693260616)"
3134.0,"(966.2284002910142, 627.5682063307681)","(161.55107701175066, 640.4596449556569)","(945.1367986688903, 194.29637074199408)"
3135.0,"(965.9801586452131, 627.5978050687476)","(161.5383216266919, 640.4573467308786)","(945.371649381166, 194.382074551382)"
3136.0,"(965.7319169994121, 627.627403806727)","(161.52563001855845, 640.4550599972242)","(945.6065000934417, 194.46777836076993)"
3137.0,"(965.483675353611, 627.6570025447064)","(161.51300186846566, 640.4527846972381)","(945.8413508057174, 194.55348217015785)"
3138.0,"(965.23543370781, 627.6866012826858)","(161.50043685912334, 640.4505207737519)","(946.0762015179931, 194.63918597954577)"
3139.0,"(964.987192062009, 627.7162000206653)","(161.48793467482773, 640.4482681698831)","(946.3110522302688, 194.7248897889337)"
3140.0,"(964.7389504162079, 627.7457987586447)","(161.4754950014536, 640.4460268290337)","(946.5459029425446, 194.81059359832162)"
3141.0,"(964.4907087704069, 627.7753974966241)","(161.46311752644633, 640.4437966948885)","(946.7807536548203, 194.89629740770954)"
3142.0,"(964.2424671246058, 627.8049962346035)","(161.4508019388141, 640.4415777114141)","(947.015604367096, 194.98200121709746)"
3143.0,"(963.9942254788048, 627.834594972583)","(161.43854792912003, 640.439369822857)","(947.2504550793717, 195.06770502648538)"
3144.0,"(963.7459838330037, 627.8641937105624)","(161.42635518947444, 640.4371729737427)","(947.4853057916474, 195.1534088358733)"
3145.0,"(963.4977421872027, 627.8937924485418)","(161.41422341352705, 640.434987108874)","(947.7201565039231, 195.23911264526123)"
3146.0,"(963.2495005414016, 627.9233911865213)","(161.4021522964594, 640.4328121733296)","(947.9550072161989, 195.32481645464915)"
3147.0,"(963.0012588956006, 627.9529899245007)","(161.39014153497712, 640.4306481124629)","(948.1898579284746, 195.41052026403707)"
3148.0,"(962.7530172497995, 627.9825886624801)","(161.37819082730223, 640.4284948719006)","(948.4247086407503, 195.496224073425)"
3149.0,"(962.5047756039985, 628.0121874004595)","(161.36629987316573, 640.4263523975411)","(948.659559353026, 195.58192788281292)"
3150.0,"(962.2565339581975, 628.041786138439)","(161.3544683737999, 640.4242206355534)","(948.8944100653017, 195.66763169220084)"
3151.0,"(962.0082923123964, 628.0713848764184)","(161.3426960319309, 640.4220995323757)","(949.1292607775774, 195.75333550158877)"
3152.0,"(961.7600506665954, 628.1009836143978)","(161.33098255177126, 640.4199890347138)","(949.3641114898531, 195.8390393109767)"
3153.0,"(961.5118090207943, 628.1305823523772)","(161.3193276390124, 640.4178890895403)","(949.5989622021289, 195.9247431203646)"
3154.0,"(961.2635673749933, 628.1601810903567)","(161.30773100081734, 640.4157996440925)","(949.8338129144046, 196.01044692975253)"
3155.0,"(961.0153257291922, 628.1897798283361)","(161.29619234581327, 640.4137206458721)","(950.0686636266803, 196.09615073914046)"
3156.0,"(960.7670840833912, 628.2193785663155)","(161.2847113840842, 640.4116520426428)","(950.303514338956, 196.18185454852838)"
3157.0,"(960.5188424375901, 628.248977304295)","(161.27328782716378, 640.4095937824296)","(950.5383650512317, 196.2675583579163)"
3158.0,"(960.2706007917891, 628.2785760422744)","(161.26192138802796, 640.4075458135175)","(950.7732157635074, 196.35326216730422)"
3159.0,"(960.022359145988, 628.3081747802538)","(161.25061178108783, 640.4055080844498)","(951.0080664757832, 196.43896597669215)"
3160.0,"(959.774117500187, 628.3377735182332)","(161.23935872218237, 640.4034805440276)","(951.2429171880589, 196.52466978608007)"
3161.0,"(959.525875854386, 628.3673722562127)","(161.22816192857147, 640.4014631413074)","(951.4777679003346, 196.610373595468)"
3162.0,"(959.2776342085849, 628.3969709941921)","(161.2170211189286, 640.3994558256009)","(951.7126186126103, 196.6960774048559)"
3163.0,"(959.0293925627839, 628.4265697321715)","(161.20593601333397, 640.3974585464729)","(951.947469324886, 196.78178121424384)"
3164.0,"(958.7811509169828, 628.4561684701509)","(161.1949063332673, 640.3954712537405)","(952.1823200371617, 196.86748502363176)"
3165.0,"(958.5329092711818, 628.4857672081304)","(161.18393180160098, 640.3934938974718)","(952.4171707494374, 196.95318883301968)"
3166.0,"(958.2846676253807, 628.5153659461098)","(161.17301214259297, 640.3915264279844)","(952.6520214617132, 197.0388926424076)"
3167.0,"(958.0364259795797, 628.5449646840892)","(161.16214708188, 640.3895687958445)","(952.8868721739889, 197.12459645179553)"
3168.0,"(957.7881843337786, 628.5745634220686)","(161.1513363464706, 640.3876209518653)","(953.1217228862646, 197.21030026118345)"
3169.0,"(957.5399426879776, 628.6041621600481)","(161.14057966473825, 640.385682847106)","(953.3565735985403, 197.29600407057137)"
3170.0,"(957.2917010421766, 628.6337608980275)","(161.12987676641455, 640.3837544328704)","(953.591424310816, 197.3817078799593)"
3171.0,"(957.0434593963755, 628.6633596360069)","(161.1192273825825, 640.3818356607061)","(953.8262750230917, 197.46741168934722)"
3172.0,"(956.7952177505745, 628.6929583739864)","(161.10863124566959, 640.3799264824025)","(954.0611257353675, 197.55311549873514)"
3173.0,"(956.5469761047734, 628.7225571119658)","(161.09808808944123, 640.3780268499905)","(954.2959764476432, 197.63881930812306)"
3174.0,"(956.2987344589724, 628.7521558499452)","(161.08759764899403, 640.3761367157406)","(954.5308271599189, 197.72452311751098)"
3175.0,"(956.0504928131713, 628.7817545879246)","(161.07715966074906, 640.3742560321618)","(954.7656778721946, 197.8102269268989)"
3176.0,"(955.8022511673703, 628.8113533259041)","(161.0667738624453, 640.372384752001)","(955.0005285844703, 197.89593073628683)"
3177.0,"(955.5540095215692, 628.8409520638835)","(161.05643999313307, 640.3705228282411)","(955.235379296746, 197.98163454567475)"
3178.0,"(955.3057678757682, 628.8705508018629)","(161.0461577931674, 640.3686702140999)","(955.4702300090217, 198.06733835506267)"
3179.0,"(955.0575262299672, 628.9001495398423)","(161.03592700420157, 640.3668268630294)","(955.7050807212975, 198.1530421644506)"
3180.0,"(954.8092845841661, 628.9297482778218)","(161.02574736918055, 640.3649927287142)","(955.9399314335732, 198.23874597383852)"
3181.0,"(954.5610429383651, 628.9593470158012)","(161.01561863233465, 640.3631677650707)","(956.1747821458489, 198.32444978322644)"
3182.0,"(954.312801292564, 628.9889457537806)","(161.00554053917298, 640.3613519262453)","(956.4096328581246, 198.41015359261436)"
3183.0,"(954.064559646763, 629.01854449176)","(160.99551283647713, 640.3595451666141)","(956.6444835704003, 198.4958574020023)"
3184.0,"(953.8163180009619, 629.0481432297395)","(160.98553527229475, 640.357747440781)","(956.879334282676, 198.5815612113902)"
3185.0,"(953.5680763551609, 629.0777419677189)","(160.97560759593327, 640.3559587035771)","(957.1141849949518, 198.66726502077813)"
3186.0,"(953.3198347093598, 629.1073407056983)","(160.9657295579536, 640.3541789100592)","(957.3490357072275, 198.75296883016605)"
3187.0,"(953.0715930635588, 629.1369394436778)","(160.95590091016385, 640.3524080155089)","(957.5838864195032, 198.83867263955398)"
3188.0,"(952.8233514177577, 629.1665381816572)","(160.94612140561304, 640.3506459754313)","(957.8187371317789, 198.9243764489419)"
3189.0,"(952.5751097719567, 629.1961369196366)","(160.93639079858497, 640.3488927455542)","(958.0535878440546, 199.01008025832982)"
3190.0,"(952.3268681261557, 629.225735657616)","(160.92670884459204, 640.3471482818264)","(958.2884385563303, 199.09578406771774)"
3191.0,"(952.0786264803546, 629.2553343955955)","(160.91707530036908, 640.3454125404173)","(958.523289268606, 199.18148787710567)"
3192.0,"(951.8303848345536, 629.2849331335749)","(160.90748992386725, 640.3436854777152)","(958.7581399808818, 199.2671916864936)"
3193.0,"(951.5821431887525, 629.3145318715543)","(160.89795247424792, 640.3419670503266)","(958.9929906931575, 199.3528954958815)"
3194.0,"(951.3339015429515, 629.3441306095337)","(160.88846271187668, 640.340257215075)","(959.2278414054332, 199.43859930526943)"
3195.0,"(951.0856598971504, 629.3737293475132)","(160.8790203983173, 640.3385559289997)","(959.4626921177089, 199.52430311465736)"
3196.0,"(950.8374182513494, 629.4033280854926)","(160.8696252963257, 640.3368631493546)","(959.6975428299846, 199.61000692404528)"
3197.0,"(950.5891766055483, 629.432926823472)","(160.86027716984407, 640.3351788336079)","(959.9323935422603, 199.6957107334332)"
3198.0,"(950.3409349597473, 629.4625255614515)","(160.85097578399484, 640.3335029394399)","(960.1672442545361, 199.78141454282112)"
3199.0,"(950.0926933139463, 629.4921242994309)","(160.84172090507488, 640.3318354247427)","(960.4020949668118, 199.86711835220905)"
3200.0,"(949.8444516681452, 629.5217230374103)","(160.8325123005495, 640.330176247619)","(960.6369456790875, 199.95282216159697)"
3201.0,"(949.5962100223442, 629.5513217753897)","(160.82334973904676, 640.3285253663809)","(960.8717963913632, 200.0385259709849)"
3202.0,"(949.3479683765431, 629.5809205133692)","(160.81423299035154, 640.326882739549)","(961.1066471036389, 200.12422978037281)"
3203.0,"(949.0997267307421, 629.6105192513486)","(160.80516182539978, 640.3252483258512)","(961.3414978159146, 200.20993358976074)"
3204.0,"(948.851485084941, 629.640117989328)","(160.79613601627278, 640.3236220842219)","(961.5763485281904, 200.29563739914866)"
3205.0,"(948.60324343914, 629.6697167273074)","(160.78715533619143, 640.3220039738009)","(961.8111992404661, 200.38134120853658)"
3206.0,"(948.3550017933389, 629.6993154652869)","(160.77821955951046, 640.3203939539319)","(962.0460499527418, 200.4670450179245)"
3207.0,"(948.1067601475379, 629.7289142032663)","(160.76932846171292, 640.3187919841622)","(962.2809006650175, 200.55274882731243)"
3208.0,"(947.8585185017369, 629.7585129412457)","(160.76048181940436, 640.3171980242414)","(962.5157513772932, 200.63845263670035)"
3209.0,"(947.6102768559358, 629.7881116792252)","(160.75167941030733, 640.3156120341202)","(962.7506020895689, 200.72415644608827)"
3210.0,"(947.3620352101348, 629.8177104172046)","(160.7429210132558, 640.3140339739497)","(962.9854528018446, 200.8098602554762)"
3211.0,"(947.1137935643337, 629.847309155184)","(160.73420640818952, 640.3124638040799)","(963.2203035141204, 200.89556406486412)"
3212.0,"(946.8655519185327, 629.8769078931634)","(160.72553537614857, 640.3109014850595)","(963.4551542263961, 200.98126787425204)"
3213.0,"(946.6173102727316, 629.9065066311429)","(160.71690769926784, 640.3093469776342)","(963.6900049386718, 201.06697168363996)"
3214.0,"(946.3690686269306, 629.9361053691223)","(160.7083231607715, 640.307800242746)","(963.9248556509475, 201.15267549302789)"
3215.0,"(946.1208269811295, 629.9657041071017)","(160.69978154496764, 640.3062612415323)","(964.1597063632232, 201.2383793024158)"
3216.0,"(945.8725853353285, 629.9953028450811)","(160.6912826372428, 640.3047299353246)","(964.3945570754989, 201.32408311180373)"
3217.0,"(945.6243436895274, 630.0249015830606)","(160.68282622405658, 640.303206285648)","(964.6294077877747, 201.40978692119165)"
3218.0,"(945.3761020437264, 630.05450032104)","(160.6744120929363, 640.3016902542198)","(964.8642585000504, 201.49549073057958)"
3219.0,"(945.1278603979254, 630.0840990590194)","(160.6660400324716, 640.3001818029487)","(965.0991092123261, 201.5811945399675)"
3220.0,"(944.8796187521243, 630.1136977969988)","(160.65770983230925, 640.2986808939339)","(965.3339599246018, 201.66689834935542)"
3221.0,"(944.6313771063233, 630.1432965349783)","(160.64942128314772, 640.2971874894642)","(965.5688106368775, 201.75260215874334)"
3222.0,"(944.3831354605222, 630.1728952729577)","(160.64117417673197, 640.2957015520169)","(965.8036613491532, 201.83830596813127)"
3223.0,"(944.1348938147212, 630.2024940109371)","(160.6329683058483, 640.2942230442568)","(966.038512061429, 201.9240097775192)"
3224.0,"(943.8866521689201, 630.2320927489166)","(160.62480346431906, 640.2927519290355)","(966.2733627737047, 202.0097135869071)"
3225.0,"(943.6384105231191, 630.261691486896)","(160.61667944699747, 640.2912881693903)","(966.5082134859804, 202.09541739629503)"
3226.0,"(943.390168877318, 630.2912902248754)","(160.60859604976247, 640.2898317285434)","(966.7430641982561, 202.18112120568296)"
3227.0,"(943.141927231517, 630.3208889628548)","(160.60055306951367, 640.2883825699007)","(966.9779149105318, 202.26682501507088)"
3228.0,"(942.893685585716, 630.3504877008343)","(160.5925503041661, 640.2869406570512)","(967.2127656228075, 202.3525288244588)"
3229.0,"(942.6454439399149, 630.3800864388137)","(160.58458755264527, 640.285505953766)","(967.4476163350832, 202.43823263384672)"
3230.0,"(942.3972022941139, 630.4096851767931)","(160.57666461488205, 640.2840784239971)","(967.682467047359, 202.52393644323465)"
3231.0,"(942.1489606483128, 630.4392839147725)","(160.56878129180762, 640.2826580318772)","(967.9173177596347, 202.60964025262257)"
3232.0,"(941.9007190025118, 630.468882652752)","(160.56093738534858, 640.2812447417178)","(968.1521684719104, 202.6953440620105)"
3233.0,"(941.6524773567107, 630.4984813907314)","(160.55313269842185, 640.2798385180092)","(968.3870191841861, 202.7810478713984)"
3234.0,"(941.4042357109097, 630.5280801287108)","(160.54536703492974, 640.2784393254192)","(968.6218698964618, 202.86675168078634)"
3235.0,"(941.1559940651086, 630.5576788666903)","(160.5376401997551, 640.2770471287921)","(968.8567206087375, 202.95245549017426)"
3236.0,"(940.9077524193076, 630.5872776046697)","(160.5299519987563, 640.2756618931481)","(969.0915713210132, 203.03815929956218)"
3237.0,"(940.6595107735066, 630.6168763426491)","(160.52230223876253, 640.2742835836824)","(969.326422033289, 203.1238631089501)"
3238.0,"(940.4112691277055, 630.6464750806285)","(160.51469072756873, 640.272912165764)","(969.5612727455647, 203.20956691833803)"
3239.0,"(940.1630274819045, 630.676073818608)","(160.5071172739309, 640.2715476049351)","(969.7961234578404, 203.29527072772595)"
3240.0,"(939.9147858361034, 630.7056725565874)","(160.49958168756126, 640.2701898669104)","(970.0309741701161, 203.38097453711387)"
3241.0,"(939.6665441903024, 630.7352712945668)","(160.49208377912345, 640.2688389175759)","(970.2658248823918, 203.4666783465018)"
3242.0,"(939.4183025445013, 630.7648700325462)","(160.48462336022783, 640.267494722988)","(970.5006755946675, 203.55238215588972)"
3243.0,"(939.1700608987003, 630.7944687705257)","(160.4772002434267, 640.266157249373)","(970.7355263069433, 203.63808596527764)"
3244.0,"(938.9218192528992, 630.8240675085051)","(160.46981424220957, 640.2648264631262)","(970.970377019219, 203.72378977466556)"
3245.0,"(938.6735776070982, 630.8536662464845)","(160.4624651709985, 640.2635023308105)","(971.2052277314947, 203.80949358405348)"
3246.0,"(938.4253359612972, 630.883264984464)","(160.45515284514352, 640.2621848191565)","(971.4400784437704, 203.8951973934414)"
3247.0,"(938.1770943154961, 630.9128637224434)","(160.4478770809178, 640.2608738950606)","(971.6749291560461, 203.98090120282933)"
3248.0,"(937.9288526696951, 630.9424624604228)","(160.4406376955132, 640.2595695255853)","(971.9097798683218, 204.06660501221725)"
3249.0,"(937.8792043405349, 630.9483822080186)","(160.43343450703563, 640.2582716779574)","(972.1446305805975, 204.15230882160517)"
3250.0,"(937.7799076822145, 630.9602217032104)","(160.42626733450044, 640.2569803195676)","(972.3794812928733, 204.2380126309931)"
3251.0,"(937.6309626947339, 630.9779809459981)","(160.41913599782794, 640.2556954179697)","(972.614332005149, 204.32371644038102)"
3252.0,"(937.432369378093, 631.0016599363817)","(160.4120403178388, 640.2544169408799)","(972.8491827174247, 204.40942024976894)"
3253.0,"(937.1841277322919, 631.0312586743611)","(160.40498011624962, 640.2531448561755)","(973.0840334297004, 204.49512405915686)"
3254.0,"(936.9358860864909, 631.0608574123405)","(160.39795521566836, 640.2518791318946)","(973.3188841419761, 204.5808278685448)"
3255.0,"(936.6876444406898, 631.0904561503199)","(160.39096543959002, 640.2506197362352)","(973.5537348542518, 204.6665316779327)"
3256.0,"(936.4394027948888, 631.1200548882994)","(160.38401061239207, 640.249366637554)","(973.7885855665276, 204.75223548732063)"
3257.0,"(936.1911611490877, 631.1496536262788)","(160.37709055933013, 640.2481198043662)","(974.0234362788033, 204.83793929670856)"
3258.0,"(935.9429195032867, 631.1792523642582)","(160.3702051065335, 640.2468792053444)","(974.258286991079, 204.92364310609648)"
3259.0,"(935.6946778574857, 631.2088511022376)","(160.36335408100084, 640.2456448093177)","(974.4931377033547, 205.0093469154844)"
3260.0,"(935.4464362116846, 631.2384498402171)","(160.35653731059583, 640.2444165852711)","(974.7279884156304, 205.09505072487232)"
3261.0,"(935.1981945658836, 631.2680485781965)","(160.34975462404284, 640.2431945023447)","(974.9628391279061, 205.18075453426025)"
3262.0,"(934.9499529200825, 631.2976473161759)","(160.34300585092262, 640.241978529833)","(975.1976898401819, 205.26645834364817)"
3263.0,"(934.7017112742815, 631.3272460541554)","(160.336290821668, 640.2407686371838)","(975.4325405524576, 205.3521621530361)"
3264.0,"(934.4534696284804, 631.3568447921348)","(160.32960936755967, 640.2395647939979)","(975.6673912647333, 205.437865962424)"
3265.0,"(934.2052279826794, 631.3864435301142)","(160.32296132072187, 640.238366970028)","(975.902241977009, 205.52356977181194)"
3266.0,"(933.9569863368783, 631.4160422680936)","(160.31634651411827, 640.2371751351778)","(976.1370926892847, 205.60927358119986)"
3267.0,"(933.7087446910773, 631.4456410060731)","(160.30976478154767, 640.2359892595019)","(976.3719434015604, 205.69497739058778)"
3268.0,"(933.4605030452763, 631.4752397440525)","(160.30321595763994, 640.2348093132044)","(976.6067941138361, 205.7806811999757)"
3269.0,"(933.2122613994752, 631.5048384820319)","(160.29669987785172, 640.2336352666384)","(976.8416448261119, 205.86638500936363)"
3270.0,"(932.9640197536742, 631.5344372200113)","(160.29021637846247, 640.2324670903052)","(977.0764955383876, 205.95208881875155)"
3271.0,"(932.7157781078731, 631.5640359579908)","(160.28376529657015, 640.2313047548537)","(977.3113462506633, 206.03779262813947)"
3272.0,"(932.4675364620721, 631.5936346959702)","(160.2773464700873, 640.2301482310794)","(977.546196962939, 206.1234964375274)"
3273.0,"(932.219294816271, 631.6232334339496)","(160.27095973773686, 640.228997489924)","(977.7810476752147, 206.20920024691532)"
3274.0,"(931.97105317047, 631.652832171929)","(160.26460493904818, 640.2278525024744)","(978.0158983874904, 206.29490405630324)"
3275.0,"(931.7228115246689, 631.6824309099085)","(160.25828191435295, 640.226713239962)","(978.2507490997662, 206.38060786569116)"
3276.0,"(931.4745698788679, 631.7120296478879)","(160.2519905047812, 640.2255796737622)","(978.4855998120419, 206.46631167507908)"
3277.0,"(931.2263282330669, 631.7416283858673)","(160.24573055225727, 640.2244517753934)","(978.7204505243176, 206.552015484467)"
3278.0,"(930.9780865872658, 631.7712271238468)","(160.239501899496, 640.2233295165164)","(978.9553012365933, 206.63771929385493)"
3279.0,"(930.7298449414648, 631.8008258618262)","(160.23330438999852, 640.2222128689339)","(979.190151948869, 206.72342310324285)"
3280.0,"(930.4816032956637, 631.8304245998056)","(160.22713786804854, 640.2211018045892)","(979.4250026611447, 206.80912691263077)"
3281.0,"(930.2333616498627, 631.860023337785)","(160.2210021787083, 640.2199962955663)","(979.6598533734204, 206.8948307220187)"
3282.0,"(929.9851200040616, 631.8896220757645)","(160.21489716781474, 640.2188963140884)","(979.8947040856962, 206.98053453140662)"
3283.0,"(929.7368783582606, 631.9192208137439)","(160.20882268197568, 640.2178018325179)","(980.1295547979719, 207.06623834079454)"
3284.0,"(929.4886367124595, 631.9488195517233)","(160.2027785685658, 640.2167128233554)","(980.3644055102476, 207.15194215018246)"
3285.0,"(929.2403950666585, 631.9784182897027)","(160.196764675723, 640.2156292592385)","(980.5992562225233, 207.2376459595704)"
3286.0,"(928.9921534208574, 632.0080170276822)","(160.19078085234437, 640.2145511129423)","(980.834106934799, 207.3233497689583)"
3287.0,"(928.7439117750564, 632.0376157656616)","(160.18482694808264, 640.2134783573777)","(981.0689576470747, 207.40905357834623)"
3288.0,"(928.4956701292554, 632.067214503641)","(160.17890281334223, 640.2124109655907)","(981.3038083593505, 207.49475738773415)"
3289.0,"(928.2474284834543, 632.0968132416205)","(160.17300829927552, 640.2113489107628)","(981.5386590716262, 207.58046119712208)"
3290.0,"(927.9991868376533, 632.1264119795999)","(160.16714325777914, 640.210292166209)","(981.7735097839019, 207.66616500651)"
3291.0,"(927.7509451918522, 632.1560107175793)","(160.16130754149026, 640.209240705378)","(982.0083604961776, 207.75186881589792)"
3292.0,"(927.5027035460512, 632.1856094555587)","(160.1555010037828, 640.208194501851)","(982.2432112084533, 207.83757262528584)"
3293.0,"(927.2544619002501, 632.2152081935382)","(160.14972349876388, 640.2071535293418)","(982.478061920729, 207.92327643467377)"
3294.0,"(927.0062202544491, 632.2448069315176)","(160.14397488127005, 640.206117761695)","(982.7129126330047, 208.0089802440617)"
3295.0,"(926.757978608648, 632.274405669497)","(160.13825500686372, 640.2050871728866)","(982.9477633452805, 208.0946840534496)"
3296.0,"(926.509736962847, 632.3040044074764)","(160.1325637318294, 640.2040617370221)","(983.1826140575562, 208.18038786283753)"
3297.0,"(926.261495317046, 632.3336031454559)","(160.12690091317026, 640.203041428337)","(983.4174647698319, 208.26609167222546)"
3298.0,"(926.0132536712449, 632.3632018834353)","(160.1212664086044, 640.2020262211953)","(983.6523154821076, 208.35179548161338)"
3299.0,"(925.7650120254439, 632.3928006214147)","(160.1156600765614, 640.2010160900893)","(983.8871661943833, 208.4374992910013)"
3300.0,"(925.5167703796428, 632.4223993593941)","(160.1100817761786, 640.2000110096388)","(984.122016906659, 208.52320310038922)"
3301.0,"(925.2685287338418, 632.4519980973736)","(160.1045313672977, 640.1990109545907)","(984.3568676189348, 208.60890690977715)"
3302.0,"(925.0202870880407, 632.481596835353)","(160.09900871046122, 640.1980158998177)","(984.5917183312105, 208.69461071916507)"
3303.0,"(924.7720454422397, 632.5111955733324)","(160.0935136669089, 640.1970258203187)","(984.8265690434862, 208.780314528553)"
3304.0,"(924.5238037964386, 632.5407943113119)","(160.08804609857435, 640.1960406912171)","(985.0614197557619, 208.86601833794091)"
3305.0,"(924.2755621506376, 632.5703930492913)","(160.0826058680815, 640.1950604877611)","(985.2962704680376, 208.95172214732884)"
3306.0,"(924.0273205048366, 632.5999917872707)","(160.07719283874107, 640.1940851853223)","(985.5311211803133, 209.03742595671676)"
3307.0,"(923.7790788590355, 632.6295905252501)","(160.07180687454738, 640.1931147593956)","(985.765971892589, 209.12312976610468)"
3308.0,"(923.5308372132345, 632.6591892632296)","(160.06644784017465, 640.1921491855986)","(986.0008226048648, 209.2088335754926)"
3309.0,"(923.2825955674334, 632.688788001209)","(160.06111560097378, 640.1911884396707)","(986.2356733171405, 209.29453738488053)"
3310.0,"(923.0343539216324, 632.7183867391884)","(160.0558100229689, 640.1902324974723)","(986.4705240294162, 209.38024119426845)"
3311.0,"(922.7861122758313, 632.7479854771678)","(160.05053097285406, 640.1892813349849)","(986.7053747416919, 209.46594500365637)"
3312.0,"(922.5378706300303, 632.7775842151473)","(160.04527831798978, 640.18833492831)","(986.9402254539676, 209.5516488130443)"
3313.0,"(922.2896289842292, 632.8071829531267)","(160.04005192639983, 640.1873932536685)","(987.1750761662433, 209.63735262243222)"
3314.0,"(922.0413873384282, 632.8367816911061)","(160.03485166676782, 640.1864562874001)","(987.4099268785191, 209.72305643182014)"
3315.0,"(921.7931456926271, 632.8663804290856)","(160.02967740843397, 640.1855240059631)","(987.6447775907948, 209.80876024120806)"
3316.0,"(921.5449040468261, 632.895979167065)","(160.0245290213918, 640.1845963859332)","(987.8796283030705, 209.89446405059599)"
3317.0,"(921.2966624010251, 632.9255779050444)","(160.01940637628485, 640.1836734040036)","(988.1144790153462, 209.9801678599839)"
3318.0,"(921.048420755224, 632.9551766430238)","(160.01430934440342, 640.1827550369835)","(988.3493297276219, 210.06587166937183)"
3319.0,"(920.800179109423, 632.9847753810033)","(160.0092377976814, 640.1818412617986)","(988.5841804398976, 210.15157547875975)"
3320.0,"(920.5519374636219, 633.0143741189827)","(160.004191608693, 640.1809320554896)","(988.8190311521734, 210.23727928814768)"
3321.0,"(920.3036958178209, 633.0439728569621)","(159.99917065064952, 640.1800273952122)","(989.0538818644491, 210.3229830975356)"
3322.0,"(920.0554541720198, 633.0735715949415)","(159.99417479739628, 640.1791272582361)","(989.2887325767248, 210.40868690692352)"
3323.0,"(919.8072125262188, 633.103170332921)","(159.9892039234093, 640.178231621945)","(989.5235832890005, 210.49439071631144)"
3324.0,"(919.5589708804177, 633.1327690709004)","(159.98425790379224, 640.1773404638352)","(989.7584340012762, 210.58009452569937)"
3325.0,"(919.3107292346167, 633.1623678088798)","(159.97933661427328, 640.1764537615161)","(989.9932847135519, 210.6657983350873)"
3326.0,"(919.0624875888157, 633.1919665468592)","(159.9744399312019, 640.1755714927085)","(990.2281354258276, 210.7515021444752)"
3327.0,"(918.8142459430146, 633.2215652848387)","(159.9695677315459, 640.1746936352449)","(990.4629861381034, 210.83720595386313)"
3328.0,"(918.5660042972136, 633.2511640228181)","(159.96471989288818, 640.1738201670687)","(990.6978368503791, 210.92290976325106)"
3329.0,"(918.3177626514125, 633.2807627607975)","(159.95989629342375, 640.1729510662334)","(990.9326875626548, 211.00861357263898)"
3330.0,"(918.0695210056115, 633.310361498777)","(159.95509681195662, 640.1720863109023)","(991.1675382749305, 211.0943173820269)"
3331.0,"(917.8212793598104, 633.3399602367564)","(159.95032132789683, 640.1712258793477)","(991.4023889872062, 211.18002119141482)"
3332.0,"(917.5730377140094, 633.3695589747358)","(159.94556972125736, 640.170369749951)","(991.6372396994819, 211.26572500080275)"
3333.0,"(917.3247960682083, 633.3991577127152)","(159.94084187265108, 640.1695179012012)","(991.8720904117577, 211.35142881019067)"
3334.0,"(917.0765544224073, 633.4287564506947)","(159.9361376632878, 640.1686703116952)","(992.1069411240334, 211.4371326195786)"
3335.0,"(916.8283127766063, 633.4583551886741)","(159.93145697497138, 640.1678269601367)","(992.3417918363091, 211.5228364289665)"
3336.0,"(916.5800711308052, 633.4879539266535)","(159.92679969009652, 640.166987825336)","(992.5766425485848, 211.60854023835444)"
3337.0,"(916.3318294850042, 633.517552664633)","(159.92216569164603, 640.1661528862094)","(992.8114932608605, 211.69424404774236)"
3338.0,"(916.0835878392031, 633.5471514026124)","(159.9175548631878, 640.1653221217783)","(993.0463439731362, 211.77994785713028)"
3339.0,"(915.8353461934021, 633.5767501405918)","(159.91296708887185, 640.1644955111694)","(993.281194685412, 211.8656516665182)"
3340.0,"(915.587104547601, 633.6063488785712)","(159.90840225342748, 640.1636730336136)","(993.5160453976877, 211.95135547590613)"
3341.0,"(915.3388629018, 633.6359476165507)","(159.90386024216033, 640.1628546684456)","(993.7508961099634, 212.03705928529405)"
3342.0,"(915.0906212559989, 633.6655463545301)","(159.89934094094954, 640.1620403951033)","(993.9857468222391, 212.12276309468197)"
3343.0,"(914.8423796101979, 633.6951450925095)","(159.8948442362448, 640.1612301931278)","(994.2205975345148, 212.2084669040699)"
3344.0,"(914.5941379643969, 633.7247438304889)","(159.89037001506358, 640.1604240421622)","(994.4554482467905, 212.29417071345782)"
3345.0,"(914.3458963185958, 633.7543425684684)","(159.88591816498825, 640.1596219219514)","(994.6902989590662, 212.37987452284574)"
3346.0,"(914.0976546727948, 633.7839413064478)","(159.8814885741633, 640.1588238123417)","(994.925149671342, 212.46557833223366)"
3347.0,"(913.8494130269937, 633.8135400444272)","(159.8770811312925, 640.15802969328)","(995.1600003836177, 212.55128214162158)"
3348.0,"(913.6011713811927, 633.8431387824066)","(159.87269572563605, 640.1572395448136)","(995.3948510958934, 212.6369859510095)"
3349.0,"(913.3529297353916, 633.8727375203861)","(159.86833224700786, 640.1564533470895)","(995.6297018081691, 212.72268976039743)"
3350.0,"(913.1046880895906, 633.9023362583655)","(159.86399058577283, 640.1556710803541)","(995.8645525204448, 212.80839356978535)"
3351.0,"(912.8564464437895, 633.9319349963449)","(159.85967063284397, 640.1548927249523)","(996.0994032327205, 212.89409737917327)"
3352.0,"(912.6082047979885, 633.9615337343243)","(159.85537227967976, 640.1541182613275)","(996.3342539449962, 212.9798011885612)"
3353.0,"(912.3599631521874, 633.9911324723038)","(159.85109541828135, 640.1533476700209)","(996.569104657272, 213.06550499794912)"
3354.0,"(912.1117215063864, 634.0207312102832)","(159.84683994118993, 640.1525809316709)","(996.8039553695477, 213.15120880733704)"
3355.0,"(911.8634798605854, 634.0503299482626)","(159.84260574148396, 640.1518180270125)","(997.0388060818234, 213.23691261672496)"
3356.0,"(911.6152382147843, 634.079928686242)","(159.83839271277654, 640.1510589368775)","(997.2736567940991, 213.3226164261129)"
3357.0,"(911.3669965689833, 634.1095274242215)","(159.83420074921267, 640.1503036421931)","(997.5085075063748, 213.4083202355008)"
3358.0,"(911.1187549231822, 634.1391261622009)","(159.83002974546662, 640.1495521239821)","(997.7433582186505, 213.49402404488873)"
3359.0,"(910.8705132773812, 634.1687249001803)","(159.8258795967393, 640.1488043633622)","(997.9782089309263, 213.57972785427665)"
3360.0,"(910.6222716315801, 634.1983236381598)","(159.8217501987556, 640.1480603415454)","(998.213059643202, 213.66543166366458)"
3361.0,"(910.3740299857791, 634.2279223761392)","(159.81764144776184, 640.1473200398376)","(998.4479103554777, 213.7511354730525)"
3362.0,"(910.125788339978, 634.2575211141186)","(159.81355324052302, 640.1465834396384)","(998.6827610677534, 213.83683928244042)"
3363.0,"(909.877546694177, 634.287119852098)","(159.8094854743204, 640.1458505224402)","(998.9176117800291, 213.92254309182835)"
3364.0,"(909.629305048376, 634.3167185900775)","(159.8054380469488, 640.145121269828)","(999.1524624923048, 214.00824690121627)"
3365.0,"(909.3810634025749, 634.3463173280569)","(159.80141085671406, 640.1443956634788)","(999.3873132045806, 214.0939507106042)"
3366.0,"(909.1328217567739, 634.3759160660363)","(159.7974038024305, 640.1436736851614)","(999.6221639168563, 214.1796545199921)"
3367.0,"(908.8845801109728, 634.4055148040158)","(159.79341678341834, 640.1429553167355)","(999.857014629132, 214.26535832938004)"
3368.0,"(908.6363384651718, 634.4351135419952)","(159.78944969950123, 640.1422405401519)","(1000.0918653414077, 214.35106213876796)"
3369.0,"(908.3880968193707, 634.4647122799746)","(159.78550245100374, 640.1415293374511)","(1000.3267160536834, 214.43676594815588)"
3370.0,"(908.1398551735697, 634.494311017954)","(159.78157493874872, 640.1408216907638)","(1000.5615667659591, 214.5224697575438)"
3371.0,"(907.8916135277686, 634.5239097559335)","(159.77766706405498, 640.1401175823099)","(1000.7964174782348, 214.60817356693173)"
3372.0,"(907.6433718819676, 634.5535084939129)","(159.7737787287347, 640.1394169943984)","(1001.0312681905106, 214.69387737631965)"
3373.0,"(907.3951302361666, 634.5831072318923)","(159.76990983509103, 640.1387199094264)","(1001.2661189027863, 214.77958118570757)"
3374.0,"(907.1468885903655, 634.6127059698717)","(159.7660602859156, 640.1380263098793)","(1001.500969615062, 214.8652849950955)"
3375.0,"(906.8986469445645, 634.6423047078512)","(159.762229984486, 640.1373361783299)","(1001.7358203273377, 214.95098880448342)"
3376.0,"(906.6504052987634, 634.6719034458306)","(159.75841883456357, 640.1366494974382)","(1001.9706710396134, 215.03669261387134)"
3377.0,"(906.4021636529624, 634.70150218381)","(159.75462674039076, 640.1359662499509)","(1002.2055217518891, 215.12239642325926)"
3378.0,"(906.1539220071613, 634.7311009217894)","(159.75085360668882, 640.1352864187012)","(1002.4403724641649, 215.20810023264718)"
3379.0,"(905.9056803613603, 634.7606996597689)","(159.74709933865537, 640.1346099866076)","(1002.6752231764406, 215.2938040420351)"
3380.0,"(905.6574387155592, 634.7902983977483)","(159.7433638419621, 640.1339369366746)","(1002.9100738887163, 215.37950785142303)"
3381.0,"(905.4091970697582, 634.8198971357277)","(159.73964702275228, 640.1332672519912)","(1003.144924600992, 215.46521166081095)"
3382.0,"(905.1609554239571, 634.8494958737072)","(159.7359487876385, 640.1326009157312)","(1003.3797753132677, 215.55091547019887)"
3383.0,"(904.9127137781561, 634.8790946116866)","(159.7322690437003, 640.1319379111526)","(1003.6146260255434, 215.6366192795868)"
3384.0,"(904.6644721323551, 634.908693349666)","(159.72860769848182, 640.1312782215969)","(1003.8494767378191, 215.72232308897472)"
3385.0,"(904.416230486554, 634.9382920876454)","(159.7249646599894, 640.1306218304888)","(1004.0843274500949, 215.80802689836264)"
3386.0,"(904.167988840753, 634.9678908256249)","(159.72133983668945, 640.1299687213364)","(1004.3191781623706, 215.89373070775056)"
3387.0,"(903.9197471949519, 634.9974895636043)","(159.717733137506, 640.1293188777297)","(1004.5540288746463, 215.9794345171385)"
3388.0,"(903.6715055491509, 635.0270883015837)","(159.71414447181849, 640.1286722833411)","(1004.788879586922, 216.0651383265264)"
3389.0,"(903.4232639033498, 635.0566870395631)","(159.7105737494594, 640.1280289219244)","(1005.0237302991977, 216.15084213591433)"
3390.0,"(903.1750222575488, 635.0862857775426)","(159.7070208807121, 640.1273887773148)","(1005.2585810114734, 216.23654594530225)"
3391.0,"(902.9267806117477, 635.115884515522)","(159.70348577630853, 640.1267518334282)","(1005.4934317237492, 216.32224975469018)"
3392.0,"(902.6785389659467, 635.1454832535014)","(159.699968347427, 640.1261180742611)","(1005.7282824360249, 216.4079535640781)"
3393.0,"(902.4302973201457, 635.1750819914809)","(159.69646850568986, 640.1254874838897)","(1005.9631331483006, 216.49365737346602)"
3394.0,"(902.1820556743446, 635.2046807294603)","(159.6929861631614, 640.1248600464703)","(1006.1979838605763, 216.57936118285394)"
3395.0,"(901.9338140285436, 635.2342794674397)","(159.6895212323456, 640.1242357462379)","(1006.432834572852, 216.66506499224187)"
3396.0,"(901.6855723827425, 635.2638782054191)","(159.68607362618388, 640.1236145675067)","(1006.6676852851277, 216.7507688016298)"
3397.0,"(901.4373307369415, 635.2934769433986)","(159.68264325805296, 640.1229964946692)","(1006.9025359974034, 216.8364726110177)"
3398.0,"(901.1890890911404, 635.323075681378)","(159.6792300417627, 640.1223815121958)","(1007.1373867096792, 216.92217642040563)"
3399.0,"(900.9408474453394, 635.3526744193574)","(159.6758338915539, 640.1217696046349)","(1007.3722374219549, 217.00788022979356)"
3400.0,"(900.6926057995383, 635.3822731573368)","(159.67245472209615, 640.1211607566117)","(1007.6070881342306, 217.09358403918148)"
3401.0,"(900.4443641537373, 635.4118718953163)","(159.66909244848566, 640.1205549528287)","(1007.8419388465063, 217.1792878485694)"
3402.0,"(900.1961225079363, 635.4414706332957)","(159.66574698624322, 640.1199521780645)","(1008.076789558782, 217.26499165795732)"
3403.0,"(899.9478808621352, 635.4710693712751)","(159.662418251312, 640.1193524171742)","(1008.3116402710577, 217.35069546734525)"
3404.0,"(899.6996392163342, 635.5006681092545)","(159.65910616005544, 640.1187556550884)","(1008.5464909833335, 217.43639927673317)"
3405.0,"(899.4513975705331, 635.530266847234)","(159.65581062925517, 640.118161876813)","(1008.7813416956092, 217.5221030861211)"
3406.0,"(899.2031559247321, 635.5598655852134)","(159.65253157610888, 640.1175710674289)","(1009.0161924078849, 217.60780689550901)"
3407.0,"(898.954914278931, 635.5894643231928)","(159.64926891822833, 640.1169832120918)","(1009.2510431201606, 217.69351070489694)"
3408.0,"(898.70667263313, 635.6190630611723)","(159.6460225736372, 640.1163982960313)","(1009.4858938324363, 217.77921451428486)"
3409.0,"(898.4584309873289, 635.6486617991517)","(159.64279246076902, 640.1158163045511)","(1009.720744544712, 217.86491832367278)"
3410.0,"(898.2101893415279, 635.6782605371311)","(159.63957849846517, 640.1152372230283)","(1009.9555952569877, 217.9506221330607)"
3411.0,"(897.9619476957268, 635.7078592751105)","(159.63638060597285, 640.1146610369132)","(1010.1904459692635, 218.03632594244863)"
3412.0,"(897.7137060499258, 635.73745801309)","(159.633198702943, 640.1140877317285)","(1010.4252966815392, 218.12202975183655)"
3413.0,"(897.4654644041248, 635.7670567510694)","(159.63003270942826, 640.1135172930699)","(1010.6601473938149, 218.20773356122447)"
3414.0,"(897.2172227583237, 635.7966554890488)","(159.62688254588113, 640.1129497066046)","(1010.8949981060906, 218.2934373706124)"
3415.0,"(896.9689811125227, 635.8262542270282)","(159.62374813315174, 640.1123849580715)","(1011.1298488183663, 218.37914118000032)"
3416.0,"(896.7207394667216, 635.8558529650077)","(159.62062939248597, 640.1118230332812)","(1011.364699530642, 218.46484498938824)"
3417.0,"(896.4724978209206, 635.8854517029871)","(159.61752624552355, 640.1112639181148)","(1011.5995502429178, 218.55054879877616)"
3418.0,"(896.2242561751195, 635.9150504409665)","(159.61443861429592, 640.1107075985242)","(1011.8344009551935, 218.63625260816409)"
3419.0,"(895.9760145293185, 635.944649178946)","(159.61136642122443, 640.1101540605316)","(1012.0692516674692, 218.721956417552)"
3420.0,"(895.7277728835174, 635.9742479169254)","(159.6083095891183, 640.109603290229)","(1012.3041023797449, 218.80766022693993)"
3421.0,"(895.4795312377164, 636.0038466549048)","(159.6052680411727, 640.1090552737778)","(1012.5389530920206, 218.89336403632785)"
3422.0,"(895.2312895919154, 636.0334453928842)","(159.60224170096686, 640.1085099974089)","(1012.7738038042963, 218.97906784571578)"
3423.0,"(894.9830479461143, 636.0630441308637)","(159.59923049246203, 640.1079674474219)","(1013.008654516572, 219.0647716551037)"
3424.0,"(894.7348063003133, 636.0926428688431)","(159.5962343399997, 640.1074276101848)","(1013.2435052288478, 219.15047546449162)"
3425.0,"(894.4865646545122, 636.1222416068225)","(159.59325316829973, 640.1068904721338)","(1013.4783559411235, 219.23617927387954)"
3426.0,"(894.2383230087112, 636.1518403448019)","(159.59028690245822, 640.1063560197732)","(1013.7132066533992, 219.32188308326747)"
3427.0,"(893.9900813629101, 636.1814390827814)","(159.58733546794593, 640.1058242396743)","(1013.9480573656749, 219.4075868926554)"
3428.0,"(893.7418397171091, 636.2110378207608)","(159.5843987906062, 640.105295118476)","(1014.1829080779506, 219.4932907020433)"
3429.0,"(893.493598071308, 636.2406365587402)","(159.58147679665316, 640.1047686428836)","(1014.4177587902263, 219.57899451143123)"
3430.0,"(893.245356425507, 636.2702352967196)","(159.5785694126699, 640.1042447996692)","(1014.6526095025021, 219.66469832081916)"
3431.0,"(892.997114779706, 636.2998340346991)","(159.57567656560656, 640.1037235756709)","(1014.8874602147778, 219.75040213020708)"
3432.0,"(892.7488731339049, 636.3294327726785)","(159.5727981827785, 640.1032049577925)","(1015.1223109270535, 219.836105939595)"
3433.0,"(892.5006314881039, 636.3590315106579)","(159.56993419186463, 640.1026889330036)","(1015.3571616393292, 219.92180974898292)"
3434.0,"(892.2523898423028, 636.3886302486374)","(159.5670845209053, 640.1021754883386)","(1015.5920123516049, 220.00751355837085)"
3435.0,"(892.0041481965018, 636.4182289866168)","(159.56424909830076, 640.1016646108969)","(1015.8268630638806, 220.09321736775877)"
3436.0,"(891.7559065507007, 636.4478277245962)","(159.56142785280926, 640.1011562878424)","(1016.0617137761564, 220.1789211771467)"
3437.0,"(891.5076649048997, 636.4774264625756)","(159.55862071354522, 640.1006505064032)","(1016.2965644884321, 220.2646249865346)"
3438.0,"(891.2594232590986, 636.5070252005551)","(159.55582760997748, 640.1001472538712)","(1016.5314152007078, 220.35032879592254)"
3439.0,"(891.0111816132976, 636.5366239385345)","(159.5530484719276, 640.0996465176019)","(1016.7662659129835, 220.43603260531046)"
3440.0,"(890.7629399674965, 636.5662226765139)","(159.55028322956798, 640.0991482850138)","(1017.0011166252592, 220.52173641469838)"
3441.0,"(890.5146983216955, 636.5958214144933)","(159.54753181342014, 640.0986525435887)","(1017.2359673375349, 220.6074402240863)"
3442.0,"(890.2664566758945, 636.6254201524728)","(159.54479415435304, 640.0981592808708)","(1017.4708180498106, 220.69314403347423)"
3443.0,"(890.0182150300934, 636.6550188904522)","(159.54207018358127, 640.0976684844665)","(1017.7056687620864, 220.77884784286215)"
3444.0,"(889.7699733842924, 636.6846176284316)","(159.53935983266337, 640.0971801420441)","(1017.9405194743621, 220.86455165225007)"
3445.0,"(889.5217317384913, 636.714216366411)","(159.53666303350005, 640.0966942413338)","(1018.1753701866378, 220.950255461638)"
3446.0,"(889.2734900926903, 636.7438151043905)","(159.53397971833255, 640.0962107701272)","(1018.4102208989135, 221.03595927102592)"
3447.0,"(889.0252484468892, 636.7734138423699)","(159.53130981974087, 640.0957297162765)","(1018.6450716111892, 221.12166308041384)"
3448.0,"(888.7770068010882, 636.8030125803493)","(159.52865327064217, 640.0952510676951)","(1018.8799223234649, 221.20736688980176)"
3449.0,"(888.5287651552871, 636.8326113183288)","(159.52601000428896, 640.0947748123566)","(1019.1147730357407, 221.29307069918968)"
3450.0,"(888.2805235094861, 636.8622100563082)","(159.5233799542675, 640.0943009382949)","(1019.3496237480164, 221.3787745085776)"
3451.0,"(888.0322818636851, 636.8918087942876)","(159.52076305449617, 640.0938294336033)","(1019.5844744602921, 221.46447831796553)"
3452.0,"(887.784040217884, 636.921407532267)","(159.51815923922368, 640.0933602864353)","(1019.8193251725678, 221.55018212735345)"
3453.0,"(887.535798572083, 636.9510062702465)","(159.51556844302755, 640.0928934850032)","(1020.0541758848435, 221.63588593674137)"
3454.0,"(887.2875569262819, 636.9806050082259)","(159.5129906008124, 640.0924290175782)","(1020.2890265971192, 221.7215897461293)"
3455.0,"(887.0393152804809, 637.0102037462053)","(159.51042564780835, 640.0919668724903)","(1020.523877309395, 221.80729355551722)"
3456.0,"(886.7910736346798, 637.0398024841847)","(159.5078735195693, 640.0915070381278)","(1020.7587280216707, 221.89299736490514)"
3457.0,"(886.5428319888788, 637.0694012221642)","(159.50533415197145, 640.0910495029372)","(1020.9935787339464, 221.97870117429306)"
3458.0,"(886.2945903430777, 637.0989999601436)","(159.5028074812116, 640.0905942554225)","(1021.2284294462221, 222.064404983681)"
3459.0,"(886.0463486972767, 637.128598698123)","(159.50029344380553, 640.0901412841454)","(1021.4632801584978, 222.1501087930689)"
3460.0,"(885.7981070514757, 637.1581974361025)","(159.4977919765865, 640.0896905777247)","(1021.6981308707735, 222.23581260245683)"
3461.0,"(885.5498654056746, 637.1877961740819)","(159.4953030167036, 640.0892421248361)","(1021.9329815830492, 222.32151641184475)"
3462.0,"(885.3016237598736, 637.2173949120613)","(159.49282650162007, 640.0887959142119)","(1022.167832295325, 222.40722022123268)"
3463.0,"(885.0533821140725, 637.2469936500407)","(159.49036236911198, 640.0883519346409)","(1022.4026830076007, 222.4929240306206)"
3464.0,"(884.8051404682715, 637.2765923880202)","(159.48791055726642, 640.0879101749676)","(1022.6375337198764, 222.57862784000852)"
3465.0,"(884.5568988224704, 637.3061911259996)","(159.48547100448008, 640.0874706240928)","(1022.8723844321521, 222.66433164939644)"
3466.0,"(884.3086571766694, 637.335789863979)","(159.48304364945767, 640.0870332709724)","(1023.1072351444278, 222.75003545878437)"
3467.0,"(884.0604155308683, 637.3653886019584)","(159.4806284312104, 640.0865981046175)","(1023.3420858567035, 222.8357392681723)"
3468.0,"(883.8121738850673, 637.3949873399379)","(159.47822528905434, 640.0861651140943)","(1023.5769365689792, 222.9214430775602)"
3469.0,"(883.5639322392663, 637.4245860779173)","(159.47583416260906, 640.0857342885239)","(1023.811787281255, 223.00714688694814)"
3470.0,"(883.3156905934652, 637.4541848158967)","(159.47345499179602, 640.0853056170813)","(1024.0466379935306, 223.09285069633606)"
3471.0,"(883.0674489476642, 637.4837835538762)","(159.47108771683705, 640.0848790889959)","(1024.2814887058062, 223.17855450572398)"
3472.0,"(882.8192073018631, 637.5133822918556)","(159.46873227825287, 640.0844546935509)","(1024.5163394180818, 223.2642583151119)"
3473.0,"(882.5709656560621, 637.542981029835)","(159.46638861686162, 640.0840324200832)","(1024.7511901303574, 223.34996212449983)"
3474.0,"(882.322724010261, 637.5725797678144)","(159.46405667377732, 640.0836122579827)","(1024.986040842633, 223.43566593388775)"
3475.0,"(882.07448236446, 637.6021785057939)","(159.46173639040845, 640.0831941966928)","(1025.2208915549086, 223.52136974327567)"
3476.0,"(881.8262407186589, 637.6317772437733)","(159.45942770845642, 640.0827782257094)","(1025.4557422671842, 223.6070735526636)"
3477.0,"(881.5779990728579, 637.6613759817527)","(159.45713056991414, 640.0823643345808)","(1025.6905929794598, 223.69277736205152)"
3478.0,"(881.3297574270568, 637.6909747197321)","(159.45484491706458, 640.081952512908)","(1025.9254436917354, 223.77848117143944)"
3479.0,"(881.0815157812558, 637.7205734577116)","(159.45257069247924, 640.0815427503434)","(1026.160294404011, 223.86418498082736)"
3480.0,"(880.8332741354548, 637.750172195691)","(159.45030783901686, 640.0811350365916)","(1026.3951451162866, 223.94988879021528)"
3481.0,"(880.5850324896537, 637.7797709336704)","(159.4480562998218, 640.0807293614087)","(1026.6299958285622, 224.0355925996032)"
3482.0,"(880.3367908438527, 637.8093696716498)","(159.4458160183227, 640.0803257146016)","(1026.8648465408378, 224.12129640899113)"
3483.0,"(880.0885491980516, 637.8389684096293)","(159.44358693823108, 640.0799240860285)","(1027.0996972531134, 224.20700021837905)"
3484.0,"(879.8403075522506, 637.8685671476087)","(159.44136900353993, 640.0795244655984)","(1027.334547965389, 224.29270402776697)"
3485.0,"(879.5920659064495, 637.8981658855881)","(159.43916215852224, 640.0791268432704)","(1027.5693986776646, 224.3784078371549)"
3486.0,"(879.3438242606485, 637.9277646235676)","(159.43696634772962, 640.078731209054)","(1027.8042493899402, 224.46411164654282)"
3487.0,"(879.0955826148474, 637.957363361547)","(159.43478151599098, 640.0783375530087)","(1028.0391001022158, 224.54981545593074)"
3488.0,"(878.8473409690464, 637.9869620995264)","(159.43260760841102, 640.0779458652437)","(1028.2739508144914, 224.63551926531866)"
3489.0,"(878.5990993232454, 638.0165608375058)","(159.43044457036896, 640.0775561359175)","(1028.508801526767, 224.7212230747066)"
3490.0,"(878.3508576774443, 638.0461595754853)","(159.42829234751713, 640.0771683552379)","(1028.7436522390426, 224.8069268840945)"
3491.0,"(878.1026160316433, 638.0757583134647)","(159.42615088577955, 640.0767825134617)","(1028.9785029513182, 224.89263069348243)"
3492.0,"(877.8543743858422, 638.1053570514441)","(159.42402013135066, 640.0763986008944)","(1029.2133536635938, 224.97833450287035)"
3493.0,"(877.6061327400412, 638.1349557894235)","(159.4219000306939, 640.07601660789)","(1029.4482043758694, 225.06403831225828)"
3494.0,"(877.3578910942401, 638.164554527403)","(159.41979053054044, 640.0756365248506)","(1029.683055088145, 225.1497421216462)"
3495.0,"(877.1096494484391, 638.1941532653824)","(159.41769157788772, 640.0752583422263)","(1029.9179058004206, 225.23544593103412)"
3496.0,"(876.861407802638, 638.2237520033618)","(159.41560311999828, 640.0748820505152)","(1030.1527565126962, 225.32114974042204)"
3497.0,"(876.613166156837, 638.2533507413413)","(159.4135251043983, 640.0745076402626)","(1030.3876072249718, 225.40685354980997)"
3498.0,"(876.364924511036, 638.2829494793207)","(159.41145747887632, 640.0741351020613)","(1030.6224579372474, 225.4925573591979)"
3499.0,"(876.1166828652349, 638.3125482173001)","(159.40940019148192, 640.073764426551)","(1030.857308649523, 225.57826116858578)"
3500.0,"(875.8684412194339, 638.3421469552795)","(159.4073531905245, 640.0733956044182)","(1031.0921593617986, 225.66396497797368)"
3501.0,"(875.6201995736328, 638.371745693259)","(159.40531642457188, 640.0730286263962)","(1031.3270100740742, 225.74966878736157)"
3502.0,"(875.3719579278318, 638.4013444312384)","(159.40328984244903, 640.0726634832643)","(1031.5618607863498, 225.83537259674947)"
3503.0,"(875.1237162820307, 638.4309431692178)","(159.40127339323678, 640.0723001658479)","(1031.7967114986254, 225.92107640613736)"
3504.0,"(874.8754746362297, 638.4605419071972)","(159.3992670262706, 640.0719386650186)","(1032.031562210901, 226.00678021552525)"
3505.0,"(874.6272329904286, 638.4901406451767)","(159.39727069113923, 640.0715789716935)","(1032.2664129231766, 226.09248402491315)"
3506.0,"(874.3789913446276, 638.5197393831561)","(159.39528433768353, 640.0712210768351)","(1032.5012636354522, 226.17818783430104)"
3507.0,"(874.1307496988265, 638.5493381211355)","(159.3933079159951, 640.0708649714509)","(1032.7361143477278, 226.26389164368894)"
3508.0,"(873.8825080530255, 638.578936859115)","(159.39134137641514, 640.0705106465937)","(1032.9709650600034, 226.34959545307683)"
3509.0,"(873.6342664072245, 638.6085355970944)","(159.38938466953306, 640.0701580933608)","(1033.205815772279, 226.43529926246472)"
3510.0,"(873.3860247614234, 638.6381343350738)","(159.38743774618538, 640.069807302894)","(1033.4406664845546, 226.52100307185262)"
3511.0,"(873.1377831156224, 638.6677330730532)","(159.38550055745446, 640.0694582663796)","(1033.6755171968302, 226.6067068812405)"
3512.0,"(872.8895414698213, 638.6973318110327)","(159.38357305466718, 640.0691109750477)","(1033.9103679091058, 226.6924106906284)"
3513.0,"(872.6412998240203, 638.7269305490121)","(159.38165518939385, 640.0687654201724)","(1034.1452186213814, 226.7781145000163)"
3514.0,"(872.3930581782192, 638.7565292869915)","(159.3797469134469, 640.0684215930715)","(1034.380069333657, 226.8638183094042)"
3515.0,"(872.1448165324182, 638.7861280249709)","(159.37784817887965, 640.0680794851062)","(1034.6149200459326, 226.9495221187921)"
3516.0,"(871.8965748866171, 638.8157267629504)","(159.37595893798525, 640.0677390876807)","(1034.8497707582083, 227.03522592817998)"
3517.0,"(871.6483332408161, 638.8453255009298)","(159.37407914329532, 640.0674003922423)","(1035.0846214704839, 227.12092973756788)"
3518.0,"(871.400091595015, 638.8749242389092)","(159.37220874757884, 640.0670633902812)","(1035.3194721827595, 227.20663354695577)"
3519.0,"(871.151849949214, 638.9045229768886)","(159.37034770384093, 640.0667280733298)","(1035.554322895035, 227.29233735634367)"
3520.0,"(870.903608303413, 638.9341217148681)","(159.36849596532173, 640.0663944329632)","(1035.7891736073107, 227.37804116573156)"
3521.0,"(870.6553666576119, 638.9637204528475)","(159.3666534854951, 640.0660624607983)","(1036.0240243195863, 227.46374497511945)"
3522.0,"(870.4071250118109, 638.9933191908269)","(159.36482021806762, 640.0657321484944)","(1036.2588750318619, 227.54944878450735)"
3523.0,"(870.1588833660098, 639.0229179288064)","(159.36299611697729, 640.0654034877518)","(1036.4937257441375, 227.63515259389524)"
3524.0,"(869.9106417202088, 639.0525166667858)","(159.3611811363924, 640.0650764703131)","(1036.728576456413, 227.72085640328314)"
3525.0,"(869.6624000744077, 639.0821154047652)","(159.35937523071044, 640.0647510879616)","(1036.9634271686887, 227.80656021267103)"
3526.0,"(869.4141584286067, 639.1117141427446)","(159.3575783545569, 640.0644273325217)","(1037.1982778809643, 227.89226402205892)"
3527.0,"(869.1659167828057, 639.1413128807241)","(159.3557904627841, 640.0641051958592)","(1037.4331285932399, 227.97796783144682)"
3528.0,"(868.9176751370046, 639.1709116187035)","(159.3540115104702, 640.0637846698799)","(1037.6679793055155, 228.0636716408347)"
3529.0,"(868.6694334912036, 639.2005103566829)","(159.35224145291784, 640.0634657465305)","(1037.902830017791, 228.1493754502226)"
3530.0,"(868.4211918454025, 639.2301090946623)","(159.35048024565324, 640.0631484177978)","(1038.1376807300667, 228.2350792596105)"
3531.0,"(868.1729501996015, 639.2597078326418)","(159.34872784442499, 640.0628326757088)","(1038.3725314423423, 228.3207830689984)"
3532.0,"(867.9247085538004, 639.2893065706212)","(159.34698420520286, 640.0625185123303)","(1038.6073821546179, 228.4064868783863)"
3533.0,"(867.7239023553784, 639.3030977682496)","(159.34524928417684, 640.0622059197686)","(1038.8422328668935, 228.49219068777418)"
3534.0,"(867.5705332790205, 639.301086451829)","(159.34352303775597, 640.0618948901698)","(1039.077083579169, 228.57789449716208)"
3535.0,"(867.4646029977459, 639.2832776444352)","(159.3418054225672, 640.0615854157189)","(1039.3119342914447, 228.66359830654997)"
3536.0,"(867.4061131832536, 639.2496763669534)","(159.34009639545437, 640.0612774886404)","(1039.5467850037203, 228.74930211593787)"
3537.0,"(867.3950655062671, 639.2002876391111)","(159.3383959134771, 640.0609711011972)","(1039.781635715996, 228.83500592532576)"
3538.0,"(867.4314616368785, 639.1351164805113)","(159.3367039339097, 640.0606662456912)","(1040.0164864282715, 228.92070973471365)"
3539.0,"(867.5153032448917, 639.0541679116646)","(159.33502041424015, 640.0603629144628)","(1040.251337140547, 229.00641354410155)"
3540.0,"(867.6465920001664, 638.9574469550229)","(159.33334531216894, 640.0600610998904)","(1040.4861878528227, 229.09211735348944)"
3541.0,"(867.8253295729603, 638.8449586360138)","(159.3316785856081, 640.059760794391)","(1040.7210385650983, 229.17782116287734)"
3542.0,"(868.0418191918021, 638.7199296596374)","(159.33002019268005, 640.059461990419)","(1040.955889277374, 229.26352497226523)"
3543.0,"(868.2583088106439, 638.594900683261)","(159.32837009171666, 640.0591646804669)","(1041.1907399896495, 229.34922878165312)"
3544.0,"(868.4747984294858, 638.4698717068846)","(159.32672824125808, 640.0588688570646)","(1041.425590701925, 229.43493259104102)"
3545.0,"(868.6912880483276, 638.3448427305083)","(159.32509460005178, 640.0585745127793)","(1041.6604414142007, 229.5206364004289)"
3546.0,"(868.9077776671694, 638.2198137541319)","(159.32346912705154, 640.0582816402153)","(1041.8952921264763, 229.6063402098168)"
3547.0,"(869.1242672860112, 638.0947847777555)","(159.32185178141629, 640.0579902320143)","(1042.130142838752, 229.6920440192047)"
3548.0,"(869.340756904853, 637.9697558013792)","(159.3202425225092, 640.0577002808542)","(1042.3649935510275, 229.7777478285926)"
3549.0,"(869.5572465236949, 637.8447268250028)","(159.31864130989666, 640.0574117794499)","(1042.599844263303, 229.8634516379805)"
3550.0,"(869.7737361425367, 637.7196978486264)","(159.3170481033472, 640.0571247205527)","(1042.8346949755787, 229.94915544736838)"
3551.0,"(869.9902257613785, 637.59466887225)","(159.31546286283046, 640.05683909695)","(1043.0695456878543, 230.03485925675628)"
3552.0,"(870.2067153802203, 637.4696398958737)","(159.3138855485163, 640.0565549014652)","(1043.30439640013, 230.12056306614417)"
3553.0,"(870.4232049990621, 637.3446109194973)","(159.31231612077372, 640.0562721269579)","(1043.5392471124055, 230.20626687553207)"
3554.0,"(870.639694617904, 637.2195819431209)","(159.31075454016985, 640.0559907663231)","(1043.7740978246811, 230.29197068491996)"
3555.0,"(870.8561842367458, 637.0945529667446)","(159.309200767469, 640.0557108124915)","(1044.0089485369567, 230.37767449430785)"
3556.0,"(871.0726738555876, 636.9695239903682)","(159.30765476363166, 640.055432258429)","(1044.2437992492323, 230.46337830369575)"
3557.0,"(871.2891634744294, 636.8444950139918)","(159.3061164898135, 640.0551550971369)","(1044.478649961508, 230.54908211308364)"
3558.0,"(871.5056530932712, 636.7194660376155)","(159.3045859073644, 640.0548793216512)","(1044.7135006737835, 230.63478592247154)"
3559.0,"(871.722142712113, 636.5944370612391)","(159.30306297782758, 640.054604925043)","(1044.9483513860591, 230.72048973185943)"
3560.0,"(871.9386323309549, 636.4694080848627)","(159.30154766293845, 640.0543319004178)","(1045.1832020983347, 230.80619354124732)"
3561.0,"(872.1551219497967, 636.3443791084864)","(159.30003992462375, 640.0540602409156)","(1045.4180528106103, 230.89189735063522)"
3562.0,"(872.3716115686385, 636.21935013211)","(159.29853972500064, 640.0537899397111)","(1045.652903522886, 230.9776011600231)"
3563.0,"(872.5881011874803, 636.0943211557336)","(159.29704702637562, 640.0535209900125)","(1045.8877542351615, 231.063304969411)"
3564.0,"(872.8045908063222, 635.9692921793572)","(159.29556179124376, 640.0532533850625)","(1046.1226049474371, 231.1490087787989)"
3565.0,"(873.021080425164, 635.8442632029809)","(159.29408398228753, 640.0529871181371)","(1046.3574556597127, 231.2347125881868)"
3566.0,"(873.2375700440058, 635.7192342266045)","(159.2926135623761, 640.0527221825464)","(1046.5923063719883, 231.3204163975747)"
3567.0,"(873.4540596628476, 635.5942052502281)","(159.29115049456422, 640.0524585716337)","(1046.827157084264, 231.40612020696258)"
3568.0,"(873.6705492816894, 635.4691762738518)","(159.2896947420914, 640.0521962787755)","(1047.0620077965395, 231.49182401635048)"
3569.0,"(873.8870389005313, 635.3441472974754)","(159.28824626838093, 640.0519352973815)","(1047.2968585088151, 231.57752782573837)"
3570.0,"(874.1035285193731, 635.219118321099)","(159.28680503703902, 640.0516756208946)","(1047.5317092210908, 231.66323163512627)"
3571.0,"(874.3200181382149, 635.0940893447226)","(159.2853710118538, 640.0514172427901)","(1047.7665599333664, 231.74893544451416)"
3572.0,"(874.5365077570567, 634.9690603683463)","(159.28394415679455, 640.0511601565761)","(1048.001410645642, 231.83463925390205)"
3573.0,"(874.7529973758985, 634.8440313919699)","(159.32491606969515, 640.0774048528585)","(1048.2362613579176, 231.92034306328995)"
3574.0,"(874.9694869947404, 634.7190024155935)","(159.40828677327696, 640.1301512952866)","(1048.4711120701932, 232.00604687267784)"
3575.0,"(875.1859766135822, 634.5939734392172)","(159.53405629026665, 640.2093994475011)","(1048.7059627824688, 232.09175068206574)"
3576.0,"(875.402466232424, 634.4689444628408)","(159.7022246433998, 640.3151492731284)","(1048.9408134947444, 232.17745449145363)"
3577.0,"(875.6189558512658, 634.3439154864644)","(159.91279185542456, 640.4474007357749)","(1049.17566420702, 232.26315830084152)"
3578.0,"(875.8354454701076, 634.218886510088)","(160.12450012670038, 640.5803654223402)","(1049.4105149192956, 232.34886211022942)"
3579.0,"(876.0519350889494, 634.0938575337117)","(160.3362083979762, 640.7133301089054)","(1049.6453656315712, 232.4345659196173)"
3580.0,"(876.2684247077913, 633.9688285573353)","(160.54791666925203, 640.8462947954707)","(1049.8802163438468, 232.5202697290052)"
3581.0,"(876.4849143266331, 633.843799580959)","(160.75962494052786, 640.979259482036)","(1050.1150670561224, 232.6059735383931)"
3582.0,"(876.7014039454749, 633.7187706045826)","(160.97133321180368, 641.1122241686013)","(1050.349917768398, 232.691677347781)"
3583.0,"(876.9178935643167, 633.5937416282062)","(161.1830414830795, 641.2451888551666)","(1050.5847684806736, 232.7773811571689)"
3584.0,"(877.1343831831585, 633.4687126518298)","(161.39474975435533, 641.3781535417319)","(1050.8196191929492, 232.86308496655678)"
3585.0,"(877.3508728020004, 633.3436836754535)","(161.60645802563116, 641.5111182282972)","(1051.0544699052248, 232.94878877594468)"
3586.0,"(877.5673624208422, 633.2186546990771)","(161.81816629690698, 641.6440829148625)","(1051.2893206175004, 233.03449258533257)"
3587.0,"(877.783852039684, 633.0936257227007)","(162.0298745681828, 641.7770476014277)","(1051.524171329776, 233.12019639472047)"
3588.0,"(878.0003416585258, 632.9685967463244)","(162.24158283945863, 641.910012287993)","(1051.7590220420516, 233.20590020410836)"
3589.0,"(878.2168312773676, 632.843567769948)","(162.45329111073445, 642.0429769745583)","(1051.9938727543272, 233.29160401349625)"
3590.0,"(878.4333208962095, 632.7185387935716)","(162.66499938201028, 642.1759416611236)","(1052.2287234666028, 233.37730782288415)"
3591.0,"(878.6498105150513, 632.5935098171952)","(162.8767076532861, 642.3089063476889)","(1052.4635741788784, 233.46301163227204)"
3592.0,"(878.8663001338931, 632.4684808408189)","(163.08841592456193, 642.4418710342542)","(1052.698424891154, 233.54871544165994)"
3593.0,"(879.0827897527349, 632.3434518644425)","(163.30012419583775, 642.5748357208195)","(1052.9332756034296, 233.63441925104783)"
3594.0,"(879.2992793715767, 632.2184228880661)","(163.51183246711358, 642.7078004073848)","(1053.1681263157052, 233.72012306043572)"
3595.0,"(879.5157689904186, 632.0933939116898)","(163.7235407383894, 642.84076509395)","(1053.4029770279808, 233.80582686982362)"
3596.0,"(879.7322586092604, 631.9683649353134)","(163.93524900966523, 642.9737297805153)","(1053.6378277402564, 233.8915306792115)"
3597.0,"(879.9487482281022, 631.843335958937)","(164.14695728094105, 643.1066944670806)","(1053.872678452532, 233.9772344885994)"
3598.0,"(880.165237846944, 631.7183069825606)","(164.35866555221688, 643.2396591536459)","(1054.1075291648076, 234.0629382979873)"
3599.0,"(880.3817274657858, 631.5932780061843)","(164.5703738234927, 643.3726238402112)","(1054.3423798770832, 234.1486421073752)"
3600.0,"(880.5982170846277, 631.4682490298079)","(164.78208209476853, 643.5055885267765)","(1054.5772305893588, 234.2343459167631)"
3601.0,"(880.8147067034695, 631.3432200534315)","(164.99379036604435, 643.6385532133418)","(1054.8120813016344, 234.32004972615098)"
3602.0,"(881.0311963223113, 631.2181910770552)","(165.20549863732018, 643.771517899907)","(1055.04693201391, 234.40575353553888)"
3603.0,"(881.2476859411531, 631.0931621006788)","(165.417206908596, 643.9044825864723)","(1055.2817827261856, 234.49145734492677)"
3604.0,"(881.4641755599949, 630.9681331243024)","(165.62891517987183, 644.0374472730376)","(1055.5166334384612, 234.57716115431467)"
3605.0,"(881.6806651788368, 630.843104147926)","(165.84062345114765, 644.1704119596029)","(1055.7514841507368, 234.66286496370256)"
3606.0,"(881.8971547976786, 630.7180751715497)","(166.05233172242347, 644.3033766461682)","(1055.9863348630124, 234.74856877309045)"
3607.0,"(882.1136444165204, 630.5930461951733)","(166.2640399936993, 644.4363413327335)","(1056.221185575288, 234.83427258247835)"
3608.0,"(882.3301340353622, 630.468017218797)","(166.47574826497512, 644.5693060192988)","(1056.4560362875636, 234.91997639186624)"
3609.0,"(882.546623654204, 630.3429882424206)","(166.68745653625095, 644.7022707058641)","(1056.6908869998392, 235.00568020125414)"
3610.0,"(882.7631132730459, 630.2179592660442)","(166.89916480752677, 644.8352353924294)","(1056.9257377121148, 235.09138401064203)"
3611.0,"(882.9796028918877, 630.0929302896678)","(167.1108730788026, 644.9682000789946)","(1057.1605884243904, 235.17708782002993)"
3612.0,"(883.1960925107295, 629.9679013132915)","(167.32258135007842, 645.1011647655599)","(1057.395439136666, 235.26279162941782)"
3613.0,"(883.4125821295713, 629.8428723369151)","(167.53428962135425, 645.2341294521252)","(1057.6302898489416, 235.3484954388057)"
3614.0,"(883.6290717484131, 629.7178433605387)","(167.74599789263007, 645.3670941386905)","(1057.8651405612172, 235.4341992481936)"
3615.0,"(883.845561367255, 629.5928143841624)","(167.95770616390587, 645.5000588252558)","(1058.0999912734928, 235.5199030575815)"
3616.0,"(884.0620509860968, 629.467785407786)","(168.1694144351817, 645.6330235118211)","(1058.3348419857684, 235.6056068669694)"
3617.0,"(884.2785406049386, 629.3427564314096)","(168.38112270645752, 645.7659881983864)","(1058.569692698044, 235.6913106763573)"
3618.0,"(884.4950302237804, 629.2177274550332)","(168.59283097773334, 645.8989528849517)","(1058.8045434103196, 235.77701448574518)"
3619.0,"(884.7115198426222, 629.0926984786569)","(168.80453924900917, 646.0319175715169)","(1059.0393941225952, 235.86271829513308)"
3620.0,"(884.9280094614641, 628.9676695022805)","(169.01624752028496, 646.1648822580822)","(1059.2741971519822, 235.94840470365742)"
3621.0,"(885.1444990803059, 628.8426405259041)","(169.22795579156076, 646.2978469446475)","(1059.5078261662222, 236.03366268013912)"
3622.0,"(885.3609886991477, 628.7176115495278)","(169.43966406283658, 646.4308116312128)","(1059.740287035391, 236.11849436673842)"
3623.0,"(885.5774783179895, 628.5925825731514)","(169.6513723341124, 646.5637763177781)","(1059.971585600214, 236.20290189490473)"
3624.0,"(885.7939679368313, 628.467553596775)","(169.86308060538823, 646.6967410043434)","(1060.2017276722129, 236.2868873854302)"
3625.0,"(886.0104575556732, 628.3425246203986)","(170.07478887666406, 646.8297056909087)","(1060.4307190338518, 236.37045294850304)"
3626.0,"(886.226947174515, 628.2174956440223)","(170.28649714793988, 646.962670377474)","(1060.6585654386824, 236.45360068376053)"
3627.0,"(886.4434367933568, 628.0924666676459)","(170.4982054192157, 647.0956350640392)","(1060.885272611489, 236.53633268034173)"
3628.0,"(886.6599264121986, 627.9674376912695)","(170.7099136904915, 647.2285997506045)","(1061.1108462484315, 236.61865101694002)"
3629.0,"(886.8764160310404, 627.8424087148932)","(170.9216219617673, 647.3615644371698)","(1061.3352920171892, 236.70055776185532)"
3630.0,"(887.0929056498823, 627.7173797385168)","(171.1333302330431, 647.4945291237351)","(1061.5586155571032, 236.78205497304606)"
3631.0,"(887.3093952687241, 627.5923507621404)","(171.3450385043189, 647.6274938103004)","(1061.7808224793177, 236.86314469818083)"
3632.0,"(887.5258848875659, 627.467321785764)","(171.5567467755947, 647.7604584968657)","(1062.0019183669212, 236.94382897468992)"
3633.0,"(887.7423745064077, 627.3422928093877)","(171.76845504687049, 647.893423183431)","(1062.2219087750866, 237.02410982981647)"
3634.0,"(887.9588641252495, 627.2172638330113)","(171.9801633181463, 648.0263878699963)","(1062.4407992312113, 237.10398928066738)"
3635.0,"(888.1753537440914, 627.092234856635)","(172.1918715894221, 648.1593525565615)","(1062.6585952350551, 237.18346933426403)"
3636.0,"(888.3918433629332, 626.9672058802586)","(172.4035798606979, 648.2923172431268)","(1062.8753022588799, 237.2625519875927)"
3637.0,"(888.608332981775, 626.8421769038822)","(172.6152881319737, 648.4252819296921)","(1063.0909257475855, 237.34123922765474)"
3638.0,"(888.8248226006168, 626.7171479275058)","(172.8269964032495, 648.5582466162574)","(1063.3054711188477, 237.41953303151647)"
3639.0,"(889.0413122194586, 626.5921189511295)","(173.0387046745253, 648.6912113028227)","(1063.5189437632534, 237.49743536635887)"
3640.0,"(889.2578018383005, 626.4670899747531)","(173.2504129458011, 648.824175989388)","(1063.7313490444371, 237.57494818952708)"
3641.0,"(889.4742914571423, 626.3420609983767)","(173.46212121707688, 648.9571406759533)","(1063.942692299215, 237.65207344857944)"
3642.0,"(889.6907810759841, 626.2170320220004)","(173.67382948835268, 649.0901053625186)","(1064.1529788377188, 237.72881308133654)"
3643.0,"(889.9072706948259, 626.092003045624)","(173.8855377596285, 649.2230700490838)","(1064.3622139435302, 237.80516901592986)"
3644.0,"(890.1237603136677, 625.9669740692476)","(174.0972460309043, 649.3560347356491)","(1064.5704028738126, 237.8811431708502)"
3645.0,"(890.3402499325096, 625.8419450928712)","(174.3089543021801, 649.4889994222144)","(1064.7775508594434, 237.95673745499596)"
3646.0,"(890.5567395513514, 625.7169161164949)","(174.5206625734559, 649.6219641087797)","(1064.9836631051462, 238.03195376772098)"
3647.0,"(890.7732291701932, 625.5918871401185)","(174.7323708447317, 649.754928795345)","(1065.1887447896204, 238.10679399888238)"
3648.0,"(890.989718789035, 625.4668581637421)","(174.9440791160075, 649.8878934819103)","(1065.3928010656723, 238.18126002888798)"
3649.0,"(891.2062084078768, 625.3418291873658)","(175.15578738728328, 650.0208581684756)","(1065.595837060344, 238.25535372874353)"
3650.0,"(891.4226980267186, 625.2168002109894)","(175.36749565855908, 650.1538228550409)","(1065.7978578750422, 238.3290769600998)"
3651.0,"(891.6391876455605, 625.091771234613)","(175.57920392983488, 650.2867875416061)","(1065.998868585667, 238.4024315752993)"
3652.0,"(891.8556772644023, 624.9667422582366)","(175.79091220111067, 650.4197522281714)","(1066.1988742427386, 238.47541941742278)"
3653.0,"(892.0721668832441, 624.8417132818603)","(176.00262047238647, 650.5527169147367)","(1066.397879871525, 238.54804232033567)"
3654.0,"(892.2886565020859, 624.7166843054839)","(176.21432874366226, 650.685681601302)","(1066.5958904721674, 238.620302108734)"
3655.0,"(892.5051461209277, 624.5916553291075)","(176.42603701493806, 650.8186462878673)","(1066.7929110198065, 238.6922005981903)"
3656.0,"(892.7216357397696, 624.4666263527312)","(176.63774528621386, 650.9516109744326)","(1066.9889464647074, 238.76373959519935)"
3657.0,"(892.9381253586114, 624.3415973763548)","(176.84945355748965, 651.0845756609979)","(1067.1840017323839, 238.83492089722336)"
3658.0,"(893.1546149774532, 624.2165683999784)","(177.06116182876545, 651.2175403475632)","(1067.378081723722, 238.90574629273723)"
3659.0,"(893.371104596295, 624.0915394236021)","(177.27287010004125, 651.3505050341284)","(1067.5711913151035, 238.97621756127356)"
3660.0,"(893.5875942151368, 623.9665104472257)","(177.48457837131704, 651.4834697206937)","(1067.763335358528, 239.0463364734672)"
3661.0,"(893.8040838339787, 623.8414814708493)","(177.69628664259284, 651.616434407259)","(1067.9545186817352, 239.11610479109984)"
3662.0,"(894.0205734528205, 623.716452494473)","(177.90799491386863, 651.7493990938243)","(1068.1447460883264, 239.18552426714433)"
3663.0,"(894.2370630716623, 623.5914235180966)","(178.11970318514443, 651.8823637803896)","(1068.3340223578848, 239.25459664580862)"
3664.0,"(894.4535526905041, 623.4663945417202)","(178.33141145642023, 652.0153284669549)","(1068.5223522460954, 239.32332366257958)"
3665.0,"(894.670042309346, 623.3413655653438)","(178.54311972769602, 652.1482931535202)","(1068.7097404848648, 239.3917070442667)"
3666.0,"(894.8865319281878, 623.2163365889675)","(178.75482799897182, 652.2812578400855)","(1068.8961917824406, 239.45974850904537)"
3667.0,"(895.1030215470296, 623.0913076125911)","(178.96653627024762, 652.4142225266507)","(1069.0817108235285, 239.52744976650015)"
3668.0,"(895.3195111658714, 622.9662786362147)","(179.1782445415234, 652.547187213216)","(1069.266302269411, 239.59481251766766)"
3669.0,"(895.5360007847132, 622.8412496598384)","(179.3899528127992, 652.6801518997813)","(1069.449970758064, 239.66183845507933)"
3670.0,"(895.752490403555, 622.716220683462)","(179.601661084075, 652.8131165863466)","(1069.6327209042736, 239.72852926280393)"
3671.0,"(895.9689800223969, 622.5911917070856)","(179.8133693553508, 652.9460812729119)","(1069.8145572997523, 239.79488661648992)"
3672.0,"(896.1854696412387, 622.4661627307092)","(180.0250776266266, 653.0790459594772)","(1069.9954845132536, 239.86091218340746)"
3673.0,"(896.4019592600805, 622.3411337543329)","(180.2367858979024, 653.2120106460425)","(1070.1755070906872, 239.92660762249042)"
3674.0,"(896.6184488789223, 622.2161047779565)","(180.4484941691782, 653.3449753326078)","(1070.3546295552337, 239.99197458437797)"
3675.0,"(896.8349384977641, 622.0910758015801)","(180.660202440454, 653.477940019173)","(1070.5328564074575, 240.05701471145608)"
3676.0,"(897.051428116606, 621.9660468252038)","(180.87191071172978, 653.6109047057383)","(1070.7101921254202, 240.1217296378988)"
3677.0,"(897.2679177354478, 621.8410178488274)","(181.08361898300558, 653.7438693923036)","(1070.8866411647932, 240.1861209897093)"
3678.0,"(897.4844073542896, 621.715988872451)","(181.29532725428137, 653.8768340788689)","(1071.0622079589693, 240.25019038476077)"
3679.0,"(897.7008969731314, 621.5909598960747)","(181.50703552555717, 654.0097987654342)","(1071.2368969191746, 240.31393943283697)"
3680.0,"(897.9173865919732, 621.4659309196983)","(181.71874379683297, 654.1427634519995)","(1071.4107124345787, 240.3773697356728)"
3681.0,"(898.1338762108151, 621.3409019433219)","(181.93045206810876, 654.2757281385648)","(1071.5836588724057, 240.44048288699443)"
3682.0,"(898.3503658296569, 621.2158729669455)","(182.14216033938456, 654.4086928251301)","(1071.7557405780437, 240.50328047255945)"
3683.0,"(898.5668554484987, 621.0908439905692)","(182.35386861066036, 654.5416575116953)","(1071.9269618751534, 240.56576407019665)"
3684.0,"(898.7833450673405, 620.9658150141928)","(182.56557688193615, 654.6746221982606)","(1072.0973270657776, 240.62793524984568)"
3685.0,"(898.9998346861823, 620.8407860378164)","(182.77728515321195, 654.8075868848259)","(1072.2668404304486, 240.68979557359646)"
3686.0,"(899.2163243050242, 620.7157570614401)","(182.98899342448775, 654.9405515713912)","(1072.4355062282964, 240.75134659572848)"
3687.0,"(899.432813923866, 620.5907280850637)","(183.20070169576354, 655.0735162579565)","(1072.603328697155, 240.81258986274983)"
3688.0,"(899.6493035427078, 620.4656991086873)","(183.41240996703934, 655.2064809445218)","(1072.7703120536692, 240.87352691343608)"
3689.0,"(899.8657931615496, 620.340670132311)","(183.62411823831513, 655.3394456310871)","(1072.9364604934008, 240.9341592788689)"
3690.0,"(900.0822827803914, 620.2156411559346)","(183.83582650959093, 655.4724103176524)","(1073.1017781909338, 240.99448848247454)"
3691.0,"(900.2987723992333, 620.0906121795582)","(184.04753478086673, 655.6053750042176)","(1073.266269299979, 241.05451604006217)"
3692.0,"(900.5152620180751, 619.9655832031818)","(184.25924305214252, 655.7383396907829)","(1073.429937953479, 241.11424345986185)"
3693.0,"(900.7317516369169, 619.8405542268055)","(184.47095132341832, 655.8713043773482)","(1073.5927882637118, 241.17367224256253)"
3694.0,"(900.9482412557587, 619.7155252504291)","(184.68265959469412, 656.0042690639135)","(1073.7548243223932, 241.23280388134972)"
3695.0,"(901.1647308746005, 619.5904962740527)","(184.8943678659699, 656.1372337504788)","(1073.9160502007812, 241.29163986194297)"
3696.0,"(901.3812204934424, 619.4654672976764)","(185.1060761372457, 656.2701984370441)","(1074.0764699497772, 241.35018166263325)"
3697.0,"(901.5977101122842, 619.3404383213)","(185.3177844085215, 656.4031631236094)","(1074.2360876000284, 241.40843075432008)"
3698.0,"(901.814199731126, 619.2154093449236)","(185.5294926797973, 656.5361278101747)","(1074.3949071620284, 241.46638860054847)"
3699.0,"(902.0306893499678, 619.0903803685472)","(185.7412009510731, 656.66909249674)","(1074.5529326262183, 241.5240566575457)"
3700.0,"(902.2471789688096, 618.9653513921709)","(185.9529092223489, 656.8020571833052)","(1074.7101679630873, 241.58143637425798)"
3701.0,"(902.4636685876515, 618.8403224157945)","(186.1646174936247, 656.9350218698705)","(1074.866617123272, 241.6385291923867)"
3702.0,"(902.6801582064933, 618.7152934394181)","(186.37632576490049, 657.0679865564358)","(1075.0222840376555, 241.69533654642476)"
3703.0,"(902.8966478253351, 618.5902644630418)","(186.58803403617628, 657.2009512430011)","(1075.1771726174672, 241.75185986369263)"
3704.0,"(903.1131374441769, 618.4652354866654)","(186.79974230745208, 657.3339159295664)","(1075.33128675438, 241.80810056437417)"
3705.0,"(903.3296270630187, 618.340206510289)","(187.01145057872787, 657.4668806161317)","(1075.4846303206082, 241.8640600615523)"
3706.0,"(903.5461166818606, 618.2151775339127)","(187.22315885000367, 657.599845302697)","(1075.637207169005, 241.91973976124453)"
3707.0,"(903.7626063007024, 618.0901485575363)","(187.43486712127947, 657.7328099892623)","(1075.78902113316, 241.9751410624383)"
3708.0,"(903.9790959195442, 617.9651195811599)","(187.64657539255526, 657.8657746758275)","(1075.9400760274943, 242.0302653571261)"
3709.0,"(904.195585538386, 617.8400906047835)","(187.85828366383106, 657.9987393623928)","(1076.090375647357, 242.08511403034046)"
3710.0,"(904.4120751572278, 617.7150616284072)","(188.06999193510686, 658.1317040489581)","(1076.2399237691202, 242.13968846018875)"
3711.0,"(904.6285647760697, 617.5900326520308)","(188.28170020638265, 658.2646687355234)","(1076.3887241502746, 242.1939900178878)"
3712.0,"(904.8450543949115, 617.4650036756544)","(188.49340847765845, 658.3976334220887)","(1076.5367805295232, 242.24802006779836)"
3713.0,"(905.0615440137533, 617.3399746992781)","(188.70511674893424, 658.530598108654)","(1076.6840966268755, 242.30177996745937)"
3714.0,"(905.2780336325951, 617.2149457229017)","(188.91682502021004, 658.6635627952193)","(1076.8306761437411, 242.35527106762208)"
3715.0,"(905.4945232514369, 617.0899167465253)","(189.12853329148584, 658.7965274817846)","(1076.9765227630223, 242.40849471228398)"
3716.0,"(905.7110128702788, 616.964887770149)","(189.34024156276163, 658.9294921683498)","(1077.1216401492072, 242.46145223872256)"
3717.0,"(905.9275024891206, 616.8398587937726)","(189.55194983403743, 659.0624568549151)","(1077.2660319484612, 242.51414497752896)"
3718.0,"(906.1439921079624, 616.7148298173962)","(189.76365810531323, 659.1954215414804)","(1077.4097017887188, 242.56657425264132)"
3719.0,"(906.3604817268042, 616.5898008410198)","(189.97536637658902, 659.3283862280457)","(1077.5526532797753, 242.6187413813781)"
3720.0,"(906.576971345646, 616.4647718646435)","(190.18707464786482, 659.461350914611)","(1077.6948900133764, 242.6706476744712)"
3721.0,"(906.7934609644878, 616.3397428882671)","(190.39878291914061, 659.5943156011763)","(1077.8364155633094, 242.72229443609885)"
3722.0,"(907.0099505833297, 616.2147139118907)","(190.6104911904164, 659.7272802877416)","(1077.977233485493, 242.77368296391836)"
3723.0,"(907.2264402021715, 616.0896849355144)","(190.8221994616922, 659.8602449743069)","(1078.1173473180654, 242.82481454909876)"
3724.0,"(907.4429298210133, 615.964655959138)","(191.033907732968, 659.9932096608721)","(1078.2567605814752, 242.87569047635327)"
3725.0,"(907.6594194398551, 615.8396269827616)","(191.2456160042438, 660.1261743474374)","(1078.3954767785679, 242.9263120239715)"
3726.0,"(907.875909058697, 615.7145980063852)","(191.4573242755196, 660.2591390340027)","(1078.5334993946751, 242.97668046385164)"
3727.0,"(908.0923986775388, 615.5895690300089)","(191.6690325467954, 660.392103720568)","(1078.6708318977016, 243.0267970615324)"
3728.0,"(908.3088882963806, 615.4645400536325)","(191.8807408180712, 660.5250684071333)","(1078.807477738213, 243.07666307622472)"
3729.0,"(908.5253779152224, 615.3395110772561)","(192.09244908934699, 660.6580330936986)","(1078.943440349522, 243.1262797608436)"
3730.0,"(908.7418675340642, 615.2144821008798)","(192.30415736062278, 660.7909977802639)","(1079.0787231477743, 243.1756483620394)"
3731.0,"(908.958357152906, 615.0894531245034)","(192.51586563189858, 660.9239624668292)","(1079.2133295320355, 243.2247701202292)"
3732.0,"(909.1748467717479, 614.964424148127)","(192.72757390317437, 661.0569271533944)","(1079.3472628843754, 243.27364626962807)"
3733.0,"(909.3913363905897, 614.8393951717507)","(192.93928217445017, 661.1898918399597)","(1079.4805265699536, 243.32227803827993)"
3734.0,"(909.6078260094315, 614.7143661953743)","(193.15099044572597, 661.322856526525)","(1079.6131239371039, 243.37066664808853)"
3735.0,"(909.8243156282733, 614.5893372189979)","(193.36269871700176, 661.4558212130903)","(1079.7450583174184, 243.41881331484808)"
3736.0,"(910.0408052471151, 614.4643082426215)","(193.57440698827756, 661.5887858996556)","(1079.8763330258314, 243.46671924827385)"
3737.0,"(910.257294865957, 614.3392792662452)","(193.78611525955336, 661.7217505862209)","(1080.0069513607023, 243.51438565203247)"
3738.0,"(910.4737844847988, 614.2142502898688)","(193.99782353082915, 661.8547152727862)","(1080.1369166038987, 243.5618137237723)"
3739.0,"(910.6902741036406, 614.0892213134924)","(194.20953180210495, 661.9876799593515)","(1080.2662320208792, 243.60900465515346)"
3740.0,"(910.9067637224824, 613.9641923371161)","(194.42124007338074, 662.1206446459167)","(1080.394900860775, 243.6559596318777)"
3741.0,"(911.1232533413242, 613.8391633607397)","(194.63294834465654, 662.253609332482)","(1080.522926356471, 243.7026798337183)"
3742.0,"(911.3397429601661, 613.7141343843633)","(194.84465661593234, 662.3865740190473)","(1080.6503117246887, 243.7491664345497)"
3743.0,"(911.5562325790079, 613.589105407987)","(195.05636488720813, 662.5195387056126)","(1080.7770601660652, 243.79542060237694)"
3744.0,"(911.7727221978497, 613.4640764316106)","(195.26807315848393, 662.6525033921779)","(1080.9031748652349, 243.84144349936506)"
3745.0,"(911.9892118166915, 613.3390474552342)","(195.47978142975973, 662.7854680787432)","(1081.0286589909088, 243.88723628186824)"
3746.0,"(912.2057014355333, 613.2140184788578)","(195.69148970103552, 662.9184327653085)","(1081.1535156959542, 243.9328001004589)"
3747.0,"(912.4221910543752, 613.0889895024815)","(195.90319797231132, 663.0513974518738)","(1081.2777481174744, 243.9781360999566)"
3748.0,"(912.638680673217, 612.9639605261051)","(196.11490624358711, 663.184362138439)","(1081.401359376887, 244.02324541945683)"
3749.0,"(912.8551702920588, 612.8389315497287)","(196.3266145148629, 663.3173268250043)","(1081.5243525800026, 244.06812919235955)"
3750.0,"(913.0716599109006, 612.7139025733524)","(196.5383227861387, 663.4502915115696)","(1081.6467308171027, 244.11278854639775)"
3751.0,"(913.114957834669, 612.688896778077)","(196.7500310574145, 663.5832561981349)","(1081.7684971630172, 244.15722460366575)"
3752.0,"(913.2015536822057, 612.6388851875265)","(196.9617393286903, 663.7162208847002)","(1081.889654677202, 244.20143848064743)"
3753.0,"(913.3314474535108, 612.5638678017007)","(197.1734475999661, 663.8491855712655)","(1082.010206403816, 244.2454312882442)"
3754.0,"(913.5046391485843, 612.4638446205996)","(197.3851558712419, 663.9821502578308)","(1082.130155371797, 244.28920413180296)"
3755.0,"(913.7211287674261, 612.3388156442232)","(197.5968641425177, 664.115114944396)","(1082.249504594938, 244.33275811114396)"
3756.0,"(913.9376183862679, 612.2137866678469)","(197.80857241379348, 664.2480796309613)","(1082.3682570719632, 244.37609432058824)"
3757.0,"(914.1541080051097, 612.0887576914705)","(198.02028068506928, 664.3810443175266)","(1082.4864157866034, 244.4192138489853)"
3758.0,"(914.3705976239515, 611.9637287150941)","(198.23198895634508, 664.5140090040919)","(1082.6039837076703, 244.46211777974037)"
3759.0,"(914.5870872427934, 611.8386997387178)","(198.44369722762087, 664.6469736906572)","(1082.720963789132, 244.50480719084166)"
3760.0,"(914.8035768616352, 611.7136707623414)","(198.65540549889667, 664.7799383772225)","(1082.8373589701862, 244.54728315488745)"
3761.0,"(915.020066480477, 611.588641785965)","(198.86711377017247, 664.9129030637878)","(1082.9531721753353, 244.58954673911302)"
3762.0,"(915.2365560993188, 611.4636128095887)","(199.07882204144826, 665.0458677503531)","(1083.0684063144586, 244.63159900541746)"
3763.0,"(915.4530457181606, 611.3385838332123)","(199.29053031272406, 665.1788324369184)","(1083.1830642828863, 244.67344101039038)"
3764.0,"(915.6695353370025, 611.2135548568359)","(199.50223858399985, 665.3117971234836)","(1083.297148961472, 244.71507380533842)"
3765.0,"(915.8860249558443, 611.0885258804595)","(199.71394685527565, 665.4447618100489)","(1083.4106632166647, 244.75649843631172)"
3766.0,"(916.1025145746861, 610.9634969040832)","(199.92565512655145, 665.5777264966142)","(1083.5236099005815, 244.79771594413015)"
3767.0,"(916.3190041935279, 610.8384679277068)","(200.13736339782724, 665.7106911831795)","(1083.6359918510786, 244.8387273644095)"
3768.0,"(916.5354938123697, 610.7134389513304)","(200.34907166910304, 665.8436558697448)","(1083.7478118918232, 244.87953372758744)"
3769.0,"(916.7519834312116, 610.5884099749541)","(200.56077994037884, 665.9766205563101)","(1083.859072832364, 244.9201360589495)"
3770.0,"(916.9684730500534, 610.4633809985777)","(200.77248821165463, 666.1095852428754)","(1083.9697774682022, 244.96053537865475)"
3771.0,"(917.1849626688952, 610.3383520222013)","(200.98419648293043, 666.2425499294407)","(1084.0799285808612, 245.00073270176148)"
3772.0,"(917.401452287737, 610.213323045825)","(201.19590475420623, 666.375514616006)","(1084.1895289379568, 245.04072903825266)"
3773.0,"(917.6179419065788, 610.0882940694486)","(201.40761302548202, 666.5084793025712)","(1084.298581293267, 245.0805253930614)"
3774.0,"(917.8344315254207, 609.9632650930722)","(201.61932129675782, 666.6414439891365)","(1084.4070883868008, 245.1201227660961)"
3775.0,"(918.0509211442625, 609.8382361166958)","(201.8310295680336, 666.7744086757018)","(1084.5150529448667, 245.15952215226562)"
3776.0,"(918.2674107631043, 609.7132071403195)","(202.0427378393094, 666.9073733622671)","(1084.6224776801423, 245.1987245415043)"
3777.0,"(918.4839003819461, 609.5881781639431)","(202.2544461105852, 667.0403380488324)","(1084.7293652917415, 245.23773091879679)"
3778.0,"(918.7003900007879, 609.4631491875667)","(202.466154381861, 667.1733027353977)","(1084.8357184652828, 245.2765422642028)"
3779.0,"(918.9168796196298, 609.3381202111904)","(202.6778626531368, 667.306267421963)","(1084.9415398729564, 245.31515955288177)"
3780.0,"(919.1333692384716, 609.213091234814)","(202.8895709244126, 667.4392321085282)","(1085.0468321735916, 245.35358375511737)"
3781.0,"(919.3498588573134, 609.0880622584376)","(203.1012791956884, 667.5721967950935)","(1085.1515980127238, 245.39181583634178)"
3782.0,"(919.5663484761552, 608.9630332820612)","(203.3129874669642, 667.7051614816588)","(1085.25584002266, 245.42985675716008)"
3783.0,"(919.782838094997, 608.8380043056849)","(203.52469573823998, 667.8381261682241)","(1085.3595608225469, 245.46770747337428)"
3784.0,"(919.9993277138389, 608.7129753293085)","(203.73640400951578, 667.9710908547894)","(1085.462763018434, 245.50536893600741)"
3785.0,"(920.2158173326807, 608.5879463529321)","(203.94811228079158, 668.1040555413547)","(1085.5654492033418, 245.54284209132737)"
3786.0,"(920.4323069515225, 608.4629173765558)","(204.15982055206737, 668.23702022792)","(1085.667621957325, 245.58012788087075)"
3787.0,"(920.6487965703643, 608.3378884001794)","(204.37152882334317, 668.3699849144853)","(1085.7692838475384, 245.6172272414664)"
3788.0,"(920.8652861892061, 608.212859423803)","(204.58323709461897, 668.5029496010505)","(1085.8704374283006, 245.65414110525907)"
3789.0,"(921.081775808048, 608.0878304474267)","(204.79494536589476, 668.6359142876158)","(1085.9710852411592, 245.69087039973277)"
3790.0,"(921.2982654268898, 607.9628014710503)","(205.00665363717056, 668.7688789741811)","(1086.0712298149535, 245.7274160477341)"
3791.0,"(921.5147550457316, 607.8377724946739)","(205.21836190844635, 668.9018436607464)","(1086.1708736658788, 245.76377896749543)"
3792.0,"(921.7312446645734, 607.7127435182975)","(205.43007017972215, 669.0348083473117)","(1086.2700192975494, 245.79996007265794)"
3793.0,"(921.9477342834152, 607.5877145419212)","(205.64177845099795, 669.167773033877)","(1086.3686692010617, 245.83596027229464)"
3794.0,"(922.164223902257, 607.4626855655448)","(205.85348672227374, 669.3007377204423)","(1086.4668258550564, 245.87178047093317)"
3795.0,"(922.3807135210989, 607.3376565891684)","(206.06519499354954, 669.4337024070076)","(1086.5644917257812, 245.9074215685785)"
3796.0,"(922.5972031399407, 607.2126276127921)","(206.27690326482534, 669.5666670935728)","(1086.6616692671523, 245.94288446073563)"
3797.0,"(922.8136927587825, 607.0875986364157)","(206.48861153610113, 669.6996317801381)","(1086.7583609208166, 245.97817003843195)"
3798.0,"(923.0301823776243, 606.9625696600393)","(206.70031980737693, 669.8325964667034)","(1086.8545691162126, 246.0132791882398)"
3799.0,"(923.2466719964661, 606.837540683663)","(206.91202807865272, 669.9655611532687)","(1086.9502962706315, 246.0482127922986)"
3800.0,"(923.463161615308, 606.7125117072866)","(207.12373634992852, 670.098525839834)","(1087.0455447892784, 246.08297172833713)"
3801.0,"(923.6796512341498, 606.5874827309102)","(207.33544462120432, 670.2314905263993)","(1087.140317065332, 246.11755686969545)"
3802.0,"(923.8961408529916, 606.4624537545338)","(207.5471528924801, 670.3644552129646)","(1087.2346154800055, 246.15196908534696)"
3803.0,"(924.1126304718334, 606.3374247781575)","(207.7588611637559, 670.4974198995299)","(1087.3284424026053, 246.18620923992023)"
3804.0,"(924.3291200906752, 606.2123958017811)","(207.9705694350317, 670.6303845860951)","(1087.4218001905922, 246.22027819372062)"
3805.0,"(924.5456097095171, 606.0873668254047)","(208.1822777063075, 670.7633492726604)","(1087.5146911896393, 246.25417680275203)"
3806.0,"(924.7620993283589, 605.9623378490284)","(208.3939859775833, 670.8963139592257)","(1087.607117733691, 246.28790591873826)"
3807.0,"(924.9785889472007, 605.837308872652)","(208.6056942488591, 671.029278645791)","(1087.6990821450224, 246.32146638914458)"
3808.0,"(925.1950785660425, 605.7122798962756)","(208.8174025201349, 671.1622433323563)","(1087.7905867342972, 246.35485905719887)"
3809.0,"(925.4115681848843, 605.5872509198992)","(209.0291107914107, 671.2952080189216)","(1087.8816338006257, 246.38808476191286)"
3810.0,"(925.6280578037262, 605.4622219435229)","(209.24081906268648, 671.4281727054869)","(1087.9722256316225, 246.4211443381033)"
3811.0,"(925.844547422568, 605.3371929671465)","(209.45252733396228, 671.5611373920522)","(1088.0623645034643, 246.45403861641276)"
3812.0,"(926.0610370414098, 605.2121639907701)","(209.66423560523808, 671.6941020786174)","(1088.152052680947, 246.4867684233307)"
3813.0,"(926.2775266602516, 605.0871350143938)","(209.87594387651387, 671.8270667651827)","(1088.2412924175424, 246.51933458121403)"
3814.0,"(926.4940162790934, 604.9621060380174)","(210.08765214778967, 671.960031451748)","(1088.3300859554547, 246.55173790830796)"
3815.0,"(926.7105058979353, 604.837077061641)","(210.29936041906547, 672.0929961383133)","(1088.4184355256775, 246.58397921876642)"
3816.0,"(926.9269955167771, 604.7120480852647)","(210.51106869034126, 672.2259608248786)","(1088.506343348049, 246.61605932267258)"
3817.0,"(927.1434851356189, 604.5870191088883)","(210.72277696161706, 672.3589255114439)","(1088.5938116313089, 246.64797902605923)"
3818.0,"(927.3599747544607, 604.4619901325119)","(210.93448523289285, 672.4918901980092)","(1088.6808425731524, 246.67973913092894)"
3819.0,"(927.5764643733025, 604.3369611561355)","(211.14619350416865, 672.6248548845745)","(1088.7674383602866, 246.71134043527428)"
3820.0,"(927.7929539921444, 604.2119321797592)","(211.35790177544445, 672.7578195711397)","(1088.8536011684853, 246.74278373309792)"
3821.0,"(928.0094436109862, 604.0869032033828)","(211.56961004672024, 672.890784257705)","(1088.939333162643, 246.77406981443244)"
3822.0,"(928.225933229828, 603.9618742270064)","(211.78131831799604, 673.0237489442703)","(1089.0246364968298, 246.80519946536026)"
3823.0,"(928.4424228486698, 603.8368452506301)","(211.99302658927184, 673.1567136308356)","(1089.1095133143456, 246.83617346803345)"
3824.0,"(928.6589124675116, 603.7118162742537)","(212.20473486054763, 673.2896783174009)","(1089.1939657477737, 246.8669926006933)"
3825.0,"(928.8754020863535, 603.5867872978773)","(212.41644313182343, 673.4226430039662)","(1089.2779959190348, 246.89765763768983)"
3826.0,"(929.0918917051953, 603.461758321501)","(212.62815140309922, 673.5556076905315)","(1089.3616059394396, 246.9281693495014)"
3827.0,"(929.3083813240371, 603.3367293451246)","(212.83985967437502, 673.6885723770968)","(1089.4447979097424, 246.9585285027539)"
3828.0,"(929.5248709428789, 603.2117003687482)","(213.05156794565082, 673.821537063662)","(1089.5275739201936, 246.98873586024013)"
3829.0,"(929.7413605617207, 603.0866713923718)","(213.2632762169266, 673.9545017502273)","(1089.6099360505928, 247.01879218093893)"
3830.0,"(929.9578501805626, 602.9616424159955)","(213.4749844882024, 674.0874664367926)","(1089.6918863703397, 247.04869822003423)"
3831.0,"(930.1743397994044, 602.8366134396191)","(213.6866927594782, 674.2204311233579)","(1089.773426938488, 247.07845472893405)"
3832.0,"(930.3908294182462, 602.7115844632427)","(213.898401030754, 674.3533958099232)","(1089.8545598037956, 247.10806245528937)"
3833.0,"(930.607319037088, 602.5865554868664)","(214.1101093020298, 674.4863604964885)","(1089.9352870047767, 247.13752214301292)"
3834.0,"(930.8238086559298, 602.46152651049)","(214.3218175733056, 674.6193251830538)","(1090.0156105697529, 247.16683453229786)"
3835.0,"(931.0402982747717, 602.3364975341136)","(214.5335258445814, 674.7522898696191)","(1090.095532516904, 247.19600035963637)"
3836.0,"(931.2567878936135, 602.2114685577372)","(214.7452341158572, 674.8852545561843)","(1090.1750548543196, 247.2250203578382)"
3837.0,"(931.4732775124553, 602.0864395813609)","(214.95694238713298, 675.0182192427496)","(1090.254179580048, 247.253895256049)"
3838.0,"(931.6897671312971, 601.9614106049845)","(215.16865065840878, 675.1511839293149)","(1090.3329086821477, 247.28262577976875)"
3839.0,"(931.9062567501389, 601.8363816286081)","(215.38035892968458, 675.2841486158802)","(1090.411244138737, 247.31121265086992)"
3840.0,"(932.1227463689808, 601.7113526522318)","(215.59206720096037, 675.4171133024455)","(1090.4891879180432, 247.33965658761556)"
3841.0,"(932.3392359878226, 601.5863236758554)","(215.80377547223617, 675.5500779890108)","(1090.566741978453, 247.3679583046775)"
3842.0,"(932.5557256066644, 601.461294699479)","(216.01548374351196, 675.6830426755761)","(1090.6439082685606, 247.3961185131541)"
3843.0,"(932.7722152255062, 601.3362657231027)","(216.22719201478776, 675.8160073621414)","(1090.7206887272177, 247.42413792058835)"
3844.0,"(932.988704844348, 601.2112367467263)","(216.43890028606356, 675.9489720487067)","(1090.7970852835817, 247.4520172309854)"
3845.0,"(933.2051944631899, 601.0862077703499)","(216.65060855733935, 676.0819367352719)","(1090.8730998571639, 247.47975714483047)"
3846.0,"(933.4216840820317, 600.9611787939735)","(216.86231682861515, 676.2149014218372)","(1090.948734357878, 247.50735835910632)"
3847.0,"(933.6381737008735, 600.8361498175972)","(217.07402509989095, 676.3478661084025)","(1091.0239906860886, 247.5348215673108)"
3848.0,"(933.8546633197153, 600.7111208412208)","(217.28573337116674, 676.4808307949678)","(1091.0988707326583, 247.56214745947423)"
3849.0,"(934.0711529385571, 600.5860918648444)","(217.49744164244254, 676.6137954815331)","(1091.173376378995, 247.58933672217685)"
3850.0,"(934.287642557399, 600.4610628884681)","(217.70914991371833, 676.7467601680984)","(1091.2475094971, 247.61639003856598)"
3851.0,"(934.5041321762408, 600.3360339120917)","(217.92085818499413, 676.8797248546637)","(1091.3212719496146, 247.64330808837315)"
3852.0,"(934.7206217950826, 600.2110049357153)","(218.13256645626993, 677.012689541229)","(1091.3946655898665, 247.6700915479313)"
3853.0,"(934.9371114139244, 600.085975959339)","(218.34427472754572, 677.1456542277942)","(1091.4676922619171, 247.69674109019164)"
3854.0,"(935.1536010327662, 599.9609469829626)","(218.55598299882152, 677.2786189143595)","(1091.5403538006076, 247.7232573847407)"
3855.0,"(935.370090651608, 599.8359180065862)","(218.76769127009732, 677.4115836009248)","(1091.6126520316045, 247.74964109781698)"
3856.0,"(935.5865802704499, 599.7108890302098)","(218.9793995413731, 677.5445482874901)","(1091.6845887714464, 247.7758928923279)"
3857.0,"(935.8030698892917, 599.5858600538335)","(219.1911078126489, 677.6775129740554)","(1091.7561658275893, 247.80201342786626)"
3858.0,"(936.0195595081335, 599.4608310774571)","(219.4028160839247, 677.8104776606207)","(1091.8273849984514, 247.82800336072694)"
3859.0,"(936.2360491269753, 599.3358021010807)","(219.6145243552005, 677.943442347186)","(1091.8982480734592, 247.8538633439233)"
3860.0,"(936.4525387458172, 599.2107731247044)","(219.8262326264763, 678.0764070337513)","(1091.968756833092, 247.8795940272037)"
3861.0,"(936.669028364659, 599.085744148328)","(220.0379408977521, 678.2093717203165)","(1092.0389130489264, 247.90519605706768)"
3862.0,"(936.8855179835008, 598.9607151719516)","(220.2496491690279, 678.3423364068818)","(1092.1087184836817, 247.93067007678235)"
3863.0,"(937.1020076023426, 598.8356861955752)","(220.4613574403037, 678.4753010934471)","(1092.1781748912633, 247.95601672639845)"
3864.0,"(937.3184972211844, 598.7106572191989)","(220.67306571157948, 678.6082657800124)","(1092.247284016807, 247.98123664276645)"
3865.0,"(937.5349868400262, 598.5856282428225)","(220.88477398285528, 678.7412304665777)","(1092.316047596723, 248.00633045955263)"
3866.0,"(937.7514764588681, 598.4605992664461)","(221.09648225413108, 678.874195153143)","(1092.3844673587394, 248.03129880725487)"
3867.0,"(937.9679660777099, 598.3355702900698)","(221.30819052540687, 679.0071598397083)","(1092.4525450219458, 248.0561423132186)"
3868.0,"(938.1844556965517, 598.2105413136934)","(221.51989879668267, 679.1401245262736)","(1092.520282296836, 248.08086160165251)"
3869.0,"(938.4009453153935, 598.085512337317)","(221.73160706795846, 679.2730892128388)","(1092.5876808853518, 248.10545729364426)"
3870.0,"(938.6174349342353, 597.9604833609407)","(221.94331533923426, 679.4060538994041)","(1092.654742480925, 248.12993000717603)"
3871.0,"(938.8339245530772, 597.8354543845643)","(222.15502361051006, 679.5390185859694)","(1092.7214687685205, 248.15428035714015)"
3872.0,"(939.050414171919, 597.7104254081879)","(222.36673188178585, 679.6719832725347)","(1092.7878614246779, 248.17850895535446)"
3873.0,"(939.2669037907608, 597.5853964318115)","(222.57844015306165, 679.8049479591)","(1092.8539221175545, 248.2026164105777)"
3874.0,"(939.4833934096026, 597.4603674554352)","(222.79014842433745, 679.9379126456653)","(1092.9196525069667, 248.2266033285248)"
3875.0,"(939.6998830284444, 597.3353384790588)","(223.00185669561324, 680.0708773322306)","(1092.985054244432, 248.25047031188217)"
3876.0,"(939.9163726472863, 597.2103095026824)","(223.21356496688904, 680.2038420187959)","(1093.0501289732097, 248.27421796032274)"
3877.0,"(940.1328622661281, 597.0852805263061)","(223.42527323816483, 680.3368067053611)","(1093.1148783283436, 248.29784687052114)"
3878.0,"(940.3493518849699, 596.9602515499297)","(223.63698150944063, 680.4697713919264)","(1093.179303936702, 248.32135763616853)"
3879.0,"(940.5658415038117, 596.8352225735533)","(223.84868978071643, 680.6027360784917)","(1093.2434074170185, 248.34475084798768)"
3880.0,"(940.7823311226535, 596.710193597177)","(224.06039805199222, 680.735700765057)","(1093.3071903799334, 248.36802709374774)"
3881.0,"(940.9988207414954, 596.5851646208006)","(224.27210632326802, 680.8686654516223)","(1093.3706544280337, 248.391186958279)"
3882.0,"(941.2153103603372, 596.4601356444242)","(224.48381459454382, 681.0016301381876)","(1093.4338011558937, 248.41423102348762)"
3883.0,"(941.431799979179, 596.3351066680478)","(224.6955228658196, 681.1345948247529)","(1093.4966321501142, 248.43715986837017)"
3884.0,"(941.6482895980208, 596.2100776916715)","(224.9072311370954, 681.2675595113182)","(1093.5591489893636, 248.45997406902833)"
3885.0,"(941.8647792168626, 596.0850487152951)","(225.1189394083712, 681.4005241978834)","(1093.6213532444167, 248.48267419868318)"
3886.0,"(942.0812688357045, 595.9600197389187)","(225.330647679647, 681.5334888844487)","(1093.6832464781946, 248.50526082768977)"
3887.0,"(942.2977584545463, 595.8349907625424)","(225.5423559509228, 681.666453571014)","(1093.7448302458038, 248.52773452355132)"
3888.0,"(942.5142480733881, 595.709961786166)","(225.7540642221986, 681.7994182575793)","(1093.8061060945747, 248.55009585093356)"
3889.0,"(942.7307376922299, 595.5849328097896)","(225.9657724934744, 681.9323829441446)","(1093.867075564102, 248.5723453716789)"
3890.0,"(942.9472273110717, 595.4599038334133)","(226.1774807647502, 682.0653476307099)","(1093.9277401862814, 248.59448364482049)"
3891.0,"(943.1637169299136, 595.3348748570369)","(226.38918903602598, 682.1983123172752)","(1093.98810148535, 248.61651122659637)"
3892.0,"(943.3802065487554, 595.2098458806605)","(226.60089730730178, 682.3312770038405)","(1094.048160977923, 248.63842867046338)"
3893.0,"(943.5966961675972, 595.0848169042841)","(226.81260557857757, 682.4642416904057)","(1094.1079201730336, 248.66023652711107)"
3894.0,"(943.813185786439, 594.9597879279078)","(227.02431384985337, 682.597206376971)","(1094.1673805721684, 248.6819353444755)"
3895.0,"(944.0296754052808, 594.8347589515314)","(227.23602212112917, 682.7301710635363)","(1094.2265436693076, 248.70352566775313)"
3896.0,"(944.2461650241227, 594.709729975155)","(227.44773039240496, 682.8631357501016)","(1094.285410950961, 248.72500803941435)"
3897.0,"(944.4626546429645, 594.5847009987787)","(227.65943866368076, 682.9961004366669)","(1094.3439838962063, 248.74638299921727)"
3898.0,"(944.6791442618063, 594.4596720224023)","(227.87114693495656, 683.1290651232322)","(1094.4022639767252, 248.7676510842212)"
3899.0,"(944.8956338806481, 594.3346430460259)","(228.08285520623235, 683.2620298097975)","(1094.4602526568415, 248.7888128288001)"
3900.0,"(945.1121234994899, 594.2096140696495)","(228.29456347750815, 683.3949944963628)","(1094.5179513935573, 248.8098687646561)"
3901.0,"(945.3286131183318, 594.0845850932732)","(228.50627174878394, 683.527959182928)","(1094.5753616365894, 248.83081942083282)"
3902.0,"(945.5451027371736, 593.9595561168968)","(228.71798002005974, 683.6609238694933)","(1094.6324848284064, 248.85166532372867)"
3903.0,"(945.7615923560154, 593.8345271405204)","(228.92968829133554, 683.7938885560586)","(1094.6893224042644, 248.87240699711003)"
3904.0,"(945.9780819748572, 593.7094981641441)","(229.14139656261133, 683.9268532426239)","(1094.7458757922432, 248.8930449621245)"
3905.0,"(946.194571593699, 593.5844691877677)","(229.35310483388713, 684.0598179291892)","(1094.802146413282, 248.91357973731388)"
3906.0,"(946.4110612125409, 593.4594402113913)","(229.56481310516293, 684.1927826157545)","(1094.8581356812156, 248.9340118386273)"
3907.0,"(946.6275508313827, 593.334411235015)","(229.77652137643872, 684.3257473023198)","(1094.9138450028095, 248.95434177943417)"
3908.0,"(946.8440404502245, 593.2093822586386)","(229.98822964771452, 684.458711988885)","(1094.9692757777955, 248.974570070537)"
3909.0,"(947.0605300690663, 593.0843532822622)","(230.19993791899032, 684.5916766754503)","(1095.0244293989065, 248.99469722018432)"
3910.0,"(947.2770196879081, 592.9593243058858)","(230.4116461902661, 684.7246413620156)","(1095.079307251912, 249.0147237340834)"
3911.0,"(947.49350930675, 592.8342953295095)","(230.6233544615419, 684.8576060485809)","(1095.1339107156525, 249.03465011541297)"
3912.0,"(947.7099989255918, 592.7092663531331)","(230.8350627328177, 684.9905707351462)","(1095.1882411620743, 249.05447686483592)"
3913.0,"(947.9264885444336, 592.5842373767567)","(231.0467710040935, 685.1235354217115)","(1095.2422999562639, 249.07420448051175)"
3914.0,"(948.1429781632754, 592.4592084003804)","(231.2584792753693, 685.2565001082768)","(1095.2960884564825, 249.0938334581092)"
3915.0,"(948.3594677821172, 592.334179424004)","(231.4701875466451, 685.3894647948421)","(1095.3496080142002, 249.11336429081865)"
3916.0,"(948.575957400959, 592.2091504476276)","(231.6818958179209, 685.5224294814074)","(1095.4028599741291, 249.13279746936456)"
3917.0,"(948.7924470198009, 592.0841214712513)","(231.89360408919669, 685.6553941679726)","(1095.4558456742584, 249.15213348201775)"
3918.0,"(949.0089366386427, 591.9590924948749)","(232.10531236047248, 685.7883588545379)","(1095.508566445887, 249.17137281460765)"
3919.0,"(949.2254262574845, 591.8340635184985)","(232.31702063174828, 685.9213235411032)","(1095.5610236136577, 249.1905159505346)"
3920.0,"(949.4419158763263, 591.7090345421221)","(232.52872890302407, 686.0542882276685)","(1095.6132184955893, 249.20956337078192)"
3921.0,"(949.6584054951682, 591.5840055657458)","(232.74043717429987, 686.1872529142338)","(1095.6651524031113, 249.22851555392802)"
3922.0,"(949.87489511401, 591.4589765893694)","(232.95214544557567, 686.3202176007991)","(1095.7168266410956, 249.24737297615837)"
3923.0,"(950.0913847328518, 591.333947612993)","(233.16385371685146, 686.4531822873644)","(1095.7682425078901, 249.26613611127758)"
3924.0,"(950.3078743516936, 591.2089186366167)","(233.37556198812726, 686.5861469739297)","(1095.8194012953506, 249.28480543072118)"
3925.0,"(950.5243639705354, 591.0838896602403)","(233.58727025940306, 686.719111660495)","(1095.870304288874, 249.30338140356758)"
3926.0,"(950.7408535893773, 590.9588606838639)","(233.79897853067885, 686.8520763470602)","(1095.9209527674295, 249.32186449654975)"
3927.0,"(950.9573432082191, 590.8338317074875)","(234.01068680195465, 686.9850410336255)","(1095.9713480035923, 249.340255174067)"
3928.0,"(951.1738328270609, 590.7088027311112)","(234.22239507323044, 687.1180057201908)","(1096.0214912635743, 249.35855389819667)"
3929.0,"(951.3903224459027, 590.5837737547348)","(234.43410334450624, 687.2509704067561)","(1096.0713838072563, 249.37676112870568)"
3930.0,"(951.6068120647445, 590.4587447783584)","(234.64581161578204, 687.3839350933214)","(1096.12102688822, 249.39487732306216)"
3931.0,"(951.8233016835864, 590.3337158019821)","(234.85751988705783, 687.5168997798867)","(1096.170421753779, 249.41290293644684)"
3932.0,"(952.0397913024282, 590.2086868256057)","(235.06922815833363, 687.649864466452)","(1096.21956964501, 249.4308384217646)"
3933.0,"(952.25628092127, 590.0836578492293)","(235.28093642960943, 687.7828291530172)","(1096.268471796785, 249.44868422965578)"
3934.0,"(952.4727705401118, 589.958628872853)","(235.49264470088522, 687.9157938395825)","(1096.317129437801, 249.4664408085075)"
3935.0,"(952.6892601589536, 589.8335998964766)","(235.70435297216102, 688.0487585261478)","(1096.365543790612, 249.48410860446498)"
3936.0,"(952.9057497777954, 589.7085709201002)","(235.91606124343681, 688.1817232127131)","(1096.4137160716589, 249.50168806144265)"
3937.0,"(953.1222393966373, 589.5835419437238)","(236.1277695147126, 688.3146878992784)","(1096.4616474913005, 249.51917962113544)"
3938.0,"(953.3387290154791, 589.4585129673475)","(236.3394777859884, 688.4476525858437)","(1096.509339253844, 249.53658372302976)"
